[0.012s] Invoking command in '/home/intel/repo/d021rs-yolov5-ros2-subscription-node-limitationuk/build/ros_robot_controller_msgs': CMAKE_PREFIX_PATH=${CMAKE_PREFIX_PATH}:/home/intel/repo/d021rs-yolov5-ros2-limitationuk/ros2_ws/install/yolov5_ros2:/home/intel/repo/d021rs-yolov5-ros2-limitationuk/ros2_ws/install/slam:/home/intel/repo/d021rs-yolov5-ros2-limitationuk/ros2_ws/install/sdk:/home/intel/repo/d021rs-yolov5-ros2-limitationuk/ros2_ws/install/ros_robot_controller:/home/intel/repo/d021rs-yolov5-ros2-limitationuk/ros2_ws/install/peripherals:/home/intel/repo/d021rs-yolov5-ros2-limitationuk/ros2_ws/install/navigation:/home/intel/repo/d021rs-yolov5-ros2-limitationuk/ros2_ws/install/multi:/home/intel/repo/d021rs-yolov5-ros2-limitationuk/ros2_ws/install/mentorpi_description:/home/intel/repo/d021rs-yolov5-ros2-limitationuk/ros2_ws/install/example:/home/intel/repo/d021rs-yolov5-ros2-limitationuk/ros2_ws/install/controller:/home/intel/repo/d021rs-yolov5-ros2-limitationuk/ros2_ws/install/calibration:/home/intel/repo/d021rs-yolov5-ros2-limitationuk/ros2_ws/install/bringup:/home/intel/repo/d021rs-yolov5-ros2-limitationuk/ros2_ws/install/app:/opt/ros/jazzy DEBUGINFOD_URLS=https://debuginfod.ubuntu.com VIRTUAL_ENV_PROMPT=(.venv) /usr/bin/cmake --build /home/intel/repo/d021rs-yolov5-ros2-subscription-node-limitationuk/build/ros_robot_controller_msgs -- -j10 -l10
[0.379s] [  1%] Built target ros_robot_controller_msgs__rosidl_generator_type_description
[0.379s] [  1%] Built target ament_cmake_python_symlink_ros_robot_controller_msgs
[0.379s] [ 29%] Built target ros_robot_controller_msgs__rosidl_generator_c
[0.420s] running egg_info
[0.435s] writing ros_robot_controller_msgs.egg-info/PKG-INFO
[0.435s] writing dependency_links to ros_robot_controller_msgs.egg-info/dependency_links.txt
[0.435s] writing top-level names to ros_robot_controller_msgs.egg-info/top_level.txt
[0.459s] reading manifest file 'ros_robot_controller_msgs.egg-info/SOURCES.txt'
[0.459s] writing manifest file 'ros_robot_controller_msgs.egg-info/SOURCES.txt'
[0.475s] [ 29%] Built target ament_cmake_python_build_ros_robot_controller_msgs_egg
[0.494s] [ 39%] Built target ros_robot_controller_msgs__rosidl_typesupport_c
[0.516s] [ 49%] Built target ros_robot_controller_msgs__rosidl_typesupport_introspection_c
[0.541s] [ 59%] Built target ros_robot_controller_msgs__rosidl_typesupport_fastrtps_c
[0.553s] [ 59%] Built target ros_robot_controller_msgs__cpp
[0.575s] [ 68%] Built target ros_robot_controller_msgs__rosidl_typesupport_cpp
[0.598s] [ 78%] Built target ros_robot_controller_msgs__rosidl_typesupport_introspection_cpp
[0.625s] [ 88%] Built target ros_robot_controller_msgs__rosidl_typesupport_fastrtps_cpp
[0.635s] [ 88%] Built target ros_robot_controller_msgs
[0.648s] [ 88%] Built target ros_robot_controller_msgs__py
[0.673s] [ 97%] Built target ros_robot_controller_msgs__rosidl_generator_py
[0.687s] [ 98%] Built target ros_robot_controller_msgs_s__rosidl_typesupport_fastrtps_c
[0.700s] [ 99%] Built target ros_robot_controller_msgs_s__rosidl_typesupport_c
[0.713s] [100%] Built target ros_robot_controller_msgs_s__rosidl_typesupport_introspection_c
[0.816s] Invoked command in '/home/intel/repo/d021rs-yolov5-ros2-subscription-node-limitationuk/build/ros_robot_controller_msgs' returned '0': CMAKE_PREFIX_PATH=${CMAKE_PREFIX_PATH}:/home/intel/repo/d021rs-yolov5-ros2-limitationuk/ros2_ws/install/yolov5_ros2:/home/intel/repo/d021rs-yolov5-ros2-limitationuk/ros2_ws/install/slam:/home/intel/repo/d021rs-yolov5-ros2-limitationuk/ros2_ws/install/sdk:/home/intel/repo/d021rs-yolov5-ros2-limitationuk/ros2_ws/install/ros_robot_controller:/home/intel/repo/d021rs-yolov5-ros2-limitationuk/ros2_ws/install/peripherals:/home/intel/repo/d021rs-yolov5-ros2-limitationuk/ros2_ws/install/navigation:/home/intel/repo/d021rs-yolov5-ros2-limitationuk/ros2_ws/install/multi:/home/intel/repo/d021rs-yolov5-ros2-limitationuk/ros2_ws/install/mentorpi_description:/home/intel/repo/d021rs-yolov5-ros2-limitationuk/ros2_ws/install/example:/home/intel/repo/d021rs-yolov5-ros2-limitationuk/ros2_ws/install/controller:/home/intel/repo/d021rs-yolov5-ros2-limitationuk/ros2_ws/install/calibration:/home/intel/repo/d021rs-yolov5-ros2-limitationuk/ros2_ws/install/bringup:/home/intel/repo/d021rs-yolov5-ros2-limitationuk/ros2_ws/install/app:/opt/ros/jazzy DEBUGINFOD_URLS=https://debuginfod.ubuntu.com VIRTUAL_ENV_PROMPT=(.venv) /usr/bin/cmake --build /home/intel/repo/d021rs-yolov5-ros2-subscription-node-limitationuk/build/ros_robot_controller_msgs -- -j10 -l10
[0.816s] Invoking command in '/home/intel/repo/d021rs-yolov5-ros2-subscription-node-limitationuk/build/ros_robot_controller_msgs': CMAKE_PREFIX_PATH=${CMAKE_PREFIX_PATH}:/home/intel/repo/d021rs-yolov5-ros2-limitationuk/ros2_ws/install/yolov5_ros2:/home/intel/repo/d021rs-yolov5-ros2-limitationuk/ros2_ws/install/slam:/home/intel/repo/d021rs-yolov5-ros2-limitationuk/ros2_ws/install/sdk:/home/intel/repo/d021rs-yolov5-ros2-limitationuk/ros2_ws/install/ros_robot_controller:/home/intel/repo/d021rs-yolov5-ros2-limitationuk/ros2_ws/install/peripherals:/home/intel/repo/d021rs-yolov5-ros2-limitationuk/ros2_ws/install/navigation:/home/intel/repo/d021rs-yolov5-ros2-limitationuk/ros2_ws/install/multi:/home/intel/repo/d021rs-yolov5-ros2-limitationuk/ros2_ws/install/mentorpi_description:/home/intel/repo/d021rs-yolov5-ros2-limitationuk/ros2_ws/install/example:/home/intel/repo/d021rs-yolov5-ros2-limitationuk/ros2_ws/install/controller:/home/intel/repo/d021rs-yolov5-ros2-limitationuk/ros2_ws/install/calibration:/home/intel/repo/d021rs-yolov5-ros2-limitationuk/ros2_ws/install/bringup:/home/intel/repo/d021rs-yolov5-ros2-limitationuk/ros2_ws/install/app:/opt/ros/jazzy DEBUGINFOD_URLS=https://debuginfod.ubuntu.com VIRTUAL_ENV_PROMPT=(.venv) /usr/bin/cmake --install /home/intel/repo/d021rs-yolov5-ros2-subscription-node-limitationuk/build/ros_robot_controller_msgs
[0.823s] -- Install configuration: ""
[0.823s] -- Execute custom install script
[0.823s] -- Up-to-date symlink: /home/intel/repo/d021rs-yolov5-ros2-subscription-node-limitationuk/install/ros_robot_controller_msgs/share/ament_index/resource_index/rosidl_interfaces/ros_robot_controller_msgs
[0.823s] -- Up-to-date symlink: /home/intel/repo/d021rs-yolov5-ros2-subscription-node-limitationuk/install/ros_robot_controller_msgs/share/ros_robot_controller_msgs/msg/BusServoState.json
[0.823s] -- Up-to-date symlink: /home/intel/repo/d021rs-yolov5-ros2-subscription-node-limitationuk/install/ros_robot_controller_msgs/share/ros_robot_controller_msgs/msg/ButtonState.json
[0.823s] -- Up-to-date symlink: /home/intel/repo/d021rs-yolov5-ros2-subscription-node-limitationuk/install/ros_robot_controller_msgs/share/ros_robot_controller_msgs/msg/BuzzerState.json
[0.823s] -- Up-to-date symlink: /home/intel/repo/d021rs-yolov5-ros2-subscription-node-limitationuk/install/ros_robot_controller_msgs/share/ros_robot_controller_msgs/msg/LedState.json
[0.823s] -- Up-to-date symlink: /home/intel/repo/d021rs-yolov5-ros2-subscription-node-limitationuk/install/ros_robot_controller_msgs/share/ros_robot_controller_msgs/msg/MotorState.json
[0.823s] -- Up-to-date symlink: /home/intel/repo/d021rs-yolov5-ros2-subscription-node-limitationuk/install/ros_robot_controller_msgs/share/ros_robot_controller_msgs/msg/MotorsState.json
[0.823s] -- Up-to-date symlink: /home/intel/repo/d021rs-yolov5-ros2-subscription-node-limitationuk/install/ros_robot_controller_msgs/share/ros_robot_controller_msgs/msg/PWMServoState.json
[0.823s] -- Up-to-date symlink: /home/intel/repo/d021rs-yolov5-ros2-subscription-node-limitationuk/install/ros_robot_controller_msgs/share/ros_robot_controller_msgs/msg/Sbus.json
[0.823s] -- Up-to-date symlink: /home/intel/repo/d021rs-yolov5-ros2-subscription-node-limitationuk/install/ros_robot_controller_msgs/share/ros_robot_controller_msgs/msg/OLEDState.json
[0.823s] -- Up-to-date symlink: /home/intel/repo/d021rs-yolov5-ros2-subscription-node-limitationuk/install/ros_robot_controller_msgs/share/ros_robot_controller_msgs/msg/SetBusServoState.json
[0.823s] -- Up-to-date symlink: /home/intel/repo/d021rs-yolov5-ros2-subscription-node-limitationuk/install/ros_robot_controller_msgs/share/ros_robot_controller_msgs/msg/RGBStates.json
[0.823s] -- Up-to-date symlink: /home/intel/repo/d021rs-yolov5-ros2-subscription-node-limitationuk/install/ros_robot_controller_msgs/share/ros_robot_controller_msgs/msg/RGBState.json
[0.823s] -- Up-to-date symlink: /home/intel/repo/d021rs-yolov5-ros2-subscription-node-limitationuk/install/ros_robot_controller_msgs/share/ros_robot_controller_msgs/msg/ServoPosition.json
[0.823s] -- Up-to-date symlink: /home/intel/repo/d021rs-yolov5-ros2-subscription-node-limitationuk/install/ros_robot_controller_msgs/share/ros_robot_controller_msgs/msg/ServosPosition.json
[0.823s] -- Up-to-date symlink: /home/intel/repo/d021rs-yolov5-ros2-subscription-node-limitationuk/install/ros_robot_controller_msgs/share/ros_robot_controller_msgs/msg/SetPWMServoState.json
[0.823s] -- Up-to-date symlink: /home/intel/repo/d021rs-yolov5-ros2-subscription-node-limitationuk/install/ros_robot_controller_msgs/share/ros_robot_controller_msgs/msg/GetBusServoCmd.json
[0.823s] -- Up-to-date symlink: /home/intel/repo/d021rs-yolov5-ros2-subscription-node-limitationuk/install/ros_robot_controller_msgs/share/ros_robot_controller_msgs/msg/GetPWMServoCmd.json
[0.823s] -- Up-to-date symlink: /home/intel/repo/d021rs-yolov5-ros2-subscription-node-limitationuk/install/ros_robot_controller_msgs/share/ros_robot_controller_msgs/srv/GetBusServoState.json
[0.824s] -- Up-to-date symlink: /home/intel/repo/d021rs-yolov5-ros2-subscription-node-limitationuk/install/ros_robot_controller_msgs/share/ros_robot_controller_msgs/srv/GetPWMServoState.json
[0.824s] -- Up-to-date symlink: /home/intel/repo/d021rs-yolov5-ros2-subscription-node-limitationuk/install/ros_robot_controller_msgs/include/ros_robot_controller_msgs/ros_robot_controller_msgs/msg/bus_servo_state.h
[0.824s] -- Up-to-date symlink: /home/intel/repo/d021rs-yolov5-ros2-subscription-node-limitationuk/install/ros_robot_controller_msgs/include/ros_robot_controller_msgs/ros_robot_controller_msgs/msg/button_state.h
[0.824s] -- Up-to-date symlink: /home/intel/repo/d021rs-yolov5-ros2-subscription-node-limitationuk/install/ros_robot_controller_msgs/include/ros_robot_controller_msgs/ros_robot_controller_msgs/msg/buzzer_state.h
[0.826s] -- Up-to-date symlink: /home/intel/repo/d021rs-yolov5-ros2-subscription-node-limitationuk/install/ros_robot_controller_msgs/include/ros_robot_controller_msgs/ros_robot_controller_msgs/msg/detail/bus_servo_state__functions.h
[0.826s] -- Up-to-date symlink: /home/intel/repo/d021rs-yolov5-ros2-subscription-node-limitationuk/install/ros_robot_controller_msgs/include/ros_robot_controller_msgs/ros_robot_controller_msgs/msg/detail/bus_servo_state__struct.h
[0.826s] -- Up-to-date symlink: /home/intel/repo/d021rs-yolov5-ros2-subscription-node-limitationuk/install/ros_robot_controller_msgs/include/ros_robot_controller_msgs/ros_robot_controller_msgs/msg/detail/bus_servo_state__type_support.h
[0.826s] -- Up-to-date symlink: /home/intel/repo/d021rs-yolov5-ros2-subscription-node-limitationuk/install/ros_robot_controller_msgs/include/ros_robot_controller_msgs/ros_robot_controller_msgs/msg/detail/button_state__functions.h
[0.826s] -- Up-to-date symlink: /home/intel/repo/d021rs-yolov5-ros2-subscription-node-limitationuk/install/ros_robot_controller_msgs/include/ros_robot_controller_msgs/ros_robot_controller_msgs/msg/detail/button_state__struct.h
[0.826s] -- Up-to-date symlink: /home/intel/repo/d021rs-yolov5-ros2-subscription-node-limitationuk/install/ros_robot_controller_msgs/include/ros_robot_controller_msgs/ros_robot_controller_msgs/msg/detail/button_state__type_support.h
[0.826s] -- Up-to-date symlink: /home/intel/repo/d021rs-yolov5-ros2-subscription-node-limitationuk/install/ros_robot_controller_msgs/include/ros_robot_controller_msgs/ros_robot_controller_msgs/msg/detail/buzzer_state__functions.h
[0.827s] -- Up-to-date symlink: /home/intel/repo/d021rs-yolov5-ros2-subscription-node-limitationuk/install/ros_robot_controller_msgs/include/ros_robot_controller_msgs/ros_robot_controller_msgs/msg/detail/buzzer_state__struct.h
[0.827s] -- Up-to-date symlink: /home/intel/repo/d021rs-yolov5-ros2-subscription-node-limitationuk/install/ros_robot_controller_msgs/include/ros_robot_controller_msgs/ros_robot_controller_msgs/msg/detail/buzzer_state__type_support.h
[0.827s] -- Up-to-date symlink: /home/intel/repo/d021rs-yolov5-ros2-subscription-node-limitationuk/install/ros_robot_controller_msgs/include/ros_robot_controller_msgs/ros_robot_controller_msgs/msg/detail/get_bus_servo_cmd__functions.h
[0.827s] -- Up-to-date symlink: /home/intel/repo/d021rs-yolov5-ros2-subscription-node-limitationuk/install/ros_robot_controller_msgs/include/ros_robot_controller_msgs/ros_robot_controller_msgs/msg/detail/get_bus_servo_cmd__struct.h
[0.827s] -- Up-to-date symlink: /home/intel/repo/d021rs-yolov5-ros2-subscription-node-limitationuk/install/ros_robot_controller_msgs/include/ros_robot_controller_msgs/ros_robot_controller_msgs/msg/detail/get_bus_servo_cmd__type_support.h
[0.827s] -- Up-to-date symlink: /home/intel/repo/d021rs-yolov5-ros2-subscription-node-limitationuk/install/ros_robot_controller_msgs/include/ros_robot_controller_msgs/ros_robot_controller_msgs/msg/detail/get_pwm_servo_cmd__functions.h
[0.827s] -- Up-to-date symlink: /home/intel/repo/d021rs-yolov5-ros2-subscription-node-limitationuk/install/ros_robot_controller_msgs/include/ros_robot_controller_msgs/ros_robot_controller_msgs/msg/detail/get_pwm_servo_cmd__struct.h
[0.827s] -- Up-to-date symlink: /home/intel/repo/d021rs-yolov5-ros2-subscription-node-limitationuk/install/ros_robot_controller_msgs/include/ros_robot_controller_msgs/ros_robot_controller_msgs/msg/detail/get_pwm_servo_cmd__type_support.h
[0.827s] -- Up-to-date symlink: /home/intel/repo/d021rs-yolov5-ros2-subscription-node-limitationuk/install/ros_robot_controller_msgs/include/ros_robot_controller_msgs/ros_robot_controller_msgs/msg/detail/led_state__functions.h
[0.827s] -- Up-to-date symlink: /home/intel/repo/d021rs-yolov5-ros2-subscription-node-limitationuk/install/ros_robot_controller_msgs/include/ros_robot_controller_msgs/ros_robot_controller_msgs/msg/detail/led_state__struct.h
[0.827s] -- Up-to-date symlink: /home/intel/repo/d021rs-yolov5-ros2-subscription-node-limitationuk/install/ros_robot_controller_msgs/include/ros_robot_controller_msgs/ros_robot_controller_msgs/msg/detail/led_state__type_support.h
[0.827s] -- Up-to-date symlink: /home/intel/repo/d021rs-yolov5-ros2-subscription-node-limitationuk/install/ros_robot_controller_msgs/include/ros_robot_controller_msgs/ros_robot_controller_msgs/msg/detail/motor_state__functions.h
[0.827s] -- Up-to-date symlink: /home/intel/repo/d021rs-yolov5-ros2-subscription-node-limitationuk/install/ros_robot_controller_msgs/include/ros_robot_controller_msgs/ros_robot_controller_msgs/msg/detail/motor_state__struct.h
[0.827s] -- Up-to-date symlink: /home/intel/repo/d021rs-yolov5-ros2-subscription-node-limitationuk/install/ros_robot_controller_msgs/include/ros_robot_controller_msgs/ros_robot_controller_msgs/msg/detail/motor_state__type_support.h
[0.827s] -- Up-to-date symlink: /home/intel/repo/d021rs-yolov5-ros2-subscription-node-limitationuk/install/ros_robot_controller_msgs/include/ros_robot_controller_msgs/ros_robot_controller_msgs/msg/detail/motors_state__functions.h
[0.827s] -- Up-to-date symlink: /home/intel/repo/d021rs-yolov5-ros2-subscription-node-limitationuk/install/ros_robot_controller_msgs/include/ros_robot_controller_msgs/ros_robot_controller_msgs/msg/detail/motors_state__struct.h
[0.827s] -- Up-to-date symlink: /home/intel/repo/d021rs-yolov5-ros2-subscription-node-limitationuk/install/ros_robot_controller_msgs/include/ros_robot_controller_msgs/ros_robot_controller_msgs/msg/detail/motors_state__type_support.h
[0.827s] -- Up-to-date symlink: /home/intel/repo/d021rs-yolov5-ros2-subscription-node-limitationuk/install/ros_robot_controller_msgs/include/ros_robot_controller_msgs/ros_robot_controller_msgs/msg/detail/oled_state__functions.h
[0.827s] -- Up-to-date symlink: /home/intel/repo/d021rs-yolov5-ros2-subscription-node-limitationuk/install/ros_robot_controller_msgs/include/ros_robot_controller_msgs/ros_robot_controller_msgs/msg/detail/oled_state__struct.h
[0.827s] -- Up-to-date symlink: /home/intel/repo/d021rs-yolov5-ros2-subscription-node-limitationuk/install/ros_robot_controller_msgs/include/ros_robot_controller_msgs/ros_robot_controller_msgs/msg/detail/oled_state__type_support.h
[0.828s] -- Up-to-date symlink: /home/intel/repo/d021rs-yolov5-ros2-subscription-node-limitationuk/install/ros_robot_controller_msgs/include/ros_robot_controller_msgs/ros_robot_controller_msgs/msg/detail/pwm_servo_state__functions.h
[0.828s] -- Up-to-date symlink: /home/intel/repo/d021rs-yolov5-ros2-subscription-node-limitationuk/install/ros_robot_controller_msgs/include/ros_robot_controller_msgs/ros_robot_controller_msgs/msg/detail/pwm_servo_state__struct.h
[0.828s] -- Up-to-date symlink: /home/intel/repo/d021rs-yolov5-ros2-subscription-node-limitationuk/install/ros_robot_controller_msgs/include/ros_robot_controller_msgs/ros_robot_controller_msgs/msg/detail/pwm_servo_state__type_support.h
[0.828s] -- Up-to-date symlink: /home/intel/repo/d021rs-yolov5-ros2-subscription-node-limitationuk/install/ros_robot_controller_msgs/include/ros_robot_controller_msgs/ros_robot_controller_msgs/msg/detail/rgb_state__functions.h
[0.828s] -- Up-to-date symlink: /home/intel/repo/d021rs-yolov5-ros2-subscription-node-limitationuk/install/ros_robot_controller_msgs/include/ros_robot_controller_msgs/ros_robot_controller_msgs/msg/detail/rgb_state__struct.h
[0.828s] -- Up-to-date symlink: /home/intel/repo/d021rs-yolov5-ros2-subscription-node-limitationuk/install/ros_robot_controller_msgs/include/ros_robot_controller_msgs/ros_robot_controller_msgs/msg/detail/rgb_state__type_support.h
[0.828s] -- Up-to-date symlink: /home/intel/repo/d021rs-yolov5-ros2-subscription-node-limitationuk/install/ros_robot_controller_msgs/include/ros_robot_controller_msgs/ros_robot_controller_msgs/msg/detail/rgb_states__functions.h
[0.828s] -- Up-to-date symlink: /home/intel/repo/d021rs-yolov5-ros2-subscription-node-limitationuk/install/ros_robot_controller_msgs/include/ros_robot_controller_msgs/ros_robot_controller_msgs/msg/detail/rgb_states__struct.h
[0.828s] -- Up-to-date symlink: /home/intel/repo/d021rs-yolov5-ros2-subscription-node-limitationuk/install/ros_robot_controller_msgs/include/ros_robot_controller_msgs/ros_robot_controller_msgs/msg/detail/rgb_states__type_support.h
[0.828s] -- Up-to-date symlink: /home/intel/repo/d021rs-yolov5-ros2-subscription-node-limitationuk/install/ros_robot_controller_msgs/include/ros_robot_controller_msgs/ros_robot_controller_msgs/msg/detail/sbus__functions.h
[0.828s] -- Up-to-date symlink: /home/intel/repo/d021rs-yolov5-ros2-subscription-node-limitationuk/install/ros_robot_controller_msgs/include/ros_robot_controller_msgs/ros_robot_controller_msgs/msg/detail/sbus__struct.h
[0.828s] -- Up-to-date symlink: /home/intel/repo/d021rs-yolov5-ros2-subscription-node-limitationuk/install/ros_robot_controller_msgs/include/ros_robot_controller_msgs/ros_robot_controller_msgs/msg/detail/sbus__type_support.h
[0.828s] -- Up-to-date symlink: /home/intel/repo/d021rs-yolov5-ros2-subscription-node-limitationuk/install/ros_robot_controller_msgs/include/ros_robot_controller_msgs/ros_robot_controller_msgs/msg/detail/servo_position__functions.h
[0.828s] -- Up-to-date symlink: /home/intel/repo/d021rs-yolov5-ros2-subscription-node-limitationuk/install/ros_robot_controller_msgs/include/ros_robot_controller_msgs/ros_robot_controller_msgs/msg/detail/servo_position__struct.h
[0.828s] -- Up-to-date symlink: /home/intel/repo/d021rs-yolov5-ros2-subscription-node-limitationuk/install/ros_robot_controller_msgs/include/ros_robot_controller_msgs/ros_robot_controller_msgs/msg/detail/servo_position__type_support.h
[0.828s] -- Up-to-date symlink: /home/intel/repo/d021rs-yolov5-ros2-subscription-node-limitationuk/install/ros_robot_controller_msgs/include/ros_robot_controller_msgs/ros_robot_controller_msgs/msg/detail/servos_position__functions.h
[0.828s] -- Up-to-date symlink: /home/intel/repo/d021rs-yolov5-ros2-subscription-node-limitationuk/install/ros_robot_controller_msgs/include/ros_robot_controller_msgs/ros_robot_controller_msgs/msg/detail/servos_position__struct.h
[0.828s] -- Up-to-date symlink: /home/intel/repo/d021rs-yolov5-ros2-subscription-node-limitationuk/install/ros_robot_controller_msgs/include/ros_robot_controller_msgs/ros_robot_controller_msgs/msg/detail/servos_position__type_support.h
[0.829s] -- Up-to-date symlink: /home/intel/repo/d021rs-yolov5-ros2-subscription-node-limitationuk/install/ros_robot_controller_msgs/include/ros_robot_controller_msgs/ros_robot_controller_msgs/msg/detail/set_bus_servo_state__functions.h
[0.829s] -- Up-to-date symlink: /home/intel/repo/d021rs-yolov5-ros2-subscription-node-limitationuk/install/ros_robot_controller_msgs/include/ros_robot_controller_msgs/ros_robot_controller_msgs/msg/detail/set_bus_servo_state__struct.h
[0.829s] -- Up-to-date symlink: /home/intel/repo/d021rs-yolov5-ros2-subscription-node-limitationuk/install/ros_robot_controller_msgs/include/ros_robot_controller_msgs/ros_robot_controller_msgs/msg/detail/set_bus_servo_state__type_support.h
[0.829s] -- Up-to-date symlink: /home/intel/repo/d021rs-yolov5-ros2-subscription-node-limitationuk/install/ros_robot_controller_msgs/include/ros_robot_controller_msgs/ros_robot_controller_msgs/msg/detail/set_pwm_servo_state__functions.h
[0.829s] -- Up-to-date symlink: /home/intel/repo/d021rs-yolov5-ros2-subscription-node-limitationuk/install/ros_robot_controller_msgs/include/ros_robot_controller_msgs/ros_robot_controller_msgs/msg/detail/set_pwm_servo_state__struct.h
[0.829s] -- Up-to-date symlink: /home/intel/repo/d021rs-yolov5-ros2-subscription-node-limitationuk/install/ros_robot_controller_msgs/include/ros_robot_controller_msgs/ros_robot_controller_msgs/msg/detail/set_pwm_servo_state__type_support.h
[0.829s] -- Up-to-date symlink: /home/intel/repo/d021rs-yolov5-ros2-subscription-node-limitationuk/install/ros_robot_controller_msgs/include/ros_robot_controller_msgs/ros_robot_controller_msgs/msg/get_bus_servo_cmd.h
[0.829s] -- Up-to-date symlink: /home/intel/repo/d021rs-yolov5-ros2-subscription-node-limitationuk/install/ros_robot_controller_msgs/include/ros_robot_controller_msgs/ros_robot_controller_msgs/msg/get_pwm_servo_cmd.h
[0.829s] -- Up-to-date symlink: /home/intel/repo/d021rs-yolov5-ros2-subscription-node-limitationuk/install/ros_robot_controller_msgs/include/ros_robot_controller_msgs/ros_robot_controller_msgs/msg/led_state.h
[0.829s] -- Up-to-date symlink: /home/intel/repo/d021rs-yolov5-ros2-subscription-node-limitationuk/install/ros_robot_controller_msgs/include/ros_robot_controller_msgs/ros_robot_controller_msgs/msg/motor_state.h
[0.829s] -- Up-to-date symlink: /home/intel/repo/d021rs-yolov5-ros2-subscription-node-limitationuk/install/ros_robot_controller_msgs/include/ros_robot_controller_msgs/ros_robot_controller_msgs/msg/motors_state.h
[0.829s] -- Up-to-date symlink: /home/intel/repo/d021rs-yolov5-ros2-subscription-node-limitationuk/install/ros_robot_controller_msgs/include/ros_robot_controller_msgs/ros_robot_controller_msgs/msg/oled_state.h
[0.829s] -- Up-to-date symlink: /home/intel/repo/d021rs-yolov5-ros2-subscription-node-limitationuk/install/ros_robot_controller_msgs/include/ros_robot_controller_msgs/ros_robot_controller_msgs/msg/pwm_servo_state.h
[0.829s] -- Up-to-date symlink: /home/intel/repo/d021rs-yolov5-ros2-subscription-node-limitationuk/install/ros_robot_controller_msgs/include/ros_robot_controller_msgs/ros_robot_controller_msgs/msg/rgb_state.h
[0.829s] -- Up-to-date symlink: /home/intel/repo/d021rs-yolov5-ros2-subscription-node-limitationuk/install/ros_robot_controller_msgs/include/ros_robot_controller_msgs/ros_robot_controller_msgs/msg/rgb_states.h
[0.829s] -- Up-to-date symlink: /home/intel/repo/d021rs-yolov5-ros2-subscription-node-limitationuk/install/ros_robot_controller_msgs/include/ros_robot_controller_msgs/ros_robot_controller_msgs/msg/rosidl_generator_c__visibility_control.h
[0.829s] -- Up-to-date symlink: /home/intel/repo/d021rs-yolov5-ros2-subscription-node-limitationuk/install/ros_robot_controller_msgs/include/ros_robot_controller_msgs/ros_robot_controller_msgs/msg/sbus.h
[0.829s] -- Up-to-date symlink: /home/intel/repo/d021rs-yolov5-ros2-subscription-node-limitationuk/install/ros_robot_controller_msgs/include/ros_robot_controller_msgs/ros_robot_controller_msgs/msg/servo_position.h
[0.829s] -- Up-to-date symlink: /home/intel/repo/d021rs-yolov5-ros2-subscription-node-limitationuk/install/ros_robot_controller_msgs/include/ros_robot_controller_msgs/ros_robot_controller_msgs/msg/servos_position.h
[0.829s] -- Up-to-date symlink: /home/intel/repo/d021rs-yolov5-ros2-subscription-node-limitationuk/install/ros_robot_controller_msgs/include/ros_robot_controller_msgs/ros_robot_controller_msgs/msg/set_bus_servo_state.h
[0.829s] -- Up-to-date symlink: /home/intel/repo/d021rs-yolov5-ros2-subscription-node-limitationuk/install/ros_robot_controller_msgs/include/ros_robot_controller_msgs/ros_robot_controller_msgs/msg/set_pwm_servo_state.h
[0.829s] -- Up-to-date symlink: /home/intel/repo/d021rs-yolov5-ros2-subscription-node-limitationuk/install/ros_robot_controller_msgs/include/ros_robot_controller_msgs/ros_robot_controller_msgs/srv/detail/get_bus_servo_state__functions.h
[0.829s] -- Up-to-date symlink: /home/intel/repo/d021rs-yolov5-ros2-subscription-node-limitationuk/install/ros_robot_controller_msgs/include/ros_robot_controller_msgs/ros_robot_controller_msgs/srv/detail/get_bus_servo_state__struct.h
[0.829s] -- Up-to-date symlink: /home/intel/repo/d021rs-yolov5-ros2-subscription-node-limitationuk/install/ros_robot_controller_msgs/include/ros_robot_controller_msgs/ros_robot_controller_msgs/srv/detail/get_bus_servo_state__type_support.h
[0.829s] -- Up-to-date symlink: /home/intel/repo/d021rs-yolov5-ros2-subscription-node-limitationuk/install/ros_robot_controller_msgs/include/ros_robot_controller_msgs/ros_robot_controller_msgs/srv/detail/get_pwm_servo_state__functions.h
[0.829s] -- Up-to-date symlink: /home/intel/repo/d021rs-yolov5-ros2-subscription-node-limitationuk/install/ros_robot_controller_msgs/include/ros_robot_controller_msgs/ros_robot_controller_msgs/srv/detail/get_pwm_servo_state__struct.h
[0.829s] -- Up-to-date symlink: /home/intel/repo/d021rs-yolov5-ros2-subscription-node-limitationuk/install/ros_robot_controller_msgs/include/ros_robot_controller_msgs/ros_robot_controller_msgs/srv/detail/get_pwm_servo_state__type_support.h
[0.829s] -- Up-to-date symlink: /home/intel/repo/d021rs-yolov5-ros2-subscription-node-limitationuk/install/ros_robot_controller_msgs/include/ros_robot_controller_msgs/ros_robot_controller_msgs/srv/get_bus_servo_state.h
[0.829s] -- Up-to-date symlink: /home/intel/repo/d021rs-yolov5-ros2-subscription-node-limitationuk/install/ros_robot_controller_msgs/include/ros_robot_controller_msgs/ros_robot_controller_msgs/srv/get_pwm_servo_state.h
[0.829s] -- Up-to-date symlink: /home/intel/repo/d021rs-yolov5-ros2-subscription-node-limitationuk/install/ros_robot_controller_msgs/share/ros_robot_controller_msgs/environment/library_path.sh
[0.829s] -- Up-to-date symlink: /home/intel/repo/d021rs-yolov5-ros2-subscription-node-limitationuk/install/ros_robot_controller_msgs/share/ros_robot_controller_msgs/environment/library_path.dsv
[0.829s] -- Up-to-date symlink: /home/intel/repo/d021rs-yolov5-ros2-subscription-node-limitationuk/install/ros_robot_controller_msgs/include/ros_robot_controller_msgs/ros_robot_controller_msgs/msg/detail/bus_servo_state__rosidl_typesupport_fastrtps_c.h
[0.829s] -- Up-to-date symlink: /home/intel/repo/d021rs-yolov5-ros2-subscription-node-limitationuk/install/ros_robot_controller_msgs/include/ros_robot_controller_msgs/ros_robot_controller_msgs/msg/detail/button_state__rosidl_typesupport_fastrtps_c.h
[0.829s] -- Up-to-date symlink: /home/intel/repo/d021rs-yolov5-ros2-subscription-node-limitationuk/install/ros_robot_controller_msgs/include/ros_robot_controller_msgs/ros_robot_controller_msgs/msg/detail/buzzer_state__rosidl_typesupport_fastrtps_c.h
[0.829s] -- Up-to-date symlink: /home/intel/repo/d021rs-yolov5-ros2-subscription-node-limitationuk/install/ros_robot_controller_msgs/include/ros_robot_controller_msgs/ros_robot_controller_msgs/msg/detail/get_bus_servo_cmd__rosidl_typesupport_fastrtps_c.h
[0.830s] -- Up-to-date symlink: /home/intel/repo/d021rs-yolov5-ros2-subscription-node-limitationuk/install/ros_robot_controller_msgs/include/ros_robot_controller_msgs/ros_robot_controller_msgs/msg/detail/get_pwm_servo_cmd__rosidl_typesupport_fastrtps_c.h
[0.830s] -- Up-to-date symlink: /home/intel/repo/d021rs-yolov5-ros2-subscription-node-limitationuk/install/ros_robot_controller_msgs/include/ros_robot_controller_msgs/ros_robot_controller_msgs/msg/detail/led_state__rosidl_typesupport_fastrtps_c.h
[0.830s] -- Up-to-date symlink: /home/intel/repo/d021rs-yolov5-ros2-subscription-node-limitationuk/install/ros_robot_controller_msgs/include/ros_robot_controller_msgs/ros_robot_controller_msgs/msg/detail/motor_state__rosidl_typesupport_fastrtps_c.h
[0.830s] -- Up-to-date symlink: /home/intel/repo/d021rs-yolov5-ros2-subscription-node-limitationuk/install/ros_robot_controller_msgs/include/ros_robot_controller_msgs/ros_robot_controller_msgs/msg/detail/motors_state__rosidl_typesupport_fastrtps_c.h
[0.830s] -- Up-to-date symlink: /home/intel/repo/d021rs-yolov5-ros2-subscription-node-limitationuk/install/ros_robot_controller_msgs/include/ros_robot_controller_msgs/ros_robot_controller_msgs/msg/detail/oled_state__rosidl_typesupport_fastrtps_c.h
[0.830s] -- Up-to-date symlink: /home/intel/repo/d021rs-yolov5-ros2-subscription-node-limitationuk/install/ros_robot_controller_msgs/include/ros_robot_controller_msgs/ros_robot_controller_msgs/msg/detail/pwm_servo_state__rosidl_typesupport_fastrtps_c.h
[0.830s] -- Up-to-date symlink: /home/intel/repo/d021rs-yolov5-ros2-subscription-node-limitationuk/install/ros_robot_controller_msgs/include/ros_robot_controller_msgs/ros_robot_controller_msgs/msg/detail/rgb_state__rosidl_typesupport_fastrtps_c.h
[0.830s] -- Up-to-date symlink: /home/intel/repo/d021rs-yolov5-ros2-subscription-node-limitationuk/install/ros_robot_controller_msgs/include/ros_robot_controller_msgs/ros_robot_controller_msgs/msg/detail/rgb_states__rosidl_typesupport_fastrtps_c.h
[0.835s] -- Up-to-date symlink: /home/intel/repo/d021rs-yolov5-ros2-subscription-node-limitationuk/install/ros_robot_controller_msgs/include/ros_robot_controller_msgs/ros_robot_controller_msgs/msg/detail/sbus__rosidl_typesupport_fastrtps_c.h
[0.835s] -- Up-to-date symlink: /home/intel/repo/d021rs-yolov5-ros2-subscription-node-limitationuk/install/ros_robot_controller_msgs/include/ros_robot_controller_msgs/ros_robot_controller_msgs/msg/detail/servo_position__rosidl_typesupport_fastrtps_c.h
[0.835s] -- Up-to-date symlink: /home/intel/repo/d021rs-yolov5-ros2-subscription-node-limitationuk/install/ros_robot_controller_msgs/include/ros_robot_controller_msgs/ros_robot_controller_msgs/msg/detail/servos_position__rosidl_typesupport_fastrtps_c.h
[0.835s] -- Up-to-date symlink: /home/intel/repo/d021rs-yolov5-ros2-subscription-node-limitationuk/install/ros_robot_controller_msgs/include/ros_robot_controller_msgs/ros_robot_controller_msgs/msg/detail/set_bus_servo_state__rosidl_typesupport_fastrtps_c.h
[0.835s] -- Up-to-date symlink: /home/intel/repo/d021rs-yolov5-ros2-subscription-node-limitationuk/install/ros_robot_controller_msgs/include/ros_robot_controller_msgs/ros_robot_controller_msgs/msg/detail/set_pwm_servo_state__rosidl_typesupport_fastrtps_c.h
[0.835s] -- Up-to-date symlink: /home/intel/repo/d021rs-yolov5-ros2-subscription-node-limitationuk/install/ros_robot_controller_msgs/include/ros_robot_controller_msgs/ros_robot_controller_msgs/msg/rosidl_typesupport_fastrtps_c__visibility_control.h
[0.835s] -- Up-to-date symlink: /home/intel/repo/d021rs-yolov5-ros2-subscription-node-limitationuk/install/ros_robot_controller_msgs/include/ros_robot_controller_msgs/ros_robot_controller_msgs/srv/detail/get_bus_servo_state__rosidl_typesupport_fastrtps_c.h
[0.835s] -- Up-to-date symlink: /home/intel/repo/d021rs-yolov5-ros2-subscription-node-limitationuk/install/ros_robot_controller_msgs/include/ros_robot_controller_msgs/ros_robot_controller_msgs/srv/detail/get_pwm_servo_state__rosidl_typesupport_fastrtps_c.h
[0.835s] -- Up-to-date symlink: /home/intel/repo/d021rs-yolov5-ros2-subscription-node-limitationuk/install/ros_robot_controller_msgs/include/ros_robot_controller_msgs/ros_robot_controller_msgs/msg/bus_servo_state.hpp
[0.835s] -- Up-to-date symlink: /home/intel/repo/d021rs-yolov5-ros2-subscription-node-limitationuk/install/ros_robot_controller_msgs/include/ros_robot_controller_msgs/ros_robot_controller_msgs/msg/button_state.hpp
[0.835s] -- Up-to-date symlink: /home/intel/repo/d021rs-yolov5-ros2-subscription-node-limitationuk/install/ros_robot_controller_msgs/include/ros_robot_controller_msgs/ros_robot_controller_msgs/msg/buzzer_state.hpp
[0.835s] -- Up-to-date symlink: /home/intel/repo/d021rs-yolov5-ros2-subscription-node-limitationuk/install/ros_robot_controller_msgs/include/ros_robot_controller_msgs/ros_robot_controller_msgs/msg/detail/bus_servo_state__builder.hpp
[0.835s] -- Up-to-date symlink: /home/intel/repo/d021rs-yolov5-ros2-subscription-node-limitationuk/install/ros_robot_controller_msgs/include/ros_robot_controller_msgs/ros_robot_controller_msgs/msg/detail/bus_servo_state__struct.hpp
[0.835s] -- Up-to-date symlink: /home/intel/repo/d021rs-yolov5-ros2-subscription-node-limitationuk/install/ros_robot_controller_msgs/include/ros_robot_controller_msgs/ros_robot_controller_msgs/msg/detail/bus_servo_state__traits.hpp
[0.835s] -- Up-to-date symlink: /home/intel/repo/d021rs-yolov5-ros2-subscription-node-limitationuk/install/ros_robot_controller_msgs/include/ros_robot_controller_msgs/ros_robot_controller_msgs/msg/detail/bus_servo_state__type_support.hpp
[0.835s] -- Up-to-date symlink: /home/intel/repo/d021rs-yolov5-ros2-subscription-node-limitationuk/install/ros_robot_controller_msgs/include/ros_robot_controller_msgs/ros_robot_controller_msgs/msg/detail/button_state__builder.hpp
[0.836s] -- Up-to-date symlink: /home/intel/repo/d021rs-yolov5-ros2-subscription-node-limitationuk/install/ros_robot_controller_msgs/include/ros_robot_controller_msgs/ros_robot_controller_msgs/msg/detail/button_state__struct.hpp
[0.836s] -- Up-to-date symlink: /home/intel/repo/d021rs-yolov5-ros2-subscription-node-limitationuk/install/ros_robot_controller_msgs/include/ros_robot_controller_msgs/ros_robot_controller_msgs/msg/detail/button_state__traits.hpp
[0.836s] -- Up-to-date symlink: /home/intel/repo/d021rs-yolov5-ros2-subscription-node-limitationuk/install/ros_robot_controller_msgs/include/ros_robot_controller_msgs/ros_robot_controller_msgs/msg/detail/button_state__type_support.hpp
[0.836s] -- Up-to-date symlink: /home/intel/repo/d021rs-yolov5-ros2-subscription-node-limitationuk/install/ros_robot_controller_msgs/include/ros_robot_controller_msgs/ros_robot_controller_msgs/msg/detail/buzzer_state__builder.hpp
[0.836s] -- Up-to-date symlink: /home/intel/repo/d021rs-yolov5-ros2-subscription-node-limitationuk/install/ros_robot_controller_msgs/include/ros_robot_controller_msgs/ros_robot_controller_msgs/msg/detail/buzzer_state__struct.hpp
[0.836s] -- Up-to-date symlink: /home/intel/repo/d021rs-yolov5-ros2-subscription-node-limitationuk/install/ros_robot_controller_msgs/include/ros_robot_controller_msgs/ros_robot_controller_msgs/msg/detail/buzzer_state__traits.hpp
[0.836s] -- Up-to-date symlink: /home/intel/repo/d021rs-yolov5-ros2-subscription-node-limitationuk/install/ros_robot_controller_msgs/include/ros_robot_controller_msgs/ros_robot_controller_msgs/msg/detail/buzzer_state__type_support.hpp
[0.836s] -- Up-to-date symlink: /home/intel/repo/d021rs-yolov5-ros2-subscription-node-limitationuk/install/ros_robot_controller_msgs/include/ros_robot_controller_msgs/ros_robot_controller_msgs/msg/detail/get_bus_servo_cmd__builder.hpp
[0.836s] -- Up-to-date symlink: /home/intel/repo/d021rs-yolov5-ros2-subscription-node-limitationuk/install/ros_robot_controller_msgs/include/ros_robot_controller_msgs/ros_robot_controller_msgs/msg/detail/get_bus_servo_cmd__struct.hpp
[0.836s] -- Up-to-date symlink: /home/intel/repo/d021rs-yolov5-ros2-subscription-node-limitationuk/install/ros_robot_controller_msgs/include/ros_robot_controller_msgs/ros_robot_controller_msgs/msg/detail/get_bus_servo_cmd__traits.hpp
[0.836s] -- Up-to-date symlink: /home/intel/repo/d021rs-yolov5-ros2-subscription-node-limitationuk/install/ros_robot_controller_msgs/include/ros_robot_controller_msgs/ros_robot_controller_msgs/msg/detail/get_bus_servo_cmd__type_support.hpp
[0.836s] -- Up-to-date symlink: /home/intel/repo/d021rs-yolov5-ros2-subscription-node-limitationuk/install/ros_robot_controller_msgs/include/ros_robot_controller_msgs/ros_robot_controller_msgs/msg/detail/get_pwm_servo_cmd__builder.hpp
[0.836s] -- Up-to-date symlink: /home/intel/repo/d021rs-yolov5-ros2-subscription-node-limitationuk/install/ros_robot_controller_msgs/include/ros_robot_controller_msgs/ros_robot_controller_msgs/msg/detail/get_pwm_servo_cmd__struct.hpp
[0.836s] -- Up-to-date symlink: /home/intel/repo/d021rs-yolov5-ros2-subscription-node-limitationuk/install/ros_robot_controller_msgs/include/ros_robot_controller_msgs/ros_robot_controller_msgs/msg/detail/get_pwm_servo_cmd__traits.hpp
[0.836s] -- Up-to-date symlink: /home/intel/repo/d021rs-yolov5-ros2-subscription-node-limitationuk/install/ros_robot_controller_msgs/include/ros_robot_controller_msgs/ros_robot_controller_msgs/msg/detail/get_pwm_servo_cmd__type_support.hpp
[0.836s] -- Up-to-date symlink: /home/intel/repo/d021rs-yolov5-ros2-subscription-node-limitationuk/install/ros_robot_controller_msgs/include/ros_robot_controller_msgs/ros_robot_controller_msgs/msg/detail/led_state__builder.hpp
[0.836s] -- Up-to-date symlink: /home/intel/repo/d021rs-yolov5-ros2-subscription-node-limitationuk/install/ros_robot_controller_msgs/include/ros_robot_controller_msgs/ros_robot_controller_msgs/msg/detail/led_state__struct.hpp
[0.837s] -- Up-to-date symlink: /home/intel/repo/d021rs-yolov5-ros2-subscription-node-limitationuk/install/ros_robot_controller_msgs/include/ros_robot_controller_msgs/ros_robot_controller_msgs/msg/detail/led_state__traits.hpp
[0.837s] -- Up-to-date symlink: /home/intel/repo/d021rs-yolov5-ros2-subscription-node-limitationuk/install/ros_robot_controller_msgs/include/ros_robot_controller_msgs/ros_robot_controller_msgs/msg/detail/led_state__type_support.hpp
[0.837s] -- Up-to-date symlink: /home/intel/repo/d021rs-yolov5-ros2-subscription-node-limitationuk/install/ros_robot_controller_msgs/include/ros_robot_controller_msgs/ros_robot_controller_msgs/msg/detail/motor_state__builder.hpp
[0.837s] -- Up-to-date symlink: /home/intel/repo/d021rs-yolov5-ros2-subscription-node-limitationuk/install/ros_robot_controller_msgs/include/ros_robot_controller_msgs/ros_robot_controller_msgs/msg/detail/motor_state__struct.hpp
[0.837s] -- Up-to-date symlink: /home/intel/repo/d021rs-yolov5-ros2-subscription-node-limitationuk/install/ros_robot_controller_msgs/include/ros_robot_controller_msgs/ros_robot_controller_msgs/msg/detail/motor_state__traits.hpp
[0.837s] -- Up-to-date symlink: /home/intel/repo/d021rs-yolov5-ros2-subscription-node-limitationuk/install/ros_robot_controller_msgs/include/ros_robot_controller_msgs/ros_robot_controller_msgs/msg/detail/motor_state__type_support.hpp
[0.837s] -- Up-to-date symlink: /home/intel/repo/d021rs-yolov5-ros2-subscription-node-limitationuk/install/ros_robot_controller_msgs/include/ros_robot_controller_msgs/ros_robot_controller_msgs/msg/detail/motors_state__builder.hpp
[0.837s] -- Up-to-date symlink: /home/intel/repo/d021rs-yolov5-ros2-subscription-node-limitationuk/install/ros_robot_controller_msgs/include/ros_robot_controller_msgs/ros_robot_controller_msgs/msg/detail/motors_state__struct.hpp
[0.837s] -- Up-to-date symlink: /home/intel/repo/d021rs-yolov5-ros2-subscription-node-limitationuk/install/ros_robot_controller_msgs/include/ros_robot_controller_msgs/ros_robot_controller_msgs/msg/detail/motors_state__traits.hpp
[0.837s] -- Up-to-date symlink: /home/intel/repo/d021rs-yolov5-ros2-subscription-node-limitationuk/install/ros_robot_controller_msgs/include/ros_robot_controller_msgs/ros_robot_controller_msgs/msg/detail/motors_state__type_support.hpp
[0.837s] -- Up-to-date symlink: /home/intel/repo/d021rs-yolov5-ros2-subscription-node-limitationuk/install/ros_robot_controller_msgs/include/ros_robot_controller_msgs/ros_robot_controller_msgs/msg/detail/oled_state__builder.hpp
[0.837s] -- Up-to-date symlink: /home/intel/repo/d021rs-yolov5-ros2-subscription-node-limitationuk/install/ros_robot_controller_msgs/include/ros_robot_controller_msgs/ros_robot_controller_msgs/msg/detail/oled_state__struct.hpp
[0.837s] -- Up-to-date symlink: /home/intel/repo/d021rs-yolov5-ros2-subscription-node-limitationuk/install/ros_robot_controller_msgs/include/ros_robot_controller_msgs/ros_robot_controller_msgs/msg/detail/oled_state__traits.hpp
[0.837s] -- Up-to-date symlink: /home/intel/repo/d021rs-yolov5-ros2-subscription-node-limitationuk/install/ros_robot_controller_msgs/include/ros_robot_controller_msgs/ros_robot_controller_msgs/msg/detail/oled_state__type_support.hpp
[0.837s] -- Up-to-date symlink: /home/intel/repo/d021rs-yolov5-ros2-subscription-node-limitationuk/install/ros_robot_controller_msgs/include/ros_robot_controller_msgs/ros_robot_controller_msgs/msg/detail/pwm_servo_state__builder.hpp
[0.837s] -- Up-to-date symlink: /home/intel/repo/d021rs-yolov5-ros2-subscription-node-limitationuk/install/ros_robot_controller_msgs/include/ros_robot_controller_msgs/ros_robot_controller_msgs/msg/detail/pwm_servo_state__struct.hpp
[0.837s] -- Up-to-date symlink: /home/intel/repo/d021rs-yolov5-ros2-subscription-node-limitationuk/install/ros_robot_controller_msgs/include/ros_robot_controller_msgs/ros_robot_controller_msgs/msg/detail/pwm_servo_state__traits.hpp
[0.837s] -- Up-to-date symlink: /home/intel/repo/d021rs-yolov5-ros2-subscription-node-limitationuk/install/ros_robot_controller_msgs/include/ros_robot_controller_msgs/ros_robot_controller_msgs/msg/detail/pwm_servo_state__type_support.hpp
[0.838s] -- Up-to-date symlink: /home/intel/repo/d021rs-yolov5-ros2-subscription-node-limitationuk/install/ros_robot_controller_msgs/include/ros_robot_controller_msgs/ros_robot_controller_msgs/msg/detail/rgb_state__builder.hpp
[0.838s] -- Up-to-date symlink: /home/intel/repo/d021rs-yolov5-ros2-subscription-node-limitationuk/install/ros_robot_controller_msgs/include/ros_robot_controller_msgs/ros_robot_controller_msgs/msg/detail/rgb_state__struct.hpp
[0.838s] -- Up-to-date symlink: /home/intel/repo/d021rs-yolov5-ros2-subscription-node-limitationuk/install/ros_robot_controller_msgs/include/ros_robot_controller_msgs/ros_robot_controller_msgs/msg/detail/rgb_state__traits.hpp
[0.838s] -- Up-to-date symlink: /home/intel/repo/d021rs-yolov5-ros2-subscription-node-limitationuk/install/ros_robot_controller_msgs/include/ros_robot_controller_msgs/ros_robot_controller_msgs/msg/detail/rgb_state__type_support.hpp
[0.838s] -- Up-to-date symlink: /home/intel/repo/d021rs-yolov5-ros2-subscription-node-limitationuk/install/ros_robot_controller_msgs/include/ros_robot_controller_msgs/ros_robot_controller_msgs/msg/detail/rgb_states__builder.hpp
[0.838s] -- Up-to-date symlink: /home/intel/repo/d021rs-yolov5-ros2-subscription-node-limitationuk/install/ros_robot_controller_msgs/include/ros_robot_controller_msgs/ros_robot_controller_msgs/msg/detail/rgb_states__struct.hpp
[0.838s] -- Up-to-date symlink: /home/intel/repo/d021rs-yolov5-ros2-subscription-node-limitationuk/install/ros_robot_controller_msgs/include/ros_robot_controller_msgs/ros_robot_controller_msgs/msg/detail/rgb_states__traits.hpp
[0.838s] -- Up-to-date symlink: /home/intel/repo/d021rs-yolov5-ros2-subscription-node-limitationuk/install/ros_robot_controller_msgs/include/ros_robot_controller_msgs/ros_robot_controller_msgs/msg/detail/rgb_states__type_support.hpp
[0.838s] -- Up-to-date symlink: /home/intel/repo/d021rs-yolov5-ros2-subscription-node-limitationuk/install/ros_robot_controller_msgs/include/ros_robot_controller_msgs/ros_robot_controller_msgs/msg/detail/sbus__builder.hpp
[0.838s] -- Up-to-date symlink: /home/intel/repo/d021rs-yolov5-ros2-subscription-node-limitationuk/install/ros_robot_controller_msgs/include/ros_robot_controller_msgs/ros_robot_controller_msgs/msg/detail/sbus__struct.hpp
[0.838s] -- Up-to-date symlink: /home/intel/repo/d021rs-yolov5-ros2-subscription-node-limitationuk/install/ros_robot_controller_msgs/include/ros_robot_controller_msgs/ros_robot_controller_msgs/msg/detail/sbus__traits.hpp
[0.838s] -- Up-to-date symlink: /home/intel/repo/d021rs-yolov5-ros2-subscription-node-limitationuk/install/ros_robot_controller_msgs/include/ros_robot_controller_msgs/ros_robot_controller_msgs/msg/detail/sbus__type_support.hpp
[0.838s] -- Up-to-date symlink: /home/intel/repo/d021rs-yolov5-ros2-subscription-node-limitationuk/install/ros_robot_controller_msgs/include/ros_robot_controller_msgs/ros_robot_controller_msgs/msg/detail/servo_position__builder.hpp
[0.839s] -- Up-to-date symlink: /home/intel/repo/d021rs-yolov5-ros2-subscription-node-limitationuk/install/ros_robot_controller_msgs/include/ros_robot_controller_msgs/ros_robot_controller_msgs/msg/detail/servo_position__struct.hpp
[0.839s] -- Up-to-date symlink: /home/intel/repo/d021rs-yolov5-ros2-subscription-node-limitationuk/install/ros_robot_controller_msgs/include/ros_robot_controller_msgs/ros_robot_controller_msgs/msg/detail/servo_position__traits.hpp
[0.839s] -- Up-to-date symlink: /home/intel/repo/d021rs-yolov5-ros2-subscription-node-limitationuk/install/ros_robot_controller_msgs/include/ros_robot_controller_msgs/ros_robot_controller_msgs/msg/detail/servo_position__type_support.hpp
[0.839s] -- Up-to-date symlink: /home/intel/repo/d021rs-yolov5-ros2-subscription-node-limitationuk/install/ros_robot_controller_msgs/include/ros_robot_controller_msgs/ros_robot_controller_msgs/msg/detail/servos_position__builder.hpp
[0.840s] -- Up-to-date symlink: /home/intel/repo/d021rs-yolov5-ros2-subscription-node-limitationuk/install/ros_robot_controller_msgs/include/ros_robot_controller_msgs/ros_robot_controller_msgs/msg/detail/servos_position__struct.hpp
[0.841s] -- Up-to-date symlink: /home/intel/repo/d021rs-yolov5-ros2-subscription-node-limitationuk/install/ros_robot_controller_msgs/include/ros_robot_controller_msgs/ros_robot_controller_msgs/msg/detail/servos_position__traits.hpp
[0.841s] -- Up-to-date symlink: /home/intel/repo/d021rs-yolov5-ros2-subscription-node-limitationuk/install/ros_robot_controller_msgs/include/ros_robot_controller_msgs/ros_robot_controller_msgs/msg/detail/servos_position__type_support.hpp
[0.841s] -- Up-to-date symlink: /home/intel/repo/d021rs-yolov5-ros2-subscription-node-limitationuk/install/ros_robot_controller_msgs/include/ros_robot_controller_msgs/ros_robot_controller_msgs/msg/detail/set_bus_servo_state__builder.hpp
[0.841s] -- Up-to-date symlink: /home/intel/repo/d021rs-yolov5-ros2-subscription-node-limitationuk/install/ros_robot_controller_msgs/include/ros_robot_controller_msgs/ros_robot_controller_msgs/msg/detail/set_bus_servo_state__struct.hpp
[0.841s] -- Up-to-date symlink: /home/intel/repo/d021rs-yolov5-ros2-subscription-node-limitationuk/install/ros_robot_controller_msgs/include/ros_robot_controller_msgs/ros_robot_controller_msgs/msg/detail/set_bus_servo_state__traits.hpp
[0.841s] -- Up-to-date symlink: /home/intel/repo/d021rs-yolov5-ros2-subscription-node-limitationuk/install/ros_robot_controller_msgs/include/ros_robot_controller_msgs/ros_robot_controller_msgs/msg/detail/set_bus_servo_state__type_support.hpp
[0.841s] -- Up-to-date symlink: /home/intel/repo/d021rs-yolov5-ros2-subscription-node-limitationuk/install/ros_robot_controller_msgs/include/ros_robot_controller_msgs/ros_robot_controller_msgs/msg/detail/set_pwm_servo_state__builder.hpp
[0.841s] -- Up-to-date symlink: /home/intel/repo/d021rs-yolov5-ros2-subscription-node-limitationuk/install/ros_robot_controller_msgs/include/ros_robot_controller_msgs/ros_robot_controller_msgs/msg/detail/set_pwm_servo_state__struct.hpp
[0.841s] -- Up-to-date symlink: /home/intel/repo/d021rs-yolov5-ros2-subscription-node-limitationuk/install/ros_robot_controller_msgs/include/ros_robot_controller_msgs/ros_robot_controller_msgs/msg/detail/set_pwm_servo_state__traits.hpp
[0.841s] -- Up-to-date symlink: /home/intel/repo/d021rs-yolov5-ros2-subscription-node-limitationuk/install/ros_robot_controller_msgs/include/ros_robot_controller_msgs/ros_robot_controller_msgs/msg/detail/set_pwm_servo_state__type_support.hpp
[0.841s] -- Up-to-date symlink: /home/intel/repo/d021rs-yolov5-ros2-subscription-node-limitationuk/install/ros_robot_controller_msgs/include/ros_robot_controller_msgs/ros_robot_controller_msgs/msg/get_bus_servo_cmd.hpp
[0.841s] -- Up-to-date symlink: /home/intel/repo/d021rs-yolov5-ros2-subscription-node-limitationuk/install/ros_robot_controller_msgs/include/ros_robot_controller_msgs/ros_robot_controller_msgs/msg/get_pwm_servo_cmd.hpp
[0.841s] -- Up-to-date symlink: /home/intel/repo/d021rs-yolov5-ros2-subscription-node-limitationuk/install/ros_robot_controller_msgs/include/ros_robot_controller_msgs/ros_robot_controller_msgs/msg/led_state.hpp
[0.841s] -- Up-to-date symlink: /home/intel/repo/d021rs-yolov5-ros2-subscription-node-limitationuk/install/ros_robot_controller_msgs/include/ros_robot_controller_msgs/ros_robot_controller_msgs/msg/motor_state.hpp
[0.841s] -- Up-to-date symlink: /home/intel/repo/d021rs-yolov5-ros2-subscription-node-limitationuk/install/ros_robot_controller_msgs/include/ros_robot_controller_msgs/ros_robot_controller_msgs/msg/motors_state.hpp
[0.841s] -- Up-to-date symlink: /home/intel/repo/d021rs-yolov5-ros2-subscription-node-limitationuk/install/ros_robot_controller_msgs/include/ros_robot_controller_msgs/ros_robot_controller_msgs/msg/oled_state.hpp
[0.841s] -- Up-to-date symlink: /home/intel/repo/d021rs-yolov5-ros2-subscription-node-limitationuk/install/ros_robot_controller_msgs/include/ros_robot_controller_msgs/ros_robot_controller_msgs/msg/pwm_servo_state.hpp
[0.841s] -- Up-to-date symlink: /home/intel/repo/d021rs-yolov5-ros2-subscription-node-limitationuk/install/ros_robot_controller_msgs/include/ros_robot_controller_msgs/ros_robot_controller_msgs/msg/rgb_state.hpp
[0.841s] -- Up-to-date symlink: /home/intel/repo/d021rs-yolov5-ros2-subscription-node-limitationuk/install/ros_robot_controller_msgs/include/ros_robot_controller_msgs/ros_robot_controller_msgs/msg/rgb_states.hpp
[0.841s] -- Up-to-date symlink: /home/intel/repo/d021rs-yolov5-ros2-subscription-node-limitationuk/install/ros_robot_controller_msgs/include/ros_robot_controller_msgs/ros_robot_controller_msgs/msg/rosidl_generator_cpp__visibility_control.hpp
[0.841s] -- Up-to-date symlink: /home/intel/repo/d021rs-yolov5-ros2-subscription-node-limitationuk/install/ros_robot_controller_msgs/include/ros_robot_controller_msgs/ros_robot_controller_msgs/msg/sbus.hpp
[0.841s] -- Up-to-date symlink: /home/intel/repo/d021rs-yolov5-ros2-subscription-node-limitationuk/install/ros_robot_controller_msgs/include/ros_robot_controller_msgs/ros_robot_controller_msgs/msg/servo_position.hpp
[0.841s] -- Up-to-date symlink: /home/intel/repo/d021rs-yolov5-ros2-subscription-node-limitationuk/install/ros_robot_controller_msgs/include/ros_robot_controller_msgs/ros_robot_controller_msgs/msg/servos_position.hpp
[0.841s] -- Up-to-date symlink: /home/intel/repo/d021rs-yolov5-ros2-subscription-node-limitationuk/install/ros_robot_controller_msgs/include/ros_robot_controller_msgs/ros_robot_controller_msgs/msg/set_bus_servo_state.hpp
[0.841s] -- Up-to-date symlink: /home/intel/repo/d021rs-yolov5-ros2-subscription-node-limitationuk/install/ros_robot_controller_msgs/include/ros_robot_controller_msgs/ros_robot_controller_msgs/msg/set_pwm_servo_state.hpp
[0.841s] -- Up-to-date symlink: /home/intel/repo/d021rs-yolov5-ros2-subscription-node-limitationuk/install/ros_robot_controller_msgs/include/ros_robot_controller_msgs/ros_robot_controller_msgs/srv/detail/get_bus_servo_state__builder.hpp
[0.841s] -- Up-to-date symlink: /home/intel/repo/d021rs-yolov5-ros2-subscription-node-limitationuk/install/ros_robot_controller_msgs/include/ros_robot_controller_msgs/ros_robot_controller_msgs/srv/detail/get_bus_servo_state__struct.hpp
[0.841s] -- Up-to-date symlink: /home/intel/repo/d021rs-yolov5-ros2-subscription-node-limitationuk/install/ros_robot_controller_msgs/include/ros_robot_controller_msgs/ros_robot_controller_msgs/srv/detail/get_bus_servo_state__traits.hpp
[0.841s] -- Up-to-date symlink: /home/intel/repo/d021rs-yolov5-ros2-subscription-node-limitationuk/install/ros_robot_controller_msgs/include/ros_robot_controller_msgs/ros_robot_controller_msgs/srv/detail/get_bus_servo_state__type_support.hpp
[0.841s] -- Up-to-date symlink: /home/intel/repo/d021rs-yolov5-ros2-subscription-node-limitationuk/install/ros_robot_controller_msgs/include/ros_robot_controller_msgs/ros_robot_controller_msgs/srv/detail/get_pwm_servo_state__builder.hpp
[0.841s] -- Up-to-date symlink: /home/intel/repo/d021rs-yolov5-ros2-subscription-node-limitationuk/install/ros_robot_controller_msgs/include/ros_robot_controller_msgs/ros_robot_controller_msgs/srv/detail/get_pwm_servo_state__struct.hpp
[0.841s] -- Up-to-date symlink: /home/intel/repo/d021rs-yolov5-ros2-subscription-node-limitationuk/install/ros_robot_controller_msgs/include/ros_robot_controller_msgs/ros_robot_controller_msgs/srv/detail/get_pwm_servo_state__traits.hpp
[0.841s] -- Up-to-date symlink: /home/intel/repo/d021rs-yolov5-ros2-subscription-node-limitationuk/install/ros_robot_controller_msgs/include/ros_robot_controller_msgs/ros_robot_controller_msgs/srv/detail/get_pwm_servo_state__type_support.hpp
[0.841s] -- Up-to-date symlink: /home/intel/repo/d021rs-yolov5-ros2-subscription-node-limitationuk/install/ros_robot_controller_msgs/include/ros_robot_controller_msgs/ros_robot_controller_msgs/srv/get_bus_servo_state.hpp
[0.841s] -- Up-to-date symlink: /home/intel/repo/d021rs-yolov5-ros2-subscription-node-limitationuk/install/ros_robot_controller_msgs/include/ros_robot_controller_msgs/ros_robot_controller_msgs/srv/get_pwm_servo_state.hpp
[0.842s] -- Up-to-date symlink: /home/intel/repo/d021rs-yolov5-ros2-subscription-node-limitationuk/install/ros_robot_controller_msgs/include/ros_robot_controller_msgs/ros_robot_controller_msgs/msg/detail/bus_servo_state__rosidl_typesupport_fastrtps_cpp.hpp
[0.842s] -- Up-to-date symlink: /home/intel/repo/d021rs-yolov5-ros2-subscription-node-limitationuk/install/ros_robot_controller_msgs/include/ros_robot_controller_msgs/ros_robot_controller_msgs/msg/detail/button_state__rosidl_typesupport_fastrtps_cpp.hpp
[0.842s] -- Up-to-date symlink: /home/intel/repo/d021rs-yolov5-ros2-subscription-node-limitationuk/install/ros_robot_controller_msgs/include/ros_robot_controller_msgs/ros_robot_controller_msgs/msg/detail/buzzer_state__rosidl_typesupport_fastrtps_cpp.hpp
[0.843s] -- Up-to-date symlink: /home/intel/repo/d021rs-yolov5-ros2-subscription-node-limitationuk/install/ros_robot_controller_msgs/include/ros_robot_controller_msgs/ros_robot_controller_msgs/msg/detail/get_bus_servo_cmd__rosidl_typesupport_fastrtps_cpp.hpp
[0.843s] -- Up-to-date symlink: /home/intel/repo/d021rs-yolov5-ros2-subscription-node-limitationuk/install/ros_robot_controller_msgs/include/ros_robot_controller_msgs/ros_robot_controller_msgs/msg/detail/get_pwm_servo_cmd__rosidl_typesupport_fastrtps_cpp.hpp
[0.843s] -- Up-to-date symlink: /home/intel/repo/d021rs-yolov5-ros2-subscription-node-limitationuk/install/ros_robot_controller_msgs/include/ros_robot_controller_msgs/ros_robot_controller_msgs/msg/detail/led_state__rosidl_typesupport_fastrtps_cpp.hpp
[0.843s] -- Up-to-date symlink: /home/intel/repo/d021rs-yolov5-ros2-subscription-node-limitationuk/install/ros_robot_controller_msgs/include/ros_robot_controller_msgs/ros_robot_controller_msgs/msg/detail/motor_state__rosidl_typesupport_fastrtps_cpp.hpp
[0.843s] -- Up-to-date symlink: /home/intel/repo/d021rs-yolov5-ros2-subscription-node-limitationuk/install/ros_robot_controller_msgs/include/ros_robot_controller_msgs/ros_robot_controller_msgs/msg/detail/motors_state__rosidl_typesupport_fastrtps_cpp.hpp
[0.843s] -- Up-to-date symlink: /home/intel/repo/d021rs-yolov5-ros2-subscription-node-limitationuk/install/ros_robot_controller_msgs/include/ros_robot_controller_msgs/ros_robot_controller_msgs/msg/detail/oled_state__rosidl_typesupport_fastrtps_cpp.hpp
[0.843s] -- Up-to-date symlink: /home/intel/repo/d021rs-yolov5-ros2-subscription-node-limitationuk/install/ros_robot_controller_msgs/include/ros_robot_controller_msgs/ros_robot_controller_msgs/msg/detail/pwm_servo_state__rosidl_typesupport_fastrtps_cpp.hpp
[0.843s] -- Up-to-date symlink: /home/intel/repo/d021rs-yolov5-ros2-subscription-node-limitationuk/install/ros_robot_controller_msgs/include/ros_robot_controller_msgs/ros_robot_controller_msgs/msg/detail/rgb_state__rosidl_typesupport_fastrtps_cpp.hpp
[0.843s] -- Up-to-date symlink: /home/intel/repo/d021rs-yolov5-ros2-subscription-node-limitationuk/install/ros_robot_controller_msgs/include/ros_robot_controller_msgs/ros_robot_controller_msgs/msg/detail/rgb_states__rosidl_typesupport_fastrtps_cpp.hpp
[0.843s] -- Up-to-date symlink: /home/intel/repo/d021rs-yolov5-ros2-subscription-node-limitationuk/install/ros_robot_controller_msgs/include/ros_robot_controller_msgs/ros_robot_controller_msgs/msg/detail/sbus__rosidl_typesupport_fastrtps_cpp.hpp
[0.843s] -- Up-to-date symlink: /home/intel/repo/d021rs-yolov5-ros2-subscription-node-limitationuk/install/ros_robot_controller_msgs/include/ros_robot_controller_msgs/ros_robot_controller_msgs/msg/detail/servo_position__rosidl_typesupport_fastrtps_cpp.hpp
[0.843s] -- Up-to-date symlink: /home/intel/repo/d021rs-yolov5-ros2-subscription-node-limitationuk/install/ros_robot_controller_msgs/include/ros_robot_controller_msgs/ros_robot_controller_msgs/msg/detail/servos_position__rosidl_typesupport_fastrtps_cpp.hpp
[0.843s] -- Up-to-date symlink: /home/intel/repo/d021rs-yolov5-ros2-subscription-node-limitationuk/install/ros_robot_controller_msgs/include/ros_robot_controller_msgs/ros_robot_controller_msgs/msg/detail/set_bus_servo_state__rosidl_typesupport_fastrtps_cpp.hpp
[0.843s] -- Up-to-date symlink: /home/intel/repo/d021rs-yolov5-ros2-subscription-node-limitationuk/install/ros_robot_controller_msgs/include/ros_robot_controller_msgs/ros_robot_controller_msgs/msg/detail/set_pwm_servo_state__rosidl_typesupport_fastrtps_cpp.hpp
[0.843s] -- Up-to-date symlink: /home/intel/repo/d021rs-yolov5-ros2-subscription-node-limitationuk/install/ros_robot_controller_msgs/include/ros_robot_controller_msgs/ros_robot_controller_msgs/msg/rosidl_typesupport_fastrtps_cpp__visibility_control.h
[0.843s] -- Up-to-date symlink: /home/intel/repo/d021rs-yolov5-ros2-subscription-node-limitationuk/install/ros_robot_controller_msgs/include/ros_robot_controller_msgs/ros_robot_controller_msgs/srv/detail/get_bus_servo_state__rosidl_typesupport_fastrtps_cpp.hpp
[0.843s] -- Up-to-date symlink: /home/intel/repo/d021rs-yolov5-ros2-subscription-node-limitationuk/install/ros_robot_controller_msgs/include/ros_robot_controller_msgs/ros_robot_controller_msgs/srv/detail/get_pwm_servo_state__rosidl_typesupport_fastrtps_cpp.hpp
[0.843s] -- Up-to-date symlink: /home/intel/repo/d021rs-yolov5-ros2-subscription-node-limitationuk/install/ros_robot_controller_msgs/include/ros_robot_controller_msgs/ros_robot_controller_msgs/msg/detail/bus_servo_state__rosidl_typesupport_introspection_c.h
[0.843s] -- Up-to-date symlink: /home/intel/repo/d021rs-yolov5-ros2-subscription-node-limitationuk/install/ros_robot_controller_msgs/include/ros_robot_controller_msgs/ros_robot_controller_msgs/msg/detail/button_state__rosidl_typesupport_introspection_c.h
[0.843s] -- Up-to-date symlink: /home/intel/repo/d021rs-yolov5-ros2-subscription-node-limitationuk/install/ros_robot_controller_msgs/include/ros_robot_controller_msgs/ros_robot_controller_msgs/msg/detail/buzzer_state__rosidl_typesupport_introspection_c.h
[0.843s] -- Up-to-date symlink: /home/intel/repo/d021rs-yolov5-ros2-subscription-node-limitationuk/install/ros_robot_controller_msgs/include/ros_robot_controller_msgs/ros_robot_controller_msgs/msg/detail/get_bus_servo_cmd__rosidl_typesupport_introspection_c.h
[0.843s] -- Up-to-date symlink: /home/intel/repo/d021rs-yolov5-ros2-subscription-node-limitationuk/install/ros_robot_controller_msgs/include/ros_robot_controller_msgs/ros_robot_controller_msgs/msg/detail/get_pwm_servo_cmd__rosidl_typesupport_introspection_c.h
[0.843s] -- Up-to-date symlink: /home/intel/repo/d021rs-yolov5-ros2-subscription-node-limitationuk/install/ros_robot_controller_msgs/include/ros_robot_controller_msgs/ros_robot_controller_msgs/msg/detail/led_state__rosidl_typesupport_introspection_c.h
[0.843s] -- Up-to-date symlink: /home/intel/repo/d021rs-yolov5-ros2-subscription-node-limitationuk/install/ros_robot_controller_msgs/include/ros_robot_controller_msgs/ros_robot_controller_msgs/msg/detail/motor_state__rosidl_typesupport_introspection_c.h
[0.843s] -- Up-to-date symlink: /home/intel/repo/d021rs-yolov5-ros2-subscription-node-limitationuk/install/ros_robot_controller_msgs/include/ros_robot_controller_msgs/ros_robot_controller_msgs/msg/detail/motors_state__rosidl_typesupport_introspection_c.h
[0.843s] -- Up-to-date symlink: /home/intel/repo/d021rs-yolov5-ros2-subscription-node-limitationuk/install/ros_robot_controller_msgs/include/ros_robot_controller_msgs/ros_robot_controller_msgs/msg/detail/oled_state__rosidl_typesupport_introspection_c.h
[0.843s] -- Up-to-date symlink: /home/intel/repo/d021rs-yolov5-ros2-subscription-node-limitationuk/install/ros_robot_controller_msgs/include/ros_robot_controller_msgs/ros_robot_controller_msgs/msg/detail/pwm_servo_state__rosidl_typesupport_introspection_c.h
[0.843s] -- Up-to-date symlink: /home/intel/repo/d021rs-yolov5-ros2-subscription-node-limitationuk/install/ros_robot_controller_msgs/include/ros_robot_controller_msgs/ros_robot_controller_msgs/msg/detail/rgb_state__rosidl_typesupport_introspection_c.h
[0.843s] -- Up-to-date symlink: /home/intel/repo/d021rs-yolov5-ros2-subscription-node-limitationuk/install/ros_robot_controller_msgs/include/ros_robot_controller_msgs/ros_robot_controller_msgs/msg/detail/rgb_states__rosidl_typesupport_introspection_c.h
[0.843s] -- Up-to-date symlink: /home/intel/repo/d021rs-yolov5-ros2-subscription-node-limitationuk/install/ros_robot_controller_msgs/include/ros_robot_controller_msgs/ros_robot_controller_msgs/msg/detail/sbus__rosidl_typesupport_introspection_c.h
[0.843s] -- Up-to-date symlink: /home/intel/repo/d021rs-yolov5-ros2-subscription-node-limitationuk/install/ros_robot_controller_msgs/include/ros_robot_controller_msgs/ros_robot_controller_msgs/msg/detail/servo_position__rosidl_typesupport_introspection_c.h
[0.843s] -- Up-to-date symlink: /home/intel/repo/d021rs-yolov5-ros2-subscription-node-limitationuk/install/ros_robot_controller_msgs/include/ros_robot_controller_msgs/ros_robot_controller_msgs/msg/detail/servos_position__rosidl_typesupport_introspection_c.h
[0.844s] -- Up-to-date symlink: /home/intel/repo/d021rs-yolov5-ros2-subscription-node-limitationuk/install/ros_robot_controller_msgs/include/ros_robot_controller_msgs/ros_robot_controller_msgs/msg/detail/set_bus_servo_state__rosidl_typesupport_introspection_c.h
[0.844s] -- Up-to-date symlink: /home/intel/repo/d021rs-yolov5-ros2-subscription-node-limitationuk/install/ros_robot_controller_msgs/include/ros_robot_controller_msgs/ros_robot_controller_msgs/msg/detail/set_pwm_servo_state__rosidl_typesupport_introspection_c.h
[0.844s] -- Up-to-date symlink: /home/intel/repo/d021rs-yolov5-ros2-subscription-node-limitationuk/install/ros_robot_controller_msgs/include/ros_robot_controller_msgs/ros_robot_controller_msgs/msg/rosidl_typesupport_introspection_c__visibility_control.h
[0.844s] -- Up-to-date symlink: /home/intel/repo/d021rs-yolov5-ros2-subscription-node-limitationuk/install/ros_robot_controller_msgs/include/ros_robot_controller_msgs/ros_robot_controller_msgs/srv/detail/get_bus_servo_state__rosidl_typesupport_introspection_c.h
[0.844s] -- Up-to-date symlink: /home/intel/repo/d021rs-yolov5-ros2-subscription-node-limitationuk/install/ros_robot_controller_msgs/include/ros_robot_controller_msgs/ros_robot_controller_msgs/srv/detail/get_pwm_servo_state__rosidl_typesupport_introspection_c.h
[0.844s] -- Up-to-date symlink: /home/intel/repo/d021rs-yolov5-ros2-subscription-node-limitationuk/install/ros_robot_controller_msgs/include/ros_robot_controller_msgs/ros_robot_controller_msgs/msg/detail/bus_servo_state__rosidl_typesupport_introspection_cpp.hpp
[0.844s] -- Up-to-date symlink: /home/intel/repo/d021rs-yolov5-ros2-subscription-node-limitationuk/install/ros_robot_controller_msgs/include/ros_robot_controller_msgs/ros_robot_controller_msgs/msg/detail/button_state__rosidl_typesupport_introspection_cpp.hpp
[0.845s] -- Up-to-date symlink: /home/intel/repo/d021rs-yolov5-ros2-subscription-node-limitationuk/install/ros_robot_controller_msgs/include/ros_robot_controller_msgs/ros_robot_controller_msgs/msg/detail/buzzer_state__rosidl_typesupport_introspection_cpp.hpp
[0.845s] -- Up-to-date symlink: /home/intel/repo/d021rs-yolov5-ros2-subscription-node-limitationuk/install/ros_robot_controller_msgs/include/ros_robot_controller_msgs/ros_robot_controller_msgs/msg/detail/get_bus_servo_cmd__rosidl_typesupport_introspection_cpp.hpp
[0.845s] -- Up-to-date symlink: /home/intel/repo/d021rs-yolov5-ros2-subscription-node-limitationuk/install/ros_robot_controller_msgs/include/ros_robot_controller_msgs/ros_robot_controller_msgs/msg/detail/get_pwm_servo_cmd__rosidl_typesupport_introspection_cpp.hpp
[0.845s] -- Up-to-date symlink: /home/intel/repo/d021rs-yolov5-ros2-subscription-node-limitationuk/install/ros_robot_controller_msgs/include/ros_robot_controller_msgs/ros_robot_controller_msgs/msg/detail/led_state__rosidl_typesupport_introspection_cpp.hpp
[0.845s] -- Up-to-date symlink: /home/intel/repo/d021rs-yolov5-ros2-subscription-node-limitationuk/install/ros_robot_controller_msgs/include/ros_robot_controller_msgs/ros_robot_controller_msgs/msg/detail/motor_state__rosidl_typesupport_introspection_cpp.hpp
[0.845s] -- Up-to-date symlink: /home/intel/repo/d021rs-yolov5-ros2-subscription-node-limitationuk/install/ros_robot_controller_msgs/include/ros_robot_controller_msgs/ros_robot_controller_msgs/msg/detail/motors_state__rosidl_typesupport_introspection_cpp.hpp
[0.845s] -- Up-to-date symlink: /home/intel/repo/d021rs-yolov5-ros2-subscription-node-limitationuk/install/ros_robot_controller_msgs/include/ros_robot_controller_msgs/ros_robot_controller_msgs/msg/detail/oled_state__rosidl_typesupport_introspection_cpp.hpp
[0.845s] -- Up-to-date symlink: /home/intel/repo/d021rs-yolov5-ros2-subscription-node-limitationuk/install/ros_robot_controller_msgs/include/ros_robot_controller_msgs/ros_robot_controller_msgs/msg/detail/pwm_servo_state__rosidl_typesupport_introspection_cpp.hpp
[0.845s] -- Up-to-date symlink: /home/intel/repo/d021rs-yolov5-ros2-subscription-node-limitationuk/install/ros_robot_controller_msgs/include/ros_robot_controller_msgs/ros_robot_controller_msgs/msg/detail/rgb_state__rosidl_typesupport_introspection_cpp.hpp
[0.845s] -- Up-to-date symlink: /home/intel/repo/d021rs-yolov5-ros2-subscription-node-limitationuk/install/ros_robot_controller_msgs/include/ros_robot_controller_msgs/ros_robot_controller_msgs/msg/detail/rgb_states__rosidl_typesupport_introspection_cpp.hpp
[0.845s] -- Up-to-date symlink: /home/intel/repo/d021rs-yolov5-ros2-subscription-node-limitationuk/install/ros_robot_controller_msgs/include/ros_robot_controller_msgs/ros_robot_controller_msgs/msg/detail/sbus__rosidl_typesupport_introspection_cpp.hpp
[0.845s] -- Up-to-date symlink: /home/intel/repo/d021rs-yolov5-ros2-subscription-node-limitationuk/install/ros_robot_controller_msgs/include/ros_robot_controller_msgs/ros_robot_controller_msgs/msg/detail/servo_position__rosidl_typesupport_introspection_cpp.hpp
[0.845s] -- Up-to-date symlink: /home/intel/repo/d021rs-yolov5-ros2-subscription-node-limitationuk/install/ros_robot_controller_msgs/include/ros_robot_controller_msgs/ros_robot_controller_msgs/msg/detail/servos_position__rosidl_typesupport_introspection_cpp.hpp
[0.845s] -- Up-to-date symlink: /home/intel/repo/d021rs-yolov5-ros2-subscription-node-limitationuk/install/ros_robot_controller_msgs/include/ros_robot_controller_msgs/ros_robot_controller_msgs/msg/detail/set_bus_servo_state__rosidl_typesupport_introspection_cpp.hpp
[0.845s] -- Up-to-date symlink: /home/intel/repo/d021rs-yolov5-ros2-subscription-node-limitationuk/install/ros_robot_controller_msgs/include/ros_robot_controller_msgs/ros_robot_controller_msgs/msg/detail/set_pwm_servo_state__rosidl_typesupport_introspection_cpp.hpp
[0.845s] -- Up-to-date symlink: /home/intel/repo/d021rs-yolov5-ros2-subscription-node-limitationuk/install/ros_robot_controller_msgs/include/ros_robot_controller_msgs/ros_robot_controller_msgs/srv/detail/get_bus_servo_state__rosidl_typesupport_introspection_cpp.hpp
[0.845s] -- Up-to-date symlink: /home/intel/repo/d021rs-yolov5-ros2-subscription-node-limitationuk/install/ros_robot_controller_msgs/include/ros_robot_controller_msgs/ros_robot_controller_msgs/srv/detail/get_pwm_servo_state__rosidl_typesupport_introspection_cpp.hpp
[0.845s] -- Up-to-date symlink: /home/intel/repo/d021rs-yolov5-ros2-subscription-node-limitationuk/install/ros_robot_controller_msgs/share/ros_robot_controller_msgs/environment/pythonpath.sh
[0.845s] -- Up-to-date symlink: /home/intel/repo/d021rs-yolov5-ros2-subscription-node-limitationuk/install/ros_robot_controller_msgs/share/ros_robot_controller_msgs/environment/pythonpath.dsv
[0.845s] -- Up-to-date symlink: /home/intel/repo/d021rs-yolov5-ros2-subscription-node-limitationuk/install/ros_robot_controller_msgs/lib/python3.12/site-packages/ros_robot_controller_msgs-0.0.0-py3.12.egg-info/PKG-INFO
[0.845s] -- Up-to-date symlink: /home/intel/repo/d021rs-yolov5-ros2-subscription-node-limitationuk/install/ros_robot_controller_msgs/lib/python3.12/site-packages/ros_robot_controller_msgs-0.0.0-py3.12.egg-info/SOURCES.txt
[0.845s] -- Up-to-date symlink: /home/intel/repo/d021rs-yolov5-ros2-subscription-node-limitationuk/install/ros_robot_controller_msgs/lib/python3.12/site-packages/ros_robot_controller_msgs-0.0.0-py3.12.egg-info/dependency_links.txt
[0.845s] -- Up-to-date symlink: /home/intel/repo/d021rs-yolov5-ros2-subscription-node-limitationuk/install/ros_robot_controller_msgs/lib/python3.12/site-packages/ros_robot_controller_msgs-0.0.0-py3.12.egg-info/top_level.txt
[0.845s] -- Up-to-date symlink: /home/intel/repo/d021rs-yolov5-ros2-subscription-node-limitationuk/install/ros_robot_controller_msgs/lib/python3.12/site-packages/ros_robot_controller_msgs/__init__.py
[0.845s] -- Up-to-date symlink: /home/intel/repo/d021rs-yolov5-ros2-subscription-node-limitationuk/install/ros_robot_controller_msgs/lib/python3.12/site-packages/ros_robot_controller_msgs/_ros_robot_controller_msgs_s.ep.rosidl_typesupport_c.c
[0.845s] -- Up-to-date symlink: /home/intel/repo/d021rs-yolov5-ros2-subscription-node-limitationuk/install/ros_robot_controller_msgs/lib/python3.12/site-packages/ros_robot_controller_msgs/_ros_robot_controller_msgs_s.ep.rosidl_typesupport_fastrtps_c.c
[0.845s] -- Up-to-date symlink: /home/intel/repo/d021rs-yolov5-ros2-subscription-node-limitationuk/install/ros_robot_controller_msgs/lib/python3.12/site-packages/ros_robot_controller_msgs/_ros_robot_controller_msgs_s.ep.rosidl_typesupport_introspection_c.c
[0.846s] -- Up-to-date symlink: /home/intel/repo/d021rs-yolov5-ros2-subscription-node-limitationuk/install/ros_robot_controller_msgs/lib/python3.12/site-packages/ros_robot_controller_msgs/msg/__init__.py
[0.846s] -- Up-to-date symlink: /home/intel/repo/d021rs-yolov5-ros2-subscription-node-limitationuk/install/ros_robot_controller_msgs/lib/python3.12/site-packages/ros_robot_controller_msgs/msg/_bus_servo_state.py
[0.846s] -- Up-to-date symlink: /home/intel/repo/d021rs-yolov5-ros2-subscription-node-limitationuk/install/ros_robot_controller_msgs/lib/python3.12/site-packages/ros_robot_controller_msgs/msg/_bus_servo_state_s.c
[0.846s] -- Up-to-date symlink: /home/intel/repo/d021rs-yolov5-ros2-subscription-node-limitationuk/install/ros_robot_controller_msgs/lib/python3.12/site-packages/ros_robot_controller_msgs/msg/_button_state.py
[0.846s] -- Up-to-date symlink: /home/intel/repo/d021rs-yolov5-ros2-subscription-node-limitationuk/install/ros_robot_controller_msgs/lib/python3.12/site-packages/ros_robot_controller_msgs/msg/_button_state_s.c
[0.846s] -- Up-to-date symlink: /home/intel/repo/d021rs-yolov5-ros2-subscription-node-limitationuk/install/ros_robot_controller_msgs/lib/python3.12/site-packages/ros_robot_controller_msgs/msg/_buzzer_state.py
[0.846s] -- Up-to-date symlink: /home/intel/repo/d021rs-yolov5-ros2-subscription-node-limitationuk/install/ros_robot_controller_msgs/lib/python3.12/site-packages/ros_robot_controller_msgs/msg/_buzzer_state_s.c
[0.846s] -- Up-to-date symlink: /home/intel/repo/d021rs-yolov5-ros2-subscription-node-limitationuk/install/ros_robot_controller_msgs/lib/python3.12/site-packages/ros_robot_controller_msgs/msg/_get_bus_servo_cmd.py
[0.846s] -- Up-to-date symlink: /home/intel/repo/d021rs-yolov5-ros2-subscription-node-limitationuk/install/ros_robot_controller_msgs/lib/python3.12/site-packages/ros_robot_controller_msgs/msg/_get_bus_servo_cmd_s.c
[0.846s] -- Up-to-date symlink: /home/intel/repo/d021rs-yolov5-ros2-subscription-node-limitationuk/install/ros_robot_controller_msgs/lib/python3.12/site-packages/ros_robot_controller_msgs/msg/_get_pwm_servo_cmd.py
[0.847s] -- Up-to-date symlink: /home/intel/repo/d021rs-yolov5-ros2-subscription-node-limitationuk/install/ros_robot_controller_msgs/lib/python3.12/site-packages/ros_robot_controller_msgs/msg/_get_pwm_servo_cmd_s.c
[0.847s] -- Up-to-date symlink: /home/intel/repo/d021rs-yolov5-ros2-subscription-node-limitationuk/install/ros_robot_controller_msgs/lib/python3.12/site-packages/ros_robot_controller_msgs/msg/_led_state.py
[0.847s] -- Up-to-date symlink: /home/intel/repo/d021rs-yolov5-ros2-subscription-node-limitationuk/install/ros_robot_controller_msgs/lib/python3.12/site-packages/ros_robot_controller_msgs/msg/_led_state_s.c
[0.847s] -- Up-to-date symlink: /home/intel/repo/d021rs-yolov5-ros2-subscription-node-limitationuk/install/ros_robot_controller_msgs/lib/python3.12/site-packages/ros_robot_controller_msgs/msg/_motor_state.py
[0.847s] -- Up-to-date symlink: /home/intel/repo/d021rs-yolov5-ros2-subscription-node-limitationuk/install/ros_robot_controller_msgs/lib/python3.12/site-packages/ros_robot_controller_msgs/msg/_motor_state_s.c
[0.847s] -- Up-to-date symlink: /home/intel/repo/d021rs-yolov5-ros2-subscription-node-limitationuk/install/ros_robot_controller_msgs/lib/python3.12/site-packages/ros_robot_controller_msgs/msg/_motors_state.py
[0.847s] -- Up-to-date symlink: /home/intel/repo/d021rs-yolov5-ros2-subscription-node-limitationuk/install/ros_robot_controller_msgs/lib/python3.12/site-packages/ros_robot_controller_msgs/msg/_motors_state_s.c
[0.847s] -- Up-to-date symlink: /home/intel/repo/d021rs-yolov5-ros2-subscription-node-limitationuk/install/ros_robot_controller_msgs/lib/python3.12/site-packages/ros_robot_controller_msgs/msg/_oled_state.py
[0.847s] -- Up-to-date symlink: /home/intel/repo/d021rs-yolov5-ros2-subscription-node-limitationuk/install/ros_robot_controller_msgs/lib/python3.12/site-packages/ros_robot_controller_msgs/msg/_oled_state_s.c
[0.847s] -- Up-to-date symlink: /home/intel/repo/d021rs-yolov5-ros2-subscription-node-limitationuk/install/ros_robot_controller_msgs/lib/python3.12/site-packages/ros_robot_controller_msgs/msg/_pwm_servo_state.py
[0.847s] -- Up-to-date symlink: /home/intel/repo/d021rs-yolov5-ros2-subscription-node-limitationuk/install/ros_robot_controller_msgs/lib/python3.12/site-packages/ros_robot_controller_msgs/msg/_pwm_servo_state_s.c
[0.847s] -- Up-to-date symlink: /home/intel/repo/d021rs-yolov5-ros2-subscription-node-limitationuk/install/ros_robot_controller_msgs/lib/python3.12/site-packages/ros_robot_controller_msgs/msg/_rgb_state.py
[0.847s] -- Up-to-date symlink: /home/intel/repo/d021rs-yolov5-ros2-subscription-node-limitationuk/install/ros_robot_controller_msgs/lib/python3.12/site-packages/ros_robot_controller_msgs/msg/_rgb_state_s.c
[0.847s] -- Up-to-date symlink: /home/intel/repo/d021rs-yolov5-ros2-subscription-node-limitationuk/install/ros_robot_controller_msgs/lib/python3.12/site-packages/ros_robot_controller_msgs/msg/_rgb_states.py
[0.847s] -- Up-to-date symlink: /home/intel/repo/d021rs-yolov5-ros2-subscription-node-limitationuk/install/ros_robot_controller_msgs/lib/python3.12/site-packages/ros_robot_controller_msgs/msg/_rgb_states_s.c
[0.847s] -- Up-to-date symlink: /home/intel/repo/d021rs-yolov5-ros2-subscription-node-limitationuk/install/ros_robot_controller_msgs/lib/python3.12/site-packages/ros_robot_controller_msgs/msg/_sbus.py
[0.847s] -- Up-to-date symlink: /home/intel/repo/d021rs-yolov5-ros2-subscription-node-limitationuk/install/ros_robot_controller_msgs/lib/python3.12/site-packages/ros_robot_controller_msgs/msg/_sbus_s.c
[0.847s] -- Up-to-date symlink: /home/intel/repo/d021rs-yolov5-ros2-subscription-node-limitationuk/install/ros_robot_controller_msgs/lib/python3.12/site-packages/ros_robot_controller_msgs/msg/_servo_position.py
[0.847s] -- Up-to-date symlink: /home/intel/repo/d021rs-yolov5-ros2-subscription-node-limitationuk/install/ros_robot_controller_msgs/lib/python3.12/site-packages/ros_robot_controller_msgs/msg/_servo_position_s.c
[0.847s] -- Up-to-date symlink: /home/intel/repo/d021rs-yolov5-ros2-subscription-node-limitationuk/install/ros_robot_controller_msgs/lib/python3.12/site-packages/ros_robot_controller_msgs/msg/_servos_position.py
[0.847s] -- Up-to-date symlink: /home/intel/repo/d021rs-yolov5-ros2-subscription-node-limitationuk/install/ros_robot_controller_msgs/lib/python3.12/site-packages/ros_robot_controller_msgs/msg/_servos_position_s.c
[0.847s] -- Up-to-date symlink: /home/intel/repo/d021rs-yolov5-ros2-subscription-node-limitationuk/install/ros_robot_controller_msgs/lib/python3.12/site-packages/ros_robot_controller_msgs/msg/_set_bus_servo_state.py
[0.847s] -- Up-to-date symlink: /home/intel/repo/d021rs-yolov5-ros2-subscription-node-limitationuk/install/ros_robot_controller_msgs/lib/python3.12/site-packages/ros_robot_controller_msgs/msg/_set_bus_servo_state_s.c
[0.848s] -- Up-to-date symlink: /home/intel/repo/d021rs-yolov5-ros2-subscription-node-limitationuk/install/ros_robot_controller_msgs/lib/python3.12/site-packages/ros_robot_controller_msgs/msg/_set_pwm_servo_state.py
[0.848s] -- Up-to-date symlink: /home/intel/repo/d021rs-yolov5-ros2-subscription-node-limitationuk/install/ros_robot_controller_msgs/lib/python3.12/site-packages/ros_robot_controller_msgs/msg/_set_pwm_servo_state_s.c
[0.848s] -- Up-to-date symlink: /home/intel/repo/d021rs-yolov5-ros2-subscription-node-limitationuk/install/ros_robot_controller_msgs/lib/python3.12/site-packages/ros_robot_controller_msgs/ros_robot_controller_msgs_s__rosidl_typesupport_c.so
[0.848s] -- Up-to-date symlink: /home/intel/repo/d021rs-yolov5-ros2-subscription-node-limitationuk/install/ros_robot_controller_msgs/lib/python3.12/site-packages/ros_robot_controller_msgs/ros_robot_controller_msgs_s__rosidl_typesupport_fastrtps_c.so
[0.848s] -- Up-to-date symlink: /home/intel/repo/d021rs-yolov5-ros2-subscription-node-limitationuk/install/ros_robot_controller_msgs/lib/python3.12/site-packages/ros_robot_controller_msgs/ros_robot_controller_msgs_s__rosidl_typesupport_introspection_c.so
[0.848s] -- Up-to-date symlink: /home/intel/repo/d021rs-yolov5-ros2-subscription-node-limitationuk/install/ros_robot_controller_msgs/lib/python3.12/site-packages/ros_robot_controller_msgs/srv/__init__.py
[0.848s] -- Up-to-date symlink: /home/intel/repo/d021rs-yolov5-ros2-subscription-node-limitationuk/install/ros_robot_controller_msgs/lib/python3.12/site-packages/ros_robot_controller_msgs/srv/_get_bus_servo_state.py
[0.848s] -- Up-to-date symlink: /home/intel/repo/d021rs-yolov5-ros2-subscription-node-limitationuk/install/ros_robot_controller_msgs/lib/python3.12/site-packages/ros_robot_controller_msgs/srv/_get_bus_servo_state_s.c
[0.848s] -- Up-to-date symlink: /home/intel/repo/d021rs-yolov5-ros2-subscription-node-limitationuk/install/ros_robot_controller_msgs/lib/python3.12/site-packages/ros_robot_controller_msgs/srv/_get_pwm_servo_state.py
[0.848s] -- Up-to-date symlink: /home/intel/repo/d021rs-yolov5-ros2-subscription-node-limitationuk/install/ros_robot_controller_msgs/lib/python3.12/site-packages/ros_robot_controller_msgs/srv/_get_pwm_servo_state_s.c
[0.848s] -- Up-to-date symlink: /home/intel/repo/d021rs-yolov5-ros2-subscription-node-limitationuk/install/ros_robot_controller_msgs/lib/python3.12/site-packages/ros_robot_controller_msgs/ros_robot_controller_msgs_s__rosidl_typesupport_fastrtps_c.so
[0.848s] -- Up-to-date symlink: /home/intel/repo/d021rs-yolov5-ros2-subscription-node-limitationuk/install/ros_robot_controller_msgs/lib/python3.12/site-packages/ros_robot_controller_msgs/ros_robot_controller_msgs_s__rosidl_typesupport_introspection_c.so
[0.848s] -- Up-to-date symlink: /home/intel/repo/d021rs-yolov5-ros2-subscription-node-limitationuk/install/ros_robot_controller_msgs/lib/python3.12/site-packages/ros_robot_controller_msgs/ros_robot_controller_msgs_s__rosidl_typesupport_c.so
[0.848s] -- Up-to-date symlink: /home/intel/repo/d021rs-yolov5-ros2-subscription-node-limitationuk/install/ros_robot_controller_msgs/share/ros_robot_controller_msgs/msg/BusServoState.idl
[0.848s] -- Up-to-date symlink: /home/intel/repo/d021rs-yolov5-ros2-subscription-node-limitationuk/install/ros_robot_controller_msgs/share/ros_robot_controller_msgs/msg/ButtonState.idl
[0.848s] -- Up-to-date symlink: /home/intel/repo/d021rs-yolov5-ros2-subscription-node-limitationuk/install/ros_robot_controller_msgs/share/ros_robot_controller_msgs/msg/BuzzerState.idl
[0.848s] -- Up-to-date symlink: /home/intel/repo/d021rs-yolov5-ros2-subscription-node-limitationuk/install/ros_robot_controller_msgs/share/ros_robot_controller_msgs/msg/LedState.idl
[0.848s] -- Up-to-date symlink: /home/intel/repo/d021rs-yolov5-ros2-subscription-node-limitationuk/install/ros_robot_controller_msgs/share/ros_robot_controller_msgs/msg/MotorState.idl
[0.849s] -- Up-to-date symlink: /home/intel/repo/d021rs-yolov5-ros2-subscription-node-limitationuk/install/ros_robot_controller_msgs/share/ros_robot_controller_msgs/msg/MotorsState.idl
[0.849s] -- Up-to-date symlink: /home/intel/repo/d021rs-yolov5-ros2-subscription-node-limitationuk/install/ros_robot_controller_msgs/share/ros_robot_controller_msgs/msg/PWMServoState.idl
[0.849s] -- Up-to-date symlink: /home/intel/repo/d021rs-yolov5-ros2-subscription-node-limitationuk/install/ros_robot_controller_msgs/share/ros_robot_controller_msgs/msg/Sbus.idl
[0.849s] -- Up-to-date symlink: /home/intel/repo/d021rs-yolov5-ros2-subscription-node-limitationuk/install/ros_robot_controller_msgs/share/ros_robot_controller_msgs/msg/OLEDState.idl
[0.849s] -- Up-to-date symlink: /home/intel/repo/d021rs-yolov5-ros2-subscription-node-limitationuk/install/ros_robot_controller_msgs/share/ros_robot_controller_msgs/msg/SetBusServoState.idl
[0.849s] -- Up-to-date symlink: /home/intel/repo/d021rs-yolov5-ros2-subscription-node-limitationuk/install/ros_robot_controller_msgs/share/ros_robot_controller_msgs/msg/RGBStates.idl
[0.849s] -- Up-to-date symlink: /home/intel/repo/d021rs-yolov5-ros2-subscription-node-limitationuk/install/ros_robot_controller_msgs/share/ros_robot_controller_msgs/msg/RGBState.idl
[0.849s] -- Up-to-date symlink: /home/intel/repo/d021rs-yolov5-ros2-subscription-node-limitationuk/install/ros_robot_controller_msgs/share/ros_robot_controller_msgs/msg/ServoPosition.idl
[0.849s] -- Up-to-date symlink: /home/intel/repo/d021rs-yolov5-ros2-subscription-node-limitationuk/install/ros_robot_controller_msgs/share/ros_robot_controller_msgs/msg/ServosPosition.idl
[0.849s] -- Up-to-date symlink: /home/intel/repo/d021rs-yolov5-ros2-subscription-node-limitationuk/install/ros_robot_controller_msgs/share/ros_robot_controller_msgs/msg/SetPWMServoState.idl
[0.849s] -- Up-to-date symlink: /home/intel/repo/d021rs-yolov5-ros2-subscription-node-limitationuk/install/ros_robot_controller_msgs/share/ros_robot_controller_msgs/msg/GetBusServoCmd.idl
[0.849s] -- Up-to-date symlink: /home/intel/repo/d021rs-yolov5-ros2-subscription-node-limitationuk/install/ros_robot_controller_msgs/share/ros_robot_controller_msgs/msg/GetPWMServoCmd.idl
[0.849s] -- Up-to-date symlink: /home/intel/repo/d021rs-yolov5-ros2-subscription-node-limitationuk/install/ros_robot_controller_msgs/share/ros_robot_controller_msgs/srv/GetBusServoState.idl
[0.849s] -- Up-to-date symlink: /home/intel/repo/d021rs-yolov5-ros2-subscription-node-limitationuk/install/ros_robot_controller_msgs/share/ros_robot_controller_msgs/srv/GetPWMServoState.idl
[0.849s] -- Up-to-date symlink: /home/intel/repo/d021rs-yolov5-ros2-subscription-node-limitationuk/install/ros_robot_controller_msgs/share/ros_robot_controller_msgs/msg/BusServoState.msg
[0.849s] -- Up-to-date symlink: /home/intel/repo/d021rs-yolov5-ros2-subscription-node-limitationuk/install/ros_robot_controller_msgs/share/ros_robot_controller_msgs/msg/ButtonState.msg
[0.849s] -- Up-to-date symlink: /home/intel/repo/d021rs-yolov5-ros2-subscription-node-limitationuk/install/ros_robot_controller_msgs/share/ros_robot_controller_msgs/msg/BuzzerState.msg
[0.849s] -- Up-to-date symlink: /home/intel/repo/d021rs-yolov5-ros2-subscription-node-limitationuk/install/ros_robot_controller_msgs/share/ros_robot_controller_msgs/msg/LedState.msg
[0.850s] -- Up-to-date symlink: /home/intel/repo/d021rs-yolov5-ros2-subscription-node-limitationuk/install/ros_robot_controller_msgs/share/ros_robot_controller_msgs/msg/MotorState.msg
[0.850s] -- Up-to-date symlink: /home/intel/repo/d021rs-yolov5-ros2-subscription-node-limitationuk/install/ros_robot_controller_msgs/share/ros_robot_controller_msgs/msg/MotorsState.msg
[0.850s] -- Up-to-date symlink: /home/intel/repo/d021rs-yolov5-ros2-subscription-node-limitationuk/install/ros_robot_controller_msgs/share/ros_robot_controller_msgs/msg/PWMServoState.msg
[0.850s] -- Up-to-date symlink: /home/intel/repo/d021rs-yolov5-ros2-subscription-node-limitationuk/install/ros_robot_controller_msgs/share/ros_robot_controller_msgs/msg/Sbus.msg
[0.850s] -- Up-to-date symlink: /home/intel/repo/d021rs-yolov5-ros2-subscription-node-limitationuk/install/ros_robot_controller_msgs/share/ros_robot_controller_msgs/msg/OLEDState.msg
[0.850s] -- Up-to-date symlink: /home/intel/repo/d021rs-yolov5-ros2-subscription-node-limitationuk/install/ros_robot_controller_msgs/share/ros_robot_controller_msgs/msg/SetBusServoState.msg
[0.850s] -- Up-to-date symlink: /home/intel/repo/d021rs-yolov5-ros2-subscription-node-limitationuk/install/ros_robot_controller_msgs/share/ros_robot_controller_msgs/msg/RGBStates.msg
[0.850s] -- Up-to-date symlink: /home/intel/repo/d021rs-yolov5-ros2-subscription-node-limitationuk/install/ros_robot_controller_msgs/share/ros_robot_controller_msgs/msg/RGBState.msg
[0.850s] -- Up-to-date symlink: /home/intel/repo/d021rs-yolov5-ros2-subscription-node-limitationuk/install/ros_robot_controller_msgs/share/ros_robot_controller_msgs/msg/ServoPosition.msg
[0.850s] -- Up-to-date symlink: /home/intel/repo/d021rs-yolov5-ros2-subscription-node-limitationuk/install/ros_robot_controller_msgs/share/ros_robot_controller_msgs/msg/ServosPosition.msg
[0.850s] -- Up-to-date symlink: /home/intel/repo/d021rs-yolov5-ros2-subscription-node-limitationuk/install/ros_robot_controller_msgs/share/ros_robot_controller_msgs/msg/SetPWMServoState.msg
[0.850s] -- Up-to-date symlink: /home/intel/repo/d021rs-yolov5-ros2-subscription-node-limitationuk/install/ros_robot_controller_msgs/share/ros_robot_controller_msgs/msg/GetBusServoCmd.msg
[0.850s] -- Up-to-date symlink: /home/intel/repo/d021rs-yolov5-ros2-subscription-node-limitationuk/install/ros_robot_controller_msgs/share/ros_robot_controller_msgs/msg/GetPWMServoCmd.msg
[0.850s] -- Up-to-date symlink: /home/intel/repo/d021rs-yolov5-ros2-subscription-node-limitationuk/install/ros_robot_controller_msgs/share/ros_robot_controller_msgs/srv/GetBusServoState.srv
[0.850s] -- Up-to-date symlink: /home/intel/repo/d021rs-yolov5-ros2-subscription-node-limitationuk/install/ros_robot_controller_msgs/share/ros_robot_controller_msgs/srv/GetPWMServoState.srv
[0.850s] -- Up-to-date symlink: /home/intel/repo/d021rs-yolov5-ros2-subscription-node-limitationuk/install/ros_robot_controller_msgs/share/ament_index/resource_index/package_run_dependencies/ros_robot_controller_msgs
[0.850s] -- Up-to-date symlink: /home/intel/repo/d021rs-yolov5-ros2-subscription-node-limitationuk/install/ros_robot_controller_msgs/share/ament_index/resource_index/parent_prefix_path/ros_robot_controller_msgs
[0.850s] -- Up-to-date symlink: /home/intel/repo/d021rs-yolov5-ros2-subscription-node-limitationuk/install/ros_robot_controller_msgs/share/ros_robot_controller_msgs/environment/ament_prefix_path.sh
[0.850s] -- Up-to-date symlink: /home/intel/repo/d021rs-yolov5-ros2-subscription-node-limitationuk/install/ros_robot_controller_msgs/share/ros_robot_controller_msgs/environment/ament_prefix_path.dsv
[0.851s] -- Up-to-date symlink: /home/intel/repo/d021rs-yolov5-ros2-subscription-node-limitationuk/install/ros_robot_controller_msgs/share/ros_robot_controller_msgs/environment/path.sh
[0.851s] -- Up-to-date symlink: /home/intel/repo/d021rs-yolov5-ros2-subscription-node-limitationuk/install/ros_robot_controller_msgs/share/ros_robot_controller_msgs/environment/path.dsv
[0.851s] -- Up-to-date symlink: /home/intel/repo/d021rs-yolov5-ros2-subscription-node-limitationuk/install/ros_robot_controller_msgs/share/ros_robot_controller_msgs/local_setup.bash
[0.851s] -- Up-to-date symlink: /home/intel/repo/d021rs-yolov5-ros2-subscription-node-limitationuk/install/ros_robot_controller_msgs/share/ros_robot_controller_msgs/local_setup.sh
[0.851s] -- Up-to-date symlink: /home/intel/repo/d021rs-yolov5-ros2-subscription-node-limitationuk/install/ros_robot_controller_msgs/share/ros_robot_controller_msgs/local_setup.zsh
[0.851s] -- Up-to-date symlink: /home/intel/repo/d021rs-yolov5-ros2-subscription-node-limitationuk/install/ros_robot_controller_msgs/share/ros_robot_controller_msgs/local_setup.dsv
[0.851s] -- Symlinking: /home/intel/repo/d021rs-yolov5-ros2-subscription-node-limitationuk/install/ros_robot_controller_msgs/share/ros_robot_controller_msgs/package.dsv
[0.853s] -- Up-to-date symlink: /home/intel/repo/d021rs-yolov5-ros2-subscription-node-limitationuk/install/ros_robot_controller_msgs/share/ament_index/resource_index/packages/ros_robot_controller_msgs
[0.853s] -- Up-to-date symlink: /home/intel/repo/d021rs-yolov5-ros2-subscription-node-limitationuk/install/ros_robot_controller_msgs/share/ros_robot_controller_msgs/cmake/rosidl_cmake-extras.cmake
[0.853s] -- Up-to-date symlink: /home/intel/repo/d021rs-yolov5-ros2-subscription-node-limitationuk/install/ros_robot_controller_msgs/share/ros_robot_controller_msgs/cmake/ament_cmake_export_dependencies-extras.cmake
[0.853s] -- Up-to-date symlink: /home/intel/repo/d021rs-yolov5-ros2-subscription-node-limitationuk/install/ros_robot_controller_msgs/share/ros_robot_controller_msgs/cmake/ament_cmake_export_include_directories-extras.cmake
[0.854s] -- Up-to-date symlink: /home/intel/repo/d021rs-yolov5-ros2-subscription-node-limitationuk/install/ros_robot_controller_msgs/share/ros_robot_controller_msgs/cmake/ament_cmake_export_libraries-extras.cmake
[0.854s] -- Up-to-date symlink: /home/intel/repo/d021rs-yolov5-ros2-subscription-node-limitationuk/install/ros_robot_controller_msgs/share/ros_robot_controller_msgs/cmake/ament_cmake_export_targets-extras.cmake
[0.854s] -- Up-to-date symlink: /home/intel/repo/d021rs-yolov5-ros2-subscription-node-limitationuk/install/ros_robot_controller_msgs/share/ros_robot_controller_msgs/cmake/rosidl_cmake_export_typesupport_targets-extras.cmake
[0.854s] -- Up-to-date symlink: /home/intel/repo/d021rs-yolov5-ros2-subscription-node-limitationuk/install/ros_robot_controller_msgs/share/ros_robot_controller_msgs/cmake/rosidl_cmake_export_typesupport_libraries-extras.cmake
[0.854s] -- Up-to-date symlink: /home/intel/repo/d021rs-yolov5-ros2-subscription-node-limitationuk/install/ros_robot_controller_msgs/share/ros_robot_controller_msgs/cmake/ros_robot_controller_msgsConfig.cmake
[0.854s] -- Up-to-date symlink: /home/intel/repo/d021rs-yolov5-ros2-subscription-node-limitationuk/install/ros_robot_controller_msgs/share/ros_robot_controller_msgs/cmake/ros_robot_controller_msgsConfig-version.cmake
[0.854s] -- Up-to-date symlink: /home/intel/repo/d021rs-yolov5-ros2-subscription-node-limitationuk/install/ros_robot_controller_msgs/share/ros_robot_controller_msgs/package.xml
[0.860s] -- Up-to-date: /home/intel/repo/d021rs-yolov5-ros2-subscription-node-limitationuk/install/ros_robot_controller_msgs/lib/libros_robot_controller_msgs__rosidl_generator_c.so
[0.860s] -- Up-to-date: /home/intel/repo/d021rs-yolov5-ros2-subscription-node-limitationuk/install/ros_robot_controller_msgs/lib/libros_robot_controller_msgs__rosidl_typesupport_fastrtps_c.so
[0.860s] -- Up-to-date: /home/intel/repo/d021rs-yolov5-ros2-subscription-node-limitationuk/install/ros_robot_controller_msgs/lib/libros_robot_controller_msgs__rosidl_typesupport_fastrtps_cpp.so
[0.860s] -- Up-to-date: /home/intel/repo/d021rs-yolov5-ros2-subscription-node-limitationuk/install/ros_robot_controller_msgs/lib/libros_robot_controller_msgs__rosidl_typesupport_introspection_c.so
[0.860s] -- Up-to-date: /home/intel/repo/d021rs-yolov5-ros2-subscription-node-limitationuk/install/ros_robot_controller_msgs/lib/libros_robot_controller_msgs__rosidl_typesupport_c.so
[0.860s] -- Up-to-date: /home/intel/repo/d021rs-yolov5-ros2-subscription-node-limitationuk/install/ros_robot_controller_msgs/lib/libros_robot_controller_msgs__rosidl_typesupport_introspection_cpp.so
[0.860s] -- Up-to-date: /home/intel/repo/d021rs-yolov5-ros2-subscription-node-limitationuk/install/ros_robot_controller_msgs/lib/libros_robot_controller_msgs__rosidl_typesupport_cpp.so
[0.878s] Listing '/home/intel/repo/d021rs-yolov5-ros2-subscription-node-limitationuk/install/ros_robot_controller_msgs/lib/python3.12/site-packages/ros_robot_controller_msgs'...
[0.878s] Listing '/home/intel/repo/d021rs-yolov5-ros2-subscription-node-limitationuk/install/ros_robot_controller_msgs/lib/python3.12/site-packages/ros_robot_controller_msgs/msg'...
[0.878s] Listing '/home/intel/repo/d021rs-yolov5-ros2-subscription-node-limitationuk/install/ros_robot_controller_msgs/lib/python3.12/site-packages/ros_robot_controller_msgs/srv'...
[0.881s] -- Up-to-date: /home/intel/repo/d021rs-yolov5-ros2-subscription-node-limitationuk/install/ros_robot_controller_msgs/lib/libros_robot_controller_msgs__rosidl_generator_py.so
[0.881s] -- Up-to-date: /home/intel/repo/d021rs-yolov5-ros2-subscription-node-limitationuk/install/ros_robot_controller_msgs/share/ros_robot_controller_msgs/cmake/export_ros_robot_controller_msgs__rosidl_generator_cExport.cmake
[0.881s] -- Up-to-date: /home/intel/repo/d021rs-yolov5-ros2-subscription-node-limitationuk/install/ros_robot_controller_msgs/share/ros_robot_controller_msgs/cmake/export_ros_robot_controller_msgs__rosidl_generator_cExport-noconfig.cmake
[0.881s] -- Up-to-date: /home/intel/repo/d021rs-yolov5-ros2-subscription-node-limitationuk/install/ros_robot_controller_msgs/share/ros_robot_controller_msgs/cmake/export_ros_robot_controller_msgs__rosidl_typesupport_fastrtps_cExport.cmake
[0.881s] -- Up-to-date: /home/intel/repo/d021rs-yolov5-ros2-subscription-node-limitationuk/install/ros_robot_controller_msgs/share/ros_robot_controller_msgs/cmake/export_ros_robot_controller_msgs__rosidl_typesupport_fastrtps_cExport-noconfig.cmake
[0.882s] -- Up-to-date: /home/intel/repo/d021rs-yolov5-ros2-subscription-node-limitationuk/install/ros_robot_controller_msgs/share/ros_robot_controller_msgs/cmake/export_ros_robot_controller_msgs__rosidl_generator_cppExport.cmake
[0.882s] -- Up-to-date: /home/intel/repo/d021rs-yolov5-ros2-subscription-node-limitationuk/install/ros_robot_controller_msgs/share/ros_robot_controller_msgs/cmake/export_ros_robot_controller_msgs__rosidl_typesupport_fastrtps_cppExport.cmake
[0.882s] -- Up-to-date: /home/intel/repo/d021rs-yolov5-ros2-subscription-node-limitationuk/install/ros_robot_controller_msgs/share/ros_robot_controller_msgs/cmake/export_ros_robot_controller_msgs__rosidl_typesupport_fastrtps_cppExport-noconfig.cmake
[0.882s] -- Up-to-date: /home/intel/repo/d021rs-yolov5-ros2-subscription-node-limitationuk/install/ros_robot_controller_msgs/share/ros_robot_controller_msgs/cmake/ros_robot_controller_msgs__rosidl_typesupport_introspection_cExport.cmake
[0.882s] -- Up-to-date: /home/intel/repo/d021rs-yolov5-ros2-subscription-node-limitationuk/install/ros_robot_controller_msgs/share/ros_robot_controller_msgs/cmake/ros_robot_controller_msgs__rosidl_typesupport_introspection_cExport-noconfig.cmake
[0.882s] -- Up-to-date: /home/intel/repo/d021rs-yolov5-ros2-subscription-node-limitationuk/install/ros_robot_controller_msgs/share/ros_robot_controller_msgs/cmake/ros_robot_controller_msgs__rosidl_typesupport_cExport.cmake
[0.882s] -- Up-to-date: /home/intel/repo/d021rs-yolov5-ros2-subscription-node-limitationuk/install/ros_robot_controller_msgs/share/ros_robot_controller_msgs/cmake/ros_robot_controller_msgs__rosidl_typesupport_cExport-noconfig.cmake
[0.882s] -- Up-to-date: /home/intel/repo/d021rs-yolov5-ros2-subscription-node-limitationuk/install/ros_robot_controller_msgs/share/ros_robot_controller_msgs/cmake/ros_robot_controller_msgs__rosidl_typesupport_introspection_cppExport.cmake
[0.882s] -- Up-to-date: /home/intel/repo/d021rs-yolov5-ros2-subscription-node-limitationuk/install/ros_robot_controller_msgs/share/ros_robot_controller_msgs/cmake/ros_robot_controller_msgs__rosidl_typesupport_introspection_cppExport-noconfig.cmake
[0.882s] -- Up-to-date: /home/intel/repo/d021rs-yolov5-ros2-subscription-node-limitationuk/install/ros_robot_controller_msgs/share/ros_robot_controller_msgs/cmake/ros_robot_controller_msgs__rosidl_typesupport_cppExport.cmake
[0.882s] -- Up-to-date: /home/intel/repo/d021rs-yolov5-ros2-subscription-node-limitationuk/install/ros_robot_controller_msgs/share/ros_robot_controller_msgs/cmake/ros_robot_controller_msgs__rosidl_typesupport_cppExport-noconfig.cmake
[0.882s] -- Up-to-date: /home/intel/repo/d021rs-yolov5-ros2-subscription-node-limitationuk/install/ros_robot_controller_msgs/share/ros_robot_controller_msgs/cmake/export_ros_robot_controller_msgs__rosidl_generator_pyExport.cmake
[0.882s] -- Up-to-date: /home/intel/repo/d021rs-yolov5-ros2-subscription-node-limitationuk/install/ros_robot_controller_msgs/share/ros_robot_controller_msgs/cmake/export_ros_robot_controller_msgs__rosidl_generator_pyExport-noconfig.cmake
[0.884s] Invoked command in '/home/intel/repo/d021rs-yolov5-ros2-subscription-node-limitationuk/build/ros_robot_controller_msgs' returned '0': CMAKE_PREFIX_PATH=${CMAKE_PREFIX_PATH}:/home/intel/repo/d021rs-yolov5-ros2-limitationuk/ros2_ws/install/yolov5_ros2:/home/intel/repo/d021rs-yolov5-ros2-limitationuk/ros2_ws/install/slam:/home/intel/repo/d021rs-yolov5-ros2-limitationuk/ros2_ws/install/sdk:/home/intel/repo/d021rs-yolov5-ros2-limitationuk/ros2_ws/install/ros_robot_controller:/home/intel/repo/d021rs-yolov5-ros2-limitationuk/ros2_ws/install/peripherals:/home/intel/repo/d021rs-yolov5-ros2-limitationuk/ros2_ws/install/navigation:/home/intel/repo/d021rs-yolov5-ros2-limitationuk/ros2_ws/install/multi:/home/intel/repo/d021rs-yolov5-ros2-limitationuk/ros2_ws/install/mentorpi_description:/home/intel/repo/d021rs-yolov5-ros2-limitationuk/ros2_ws/install/example:/home/intel/repo/d021rs-yolov5-ros2-limitationuk/ros2_ws/install/controller:/home/intel/repo/d021rs-yolov5-ros2-limitationuk/ros2_ws/install/calibration:/home/intel/repo/d021rs-yolov5-ros2-limitationuk/ros2_ws/install/bringup:/home/intel/repo/d021rs-yolov5-ros2-limitationuk/ros2_ws/install/app:/opt/ros/jazzy DEBUGINFOD_URLS=https://debuginfod.ubuntu.com VIRTUAL_ENV_PROMPT=(.venv) /usr/bin/cmake --install /home/intel/repo/d021rs-yolov5-ros2-subscription-node-limitationuk/build/ros_robot_controller_msgs
