[0.075s] DEBUG:colcon:Command line arguments: ['/home/intel/repo/d021rs-yolov5-ros2-subscription-node-limitationuk/.venv/bin/colcon', 'build', '--symlink-install', '--cmake-args', '-DPython3_EXECUTABLE=/home/intel/repo/d021rs-yolov5-ros2-subscription-node-limitationuk/.venv/bin/python3', '-DPYTHON_EXECUTABLE=/home/intel/repo/d021rs-yolov5-ros2-subscription-node-limitationuk/.venv/bin/python3']
[0.075s] DEBUG:colcon:Parsed command line arguments: Namespace(log_base=None, log_level=None, verb_name='build', build_base='build', install_base='install', merge_install=False, symlink_install=True, test_result_base=None, continue_on_error=False, executor='parallel', parallel_workers=10, event_handlers=None, ignore_user_meta=False, metas=['./colcon.meta'], base_paths=['.'], packages_ignore=None, packages_ignore_regex=None, paths=None, packages_up_to=None, packages_up_to_regex=None, packages_above=None, packages_above_and_dependencies=None, packages_above_depth=None, packages_select_by_dep=None, packages_skip_by_dep=None, packages_skip_up_to=None, packages_select_build_failed=False, packages_skip_build_finished=False, packages_select_test_failures=False, packages_skip_test_passed=False, packages_select=None, packages_skip=None, packages_select_regex=None, packages_skip_regex=None, packages_start=None, packages_end=None, cmake_args=['-DPython3_EXECUTABLE=/home/intel/repo/d021rs-yolov5-ros2-subscription-node-limitationuk/.venv/bin/python3', '-DPYTHON_EXECUTABLE=/home/intel/repo/d021rs-yolov5-ros2-subscription-node-limitationuk/.venv/bin/python3'], cmake_target=None, cmake_target_skip_unavailable=False, cmake_clean_cache=False, cmake_clean_first=False, cmake_force_configure=False, ament_cmake_args=None, catkin_cmake_args=None, catkin_skip_building_tests=False, verb_parser=<colcon_defaults.argument_parser.defaults.DefaultArgumentsDecorator object at 0x7a9059dbac30>, verb_extension=<colcon_core.verb.build.BuildVerb object at 0x7a9059dba570>, main=<bound method BuildVerb.main of <colcon_core.verb.build.BuildVerb object at 0x7a9059dba570>>)
[0.094s] Level 1:colcon.colcon_core.package_discovery:discover_packages(colcon_meta) check parameters
[0.094s] Level 1:colcon.colcon_core.package_discovery:discover_packages(recursive) check parameters
[0.094s] Level 1:colcon.colcon_core.package_discovery:discover_packages(ignore) check parameters
[0.094s] Level 1:colcon.colcon_core.package_discovery:discover_packages(path) check parameters
[0.094s] Level 1:colcon.colcon_core.package_discovery:discover_packages(colcon_meta) discover
[0.094s] Level 1:colcon.colcon_core.package_discovery:discover_packages(recursive) discover
[0.094s] INFO:colcon.colcon_core.package_discovery:Crawling recursively for packages in '/home/intel/repo/d021rs-yolov5-ros2-subscription-node-limitationuk'
[0.094s] Level 1:colcon.colcon_core.package_identification:_identify(.) by extensions ['ignore', 'ignore_ament_install']
[0.094s] Level 1:colcon.colcon_core.package_identification:_identify(.) by extension 'ignore'
[0.094s] Level 1:colcon.colcon_core.package_identification:_identify(.) by extension 'ignore_ament_install'
[0.094s] Level 1:colcon.colcon_core.package_identification:_identify(.) by extensions ['colcon_pkg']
[0.094s] Level 1:colcon.colcon_core.package_identification:_identify(.) by extension 'colcon_pkg'
[0.094s] Level 1:colcon.colcon_core.package_identification:_identify(.) by extensions ['colcon_meta']
[0.094s] Level 1:colcon.colcon_core.package_identification:_identify(.) by extension 'colcon_meta'
[0.094s] Level 1:colcon.colcon_core.package_identification:_identify(.) by extensions ['ros']
[0.094s] Level 1:colcon.colcon_core.package_identification:_identify(.) by extension 'ros'
[0.107s] Level 1:colcon.colcon_core.package_identification:_identify(.) by extensions ['cmake', 'python']
[0.107s] Level 1:colcon.colcon_core.package_identification:_identify(.) by extension 'cmake'
[0.107s] Level 1:colcon.colcon_core.package_identification:_identify(.) by extension 'python'
[0.107s] Level 1:colcon.colcon_core.package_identification:_identify(.) by extensions ['python_setup_py']
[0.107s] Level 1:colcon.colcon_core.package_identification:_identify(.) by extension 'python_setup_py'
[0.107s] Level 1:colcon.colcon_core.package_identification:_identify(build) by extensions ['ignore', 'ignore_ament_install']
[0.108s] Level 1:colcon.colcon_core.package_identification:_identify(build) by extension 'ignore'
[0.108s] Level 1:colcon.colcon_core.package_identification:_identify(build) ignored
[0.108s] Level 1:colcon.colcon_core.package_identification:_identify(install) by extensions ['ignore', 'ignore_ament_install']
[0.108s] Level 1:colcon.colcon_core.package_identification:_identify(install) by extension 'ignore'
[0.108s] Level 1:colcon.colcon_core.package_identification:_identify(install) ignored
[0.108s] Level 1:colcon.colcon_core.package_identification:_identify(log) by extensions ['ignore', 'ignore_ament_install']
[0.108s] Level 1:colcon.colcon_core.package_identification:_identify(log) by extension 'ignore'
[0.108s] Level 1:colcon.colcon_core.package_identification:_identify(log) ignored
[0.108s] Level 1:colcon.colcon_core.package_identification:_identify(ros2_ws) by extensions ['ignore', 'ignore_ament_install']
[0.108s] Level 1:colcon.colcon_core.package_identification:_identify(ros2_ws) by extension 'ignore'
[0.108s] Level 1:colcon.colcon_core.package_identification:_identify(ros2_ws) by extension 'ignore_ament_install'
[0.108s] Level 1:colcon.colcon_core.package_identification:_identify(ros2_ws) by extensions ['colcon_pkg']
[0.108s] Level 1:colcon.colcon_core.package_identification:_identify(ros2_ws) by extension 'colcon_pkg'
[0.108s] Level 1:colcon.colcon_core.package_identification:_identify(ros2_ws) by extensions ['colcon_meta']
[0.108s] Level 1:colcon.colcon_core.package_identification:_identify(ros2_ws) by extension 'colcon_meta'
[0.108s] Level 1:colcon.colcon_core.package_identification:_identify(ros2_ws) by extensions ['ros']
[0.108s] Level 1:colcon.colcon_core.package_identification:_identify(ros2_ws) by extension 'ros'
[0.108s] Level 1:colcon.colcon_core.package_identification:_identify(ros2_ws) by extensions ['cmake', 'python']
[0.108s] Level 1:colcon.colcon_core.package_identification:_identify(ros2_ws) by extension 'cmake'
[0.108s] Level 1:colcon.colcon_core.package_identification:_identify(ros2_ws) by extension 'python'
[0.108s] Level 1:colcon.colcon_core.package_identification:_identify(ros2_ws) by extensions ['python_setup_py']
[0.108s] Level 1:colcon.colcon_core.package_identification:_identify(ros2_ws) by extension 'python_setup_py'
[0.108s] Level 1:colcon.colcon_core.package_identification:_identify(ros2_ws/build) by extensions ['ignore', 'ignore_ament_install']
[0.108s] Level 1:colcon.colcon_core.package_identification:_identify(ros2_ws/build) by extension 'ignore'
[0.108s] Level 1:colcon.colcon_core.package_identification:_identify(ros2_ws/build) ignored
[0.108s] Level 1:colcon.colcon_core.package_identification:_identify(ros2_ws/install) by extensions ['ignore', 'ignore_ament_install']
[0.108s] Level 1:colcon.colcon_core.package_identification:_identify(ros2_ws/install) by extension 'ignore'
[0.108s] Level 1:colcon.colcon_core.package_identification:_identify(ros2_ws/install) ignored
[0.108s] Level 1:colcon.colcon_core.package_identification:_identify(ros2_ws/log) by extensions ['ignore', 'ignore_ament_install']
[0.108s] Level 1:colcon.colcon_core.package_identification:_identify(ros2_ws/log) by extension 'ignore'
[0.108s] Level 1:colcon.colcon_core.package_identification:_identify(ros2_ws/log) ignored
[0.108s] Level 1:colcon.colcon_core.package_identification:_identify(ros2_ws/src) by extensions ['ignore', 'ignore_ament_install']
[0.108s] Level 1:colcon.colcon_core.package_identification:_identify(ros2_ws/src) by extension 'ignore'
[0.108s] Level 1:colcon.colcon_core.package_identification:_identify(ros2_ws/src) by extension 'ignore_ament_install'
[0.108s] Level 1:colcon.colcon_core.package_identification:_identify(ros2_ws/src) by extensions ['colcon_pkg']
[0.108s] Level 1:colcon.colcon_core.package_identification:_identify(ros2_ws/src) by extension 'colcon_pkg'
[0.108s] Level 1:colcon.colcon_core.package_identification:_identify(ros2_ws/src) by extensions ['colcon_meta']
[0.108s] Level 1:colcon.colcon_core.package_identification:_identify(ros2_ws/src) by extension 'colcon_meta'
[0.108s] Level 1:colcon.colcon_core.package_identification:_identify(ros2_ws/src) by extensions ['ros']
[0.109s] Level 1:colcon.colcon_core.package_identification:_identify(ros2_ws/src) by extension 'ros'
[0.109s] Level 1:colcon.colcon_core.package_identification:_identify(ros2_ws/src) by extensions ['cmake', 'python']
[0.109s] Level 1:colcon.colcon_core.package_identification:_identify(ros2_ws/src) by extension 'cmake'
[0.109s] Level 1:colcon.colcon_core.package_identification:_identify(ros2_ws/src) by extension 'python'
[0.109s] Level 1:colcon.colcon_core.package_identification:_identify(ros2_ws/src) by extensions ['python_setup_py']
[0.109s] Level 1:colcon.colcon_core.package_identification:_identify(ros2_ws/src) by extension 'python_setup_py'
[0.109s] Level 1:colcon.colcon_core.package_identification:_identify(ros2_ws/src/app) by extensions ['ignore', 'ignore_ament_install']
[0.109s] Level 1:colcon.colcon_core.package_identification:_identify(ros2_ws/src/app) by extension 'ignore'
[0.109s] Level 1:colcon.colcon_core.package_identification:_identify(ros2_ws/src/app) by extension 'ignore_ament_install'
[0.109s] Level 1:colcon.colcon_core.package_identification:_identify(ros2_ws/src/app) by extensions ['colcon_pkg']
[0.109s] Level 1:colcon.colcon_core.package_identification:_identify(ros2_ws/src/app) by extension 'colcon_pkg'
[0.109s] Level 1:colcon.colcon_core.package_identification:_identify(ros2_ws/src/app) by extensions ['colcon_meta']
[0.109s] Level 1:colcon.colcon_core.package_identification:_identify(ros2_ws/src/app) by extension 'colcon_meta'
[0.109s] Level 1:colcon.colcon_core.package_identification:_identify(ros2_ws/src/app) by extensions ['ros']
[0.109s] Level 1:colcon.colcon_core.package_identification:_identify(ros2_ws/src/app) by extension 'ros'
[0.110s] DEBUG:colcon.colcon_core.package_identification:Package 'ros2_ws/src/app' with type 'ros.ament_python' and name 'app'
[0.110s] Level 1:colcon.colcon_core.package_identification:_identify(ros2_ws/src/bringup) by extensions ['ignore', 'ignore_ament_install']
[0.110s] Level 1:colcon.colcon_core.package_identification:_identify(ros2_ws/src/bringup) by extension 'ignore'
[0.110s] Level 1:colcon.colcon_core.package_identification:_identify(ros2_ws/src/bringup) by extension 'ignore_ament_install'
[0.110s] Level 1:colcon.colcon_core.package_identification:_identify(ros2_ws/src/bringup) by extensions ['colcon_pkg']
[0.110s] Level 1:colcon.colcon_core.package_identification:_identify(ros2_ws/src/bringup) by extension 'colcon_pkg'
[0.110s] Level 1:colcon.colcon_core.package_identification:_identify(ros2_ws/src/bringup) by extensions ['colcon_meta']
[0.110s] Level 1:colcon.colcon_core.package_identification:_identify(ros2_ws/src/bringup) by extension 'colcon_meta'
[0.110s] Level 1:colcon.colcon_core.package_identification:_identify(ros2_ws/src/bringup) by extensions ['ros']
[0.110s] Level 1:colcon.colcon_core.package_identification:_identify(ros2_ws/src/bringup) by extension 'ros'
[0.110s] DEBUG:colcon.colcon_core.package_identification:Package 'ros2_ws/src/bringup' with type 'ros.ament_python' and name 'bringup'
[0.110s] Level 1:colcon.colcon_core.package_identification:_identify(ros2_ws/src/calibration) by extensions ['ignore', 'ignore_ament_install']
[0.110s] Level 1:colcon.colcon_core.package_identification:_identify(ros2_ws/src/calibration) by extension 'ignore'
[0.110s] Level 1:colcon.colcon_core.package_identification:_identify(ros2_ws/src/calibration) by extension 'ignore_ament_install'
[0.110s] Level 1:colcon.colcon_core.package_identification:_identify(ros2_ws/src/calibration) by extensions ['colcon_pkg']
[0.110s] Level 1:colcon.colcon_core.package_identification:_identify(ros2_ws/src/calibration) by extension 'colcon_pkg'
[0.110s] Level 1:colcon.colcon_core.package_identification:_identify(ros2_ws/src/calibration) by extensions ['colcon_meta']
[0.111s] Level 1:colcon.colcon_core.package_identification:_identify(ros2_ws/src/calibration) by extension 'colcon_meta'
[0.111s] Level 1:colcon.colcon_core.package_identification:_identify(ros2_ws/src/calibration) by extensions ['ros']
[0.111s] Level 1:colcon.colcon_core.package_identification:_identify(ros2_ws/src/calibration) by extension 'ros'
[0.111s] DEBUG:colcon.colcon_core.package_identification:Package 'ros2_ws/src/calibration' with type 'ros.ament_python' and name 'calibration'
[0.111s] Level 1:colcon.colcon_core.package_identification:_identify(ros2_ws/src/driver) by extensions ['ignore', 'ignore_ament_install']
[0.111s] Level 1:colcon.colcon_core.package_identification:_identify(ros2_ws/src/driver) by extension 'ignore'
[0.111s] Level 1:colcon.colcon_core.package_identification:_identify(ros2_ws/src/driver) by extension 'ignore_ament_install'
[0.111s] Level 1:colcon.colcon_core.package_identification:_identify(ros2_ws/src/driver) by extensions ['colcon_pkg']
[0.111s] Level 1:colcon.colcon_core.package_identification:_identify(ros2_ws/src/driver) by extension 'colcon_pkg'
[0.111s] Level 1:colcon.colcon_core.package_identification:_identify(ros2_ws/src/driver) by extensions ['colcon_meta']
[0.111s] Level 1:colcon.colcon_core.package_identification:_identify(ros2_ws/src/driver) by extension 'colcon_meta'
[0.111s] Level 1:colcon.colcon_core.package_identification:_identify(ros2_ws/src/driver) by extensions ['ros']
[0.111s] Level 1:colcon.colcon_core.package_identification:_identify(ros2_ws/src/driver) by extension 'ros'
[0.111s] Level 1:colcon.colcon_core.package_identification:_identify(ros2_ws/src/driver) by extensions ['cmake', 'python']
[0.111s] Level 1:colcon.colcon_core.package_identification:_identify(ros2_ws/src/driver) by extension 'cmake'
[0.111s] Level 1:colcon.colcon_core.package_identification:_identify(ros2_ws/src/driver) by extension 'python'
[0.111s] Level 1:colcon.colcon_core.package_identification:_identify(ros2_ws/src/driver) by extensions ['python_setup_py']
[0.111s] Level 1:colcon.colcon_core.package_identification:_identify(ros2_ws/src/driver) by extension 'python_setup_py'
[0.111s] Level 1:colcon.colcon_core.package_identification:_identify(ros2_ws/src/driver/controller) by extensions ['ignore', 'ignore_ament_install']
[0.111s] Level 1:colcon.colcon_core.package_identification:_identify(ros2_ws/src/driver/controller) by extension 'ignore'
[0.111s] Level 1:colcon.colcon_core.package_identification:_identify(ros2_ws/src/driver/controller) by extension 'ignore_ament_install'
[0.111s] Level 1:colcon.colcon_core.package_identification:_identify(ros2_ws/src/driver/controller) by extensions ['colcon_pkg']
[0.111s] Level 1:colcon.colcon_core.package_identification:_identify(ros2_ws/src/driver/controller) by extension 'colcon_pkg'
[0.111s] Level 1:colcon.colcon_core.package_identification:_identify(ros2_ws/src/driver/controller) by extensions ['colcon_meta']
[0.111s] Level 1:colcon.colcon_core.package_identification:_identify(ros2_ws/src/driver/controller) by extension 'colcon_meta'
[0.111s] Level 1:colcon.colcon_core.package_identification:_identify(ros2_ws/src/driver/controller) by extensions ['ros']
[0.111s] Level 1:colcon.colcon_core.package_identification:_identify(ros2_ws/src/driver/controller) by extension 'ros'
[0.111s] DEBUG:colcon.colcon_core.package_identification:Package 'ros2_ws/src/driver/controller' with type 'ros.ament_python' and name 'controller'
[0.111s] Level 1:colcon.colcon_core.package_identification:_identify(ros2_ws/src/driver/ros_robot_controller) by extensions ['ignore', 'ignore_ament_install']
[0.111s] Level 1:colcon.colcon_core.package_identification:_identify(ros2_ws/src/driver/ros_robot_controller) by extension 'ignore'
[0.111s] Level 1:colcon.colcon_core.package_identification:_identify(ros2_ws/src/driver/ros_robot_controller) by extension 'ignore_ament_install'
[0.111s] Level 1:colcon.colcon_core.package_identification:_identify(ros2_ws/src/driver/ros_robot_controller) by extensions ['colcon_pkg']
[0.111s] Level 1:colcon.colcon_core.package_identification:_identify(ros2_ws/src/driver/ros_robot_controller) by extension 'colcon_pkg'
[0.111s] Level 1:colcon.colcon_core.package_identification:_identify(ros2_ws/src/driver/ros_robot_controller) by extensions ['colcon_meta']
[0.111s] Level 1:colcon.colcon_core.package_identification:_identify(ros2_ws/src/driver/ros_robot_controller) by extension 'colcon_meta'
[0.112s] Level 1:colcon.colcon_core.package_identification:_identify(ros2_ws/src/driver/ros_robot_controller) by extensions ['ros']
[0.112s] Level 1:colcon.colcon_core.package_identification:_identify(ros2_ws/src/driver/ros_robot_controller) by extension 'ros'
[0.112s] DEBUG:colcon.colcon_core.package_identification:Package 'ros2_ws/src/driver/ros_robot_controller' with type 'ros.ament_python' and name 'ros_robot_controller'
[0.112s] Level 1:colcon.colcon_core.package_identification:_identify(ros2_ws/src/driver/ros_robot_controller_msgs) by extensions ['ignore', 'ignore_ament_install']
[0.112s] Level 1:colcon.colcon_core.package_identification:_identify(ros2_ws/src/driver/ros_robot_controller_msgs) by extension 'ignore'
[0.112s] Level 1:colcon.colcon_core.package_identification:_identify(ros2_ws/src/driver/ros_robot_controller_msgs) by extension 'ignore_ament_install'
[0.112s] Level 1:colcon.colcon_core.package_identification:_identify(ros2_ws/src/driver/ros_robot_controller_msgs) by extensions ['colcon_pkg']
[0.112s] Level 1:colcon.colcon_core.package_identification:_identify(ros2_ws/src/driver/ros_robot_controller_msgs) by extension 'colcon_pkg'
[0.112s] Level 1:colcon.colcon_core.package_identification:_identify(ros2_ws/src/driver/ros_robot_controller_msgs) by extensions ['colcon_meta']
[0.112s] Level 1:colcon.colcon_core.package_identification:_identify(ros2_ws/src/driver/ros_robot_controller_msgs) by extension 'colcon_meta'
[0.112s] Level 1:colcon.colcon_core.package_identification:_identify(ros2_ws/src/driver/ros_robot_controller_msgs) by extensions ['ros']
[0.112s] Level 1:colcon.colcon_core.package_identification:_identify(ros2_ws/src/driver/ros_robot_controller_msgs) by extension 'ros'
[0.112s] DEBUG:colcon.colcon_core.package_identification:Package 'ros2_ws/src/driver/ros_robot_controller_msgs' with type 'ros.ament_cmake' and name 'ros_robot_controller_msgs'
[0.112s] Level 1:colcon.colcon_core.package_identification:_identify(ros2_ws/src/driver/sdk) by extensions ['ignore', 'ignore_ament_install']
[0.112s] Level 1:colcon.colcon_core.package_identification:_identify(ros2_ws/src/driver/sdk) by extension 'ignore'
[0.112s] Level 1:colcon.colcon_core.package_identification:_identify(ros2_ws/src/driver/sdk) by extension 'ignore_ament_install'
[0.112s] Level 1:colcon.colcon_core.package_identification:_identify(ros2_ws/src/driver/sdk) by extensions ['colcon_pkg']
[0.112s] Level 1:colcon.colcon_core.package_identification:_identify(ros2_ws/src/driver/sdk) by extension 'colcon_pkg'
[0.112s] Level 1:colcon.colcon_core.package_identification:_identify(ros2_ws/src/driver/sdk) by extensions ['colcon_meta']
[0.112s] Level 1:colcon.colcon_core.package_identification:_identify(ros2_ws/src/driver/sdk) by extension 'colcon_meta'
[0.112s] Level 1:colcon.colcon_core.package_identification:_identify(ros2_ws/src/driver/sdk) by extensions ['ros']
[0.112s] Level 1:colcon.colcon_core.package_identification:_identify(ros2_ws/src/driver/sdk) by extension 'ros'
[0.112s] DEBUG:colcon.colcon_core.package_identification:Package 'ros2_ws/src/driver/sdk' with type 'ros.ament_python' and name 'sdk'
[0.113s] Level 1:colcon.colcon_core.package_identification:_identify(ros2_ws/src/example) by extensions ['ignore', 'ignore_ament_install']
[0.113s] Level 1:colcon.colcon_core.package_identification:_identify(ros2_ws/src/example) by extension 'ignore'
[0.113s] Level 1:colcon.colcon_core.package_identification:_identify(ros2_ws/src/example) by extension 'ignore_ament_install'
[0.113s] Level 1:colcon.colcon_core.package_identification:_identify(ros2_ws/src/example) by extensions ['colcon_pkg']
[0.113s] Level 1:colcon.colcon_core.package_identification:_identify(ros2_ws/src/example) by extension 'colcon_pkg'
[0.113s] Level 1:colcon.colcon_core.package_identification:_identify(ros2_ws/src/example) by extensions ['colcon_meta']
[0.113s] Level 1:colcon.colcon_core.package_identification:_identify(ros2_ws/src/example) by extension 'colcon_meta'
[0.113s] Level 1:colcon.colcon_core.package_identification:_identify(ros2_ws/src/example) by extensions ['ros']
[0.113s] Level 1:colcon.colcon_core.package_identification:_identify(ros2_ws/src/example) by extension 'ros'
[0.113s] DEBUG:colcon.colcon_core.package_identification:Package 'ros2_ws/src/example' with type 'ros.ament_python' and name 'example'
[0.113s] Level 1:colcon.colcon_core.package_identification:_identify(ros2_ws/src/interfaces) by extensions ['ignore', 'ignore_ament_install']
[0.113s] Level 1:colcon.colcon_core.package_identification:_identify(ros2_ws/src/interfaces) by extension 'ignore'
[0.113s] Level 1:colcon.colcon_core.package_identification:_identify(ros2_ws/src/interfaces) by extension 'ignore_ament_install'
[0.113s] Level 1:colcon.colcon_core.package_identification:_identify(ros2_ws/src/interfaces) by extensions ['colcon_pkg']
[0.113s] Level 1:colcon.colcon_core.package_identification:_identify(ros2_ws/src/interfaces) by extension 'colcon_pkg'
[0.113s] Level 1:colcon.colcon_core.package_identification:_identify(ros2_ws/src/interfaces) by extensions ['colcon_meta']
[0.113s] Level 1:colcon.colcon_core.package_identification:_identify(ros2_ws/src/interfaces) by extension 'colcon_meta'
[0.113s] Level 1:colcon.colcon_core.package_identification:_identify(ros2_ws/src/interfaces) by extensions ['ros']
[0.113s] Level 1:colcon.colcon_core.package_identification:_identify(ros2_ws/src/interfaces) by extension 'ros'
[0.113s] DEBUG:colcon.colcon_core.package_identification:Package 'ros2_ws/src/interfaces' with type 'ros.ament_cmake' and name 'interfaces'
[0.113s] Level 1:colcon.colcon_core.package_identification:_identify(ros2_ws/src/multi) by extensions ['ignore', 'ignore_ament_install']
[0.113s] Level 1:colcon.colcon_core.package_identification:_identify(ros2_ws/src/multi) by extension 'ignore'
[0.113s] Level 1:colcon.colcon_core.package_identification:_identify(ros2_ws/src/multi) by extension 'ignore_ament_install'
[0.113s] Level 1:colcon.colcon_core.package_identification:_identify(ros2_ws/src/multi) by extensions ['colcon_pkg']
[0.113s] Level 1:colcon.colcon_core.package_identification:_identify(ros2_ws/src/multi) by extension 'colcon_pkg'
[0.113s] Level 1:colcon.colcon_core.package_identification:_identify(ros2_ws/src/multi) by extensions ['colcon_meta']
[0.113s] Level 1:colcon.colcon_core.package_identification:_identify(ros2_ws/src/multi) by extension 'colcon_meta'
[0.113s] Level 1:colcon.colcon_core.package_identification:_identify(ros2_ws/src/multi) by extensions ['ros']
[0.113s] Level 1:colcon.colcon_core.package_identification:_identify(ros2_ws/src/multi) by extension 'ros'
[0.114s] DEBUG:colcon.colcon_core.package_identification:Package 'ros2_ws/src/multi' with type 'ros.ament_python' and name 'multi'
[0.114s] Level 1:colcon.colcon_core.package_identification:_identify(ros2_ws/src/navigation) by extensions ['ignore', 'ignore_ament_install']
[0.114s] Level 1:colcon.colcon_core.package_identification:_identify(ros2_ws/src/navigation) by extension 'ignore'
[0.114s] Level 1:colcon.colcon_core.package_identification:_identify(ros2_ws/src/navigation) by extension 'ignore_ament_install'
[0.114s] Level 1:colcon.colcon_core.package_identification:_identify(ros2_ws/src/navigation) by extensions ['colcon_pkg']
[0.114s] Level 1:colcon.colcon_core.package_identification:_identify(ros2_ws/src/navigation) by extension 'colcon_pkg'
[0.114s] Level 1:colcon.colcon_core.package_identification:_identify(ros2_ws/src/navigation) by extensions ['colcon_meta']
[0.114s] Level 1:colcon.colcon_core.package_identification:_identify(ros2_ws/src/navigation) by extension 'colcon_meta'
[0.114s] Level 1:colcon.colcon_core.package_identification:_identify(ros2_ws/src/navigation) by extensions ['ros']
[0.114s] Level 1:colcon.colcon_core.package_identification:_identify(ros2_ws/src/navigation) by extension 'ros'
[0.114s] DEBUG:colcon.colcon_core.package_identification:Package 'ros2_ws/src/navigation' with type 'ros.ament_python' and name 'navigation'
[0.114s] Level 1:colcon.colcon_core.package_identification:_identify(ros2_ws/src/peripherals) by extensions ['ignore', 'ignore_ament_install']
[0.114s] Level 1:colcon.colcon_core.package_identification:_identify(ros2_ws/src/peripherals) by extension 'ignore'
[0.114s] Level 1:colcon.colcon_core.package_identification:_identify(ros2_ws/src/peripherals) by extension 'ignore_ament_install'
[0.114s] Level 1:colcon.colcon_core.package_identification:_identify(ros2_ws/src/peripherals) by extensions ['colcon_pkg']
[0.114s] Level 1:colcon.colcon_core.package_identification:_identify(ros2_ws/src/peripherals) by extension 'colcon_pkg'
[0.114s] Level 1:colcon.colcon_core.package_identification:_identify(ros2_ws/src/peripherals) by extensions ['colcon_meta']
[0.114s] Level 1:colcon.colcon_core.package_identification:_identify(ros2_ws/src/peripherals) by extension 'colcon_meta'
[0.114s] Level 1:colcon.colcon_core.package_identification:_identify(ros2_ws/src/peripherals) by extensions ['ros']
[0.114s] Level 1:colcon.colcon_core.package_identification:_identify(ros2_ws/src/peripherals) by extension 'ros'
[0.114s] DEBUG:colcon.colcon_core.package_identification:Package 'ros2_ws/src/peripherals' with type 'ros.ament_python' and name 'peripherals'
[0.114s] Level 1:colcon.colcon_core.package_identification:_identify(ros2_ws/src/simulations) by extensions ['ignore', 'ignore_ament_install']
[0.114s] Level 1:colcon.colcon_core.package_identification:_identify(ros2_ws/src/simulations) by extension 'ignore'
[0.114s] Level 1:colcon.colcon_core.package_identification:_identify(ros2_ws/src/simulations) by extension 'ignore_ament_install'
[0.114s] Level 1:colcon.colcon_core.package_identification:_identify(ros2_ws/src/simulations) by extensions ['colcon_pkg']
[0.114s] Level 1:colcon.colcon_core.package_identification:_identify(ros2_ws/src/simulations) by extension 'colcon_pkg'
[0.114s] Level 1:colcon.colcon_core.package_identification:_identify(ros2_ws/src/simulations) by extensions ['colcon_meta']
[0.114s] Level 1:colcon.colcon_core.package_identification:_identify(ros2_ws/src/simulations) by extension 'colcon_meta'
[0.115s] Level 1:colcon.colcon_core.package_identification:_identify(ros2_ws/src/simulations) by extensions ['ros']
[0.115s] Level 1:colcon.colcon_core.package_identification:_identify(ros2_ws/src/simulations) by extension 'ros'
[0.115s] Level 1:colcon.colcon_core.package_identification:_identify(ros2_ws/src/simulations) by extensions ['cmake', 'python']
[0.115s] Level 1:colcon.colcon_core.package_identification:_identify(ros2_ws/src/simulations) by extension 'cmake'
[0.115s] Level 1:colcon.colcon_core.package_identification:_identify(ros2_ws/src/simulations) by extension 'python'
[0.115s] Level 1:colcon.colcon_core.package_identification:_identify(ros2_ws/src/simulations) by extensions ['python_setup_py']
[0.115s] Level 1:colcon.colcon_core.package_identification:_identify(ros2_ws/src/simulations) by extension 'python_setup_py'
[0.115s] Level 1:colcon.colcon_core.package_identification:_identify(ros2_ws/src/simulations/mentorpi_description) by extensions ['ignore', 'ignore_ament_install']
[0.115s] Level 1:colcon.colcon_core.package_identification:_identify(ros2_ws/src/simulations/mentorpi_description) by extension 'ignore'
[0.115s] Level 1:colcon.colcon_core.package_identification:_identify(ros2_ws/src/simulations/mentorpi_description) by extension 'ignore_ament_install'
[0.115s] Level 1:colcon.colcon_core.package_identification:_identify(ros2_ws/src/simulations/mentorpi_description) by extensions ['colcon_pkg']
[0.115s] Level 1:colcon.colcon_core.package_identification:_identify(ros2_ws/src/simulations/mentorpi_description) by extension 'colcon_pkg'
[0.115s] Level 1:colcon.colcon_core.package_identification:_identify(ros2_ws/src/simulations/mentorpi_description) by extensions ['colcon_meta']
[0.115s] Level 1:colcon.colcon_core.package_identification:_identify(ros2_ws/src/simulations/mentorpi_description) by extension 'colcon_meta'
[0.115s] Level 1:colcon.colcon_core.package_identification:_identify(ros2_ws/src/simulations/mentorpi_description) by extensions ['ros']
[0.115s] Level 1:colcon.colcon_core.package_identification:_identify(ros2_ws/src/simulations/mentorpi_description) by extension 'ros'
[0.115s] DEBUG:colcon.colcon_core.package_identification:Package 'ros2_ws/src/simulations/mentorpi_description' with type 'ros.ament_python' and name 'mentorpi_description'
[0.115s] Level 1:colcon.colcon_core.package_identification:_identify(ros2_ws/src/slam) by extensions ['ignore', 'ignore_ament_install']
[0.115s] Level 1:colcon.colcon_core.package_identification:_identify(ros2_ws/src/slam) by extension 'ignore'
[0.115s] Level 1:colcon.colcon_core.package_identification:_identify(ros2_ws/src/slam) by extension 'ignore_ament_install'
[0.115s] Level 1:colcon.colcon_core.package_identification:_identify(ros2_ws/src/slam) by extensions ['colcon_pkg']
[0.115s] Level 1:colcon.colcon_core.package_identification:_identify(ros2_ws/src/slam) by extension 'colcon_pkg'
[0.115s] Level 1:colcon.colcon_core.package_identification:_identify(ros2_ws/src/slam) by extensions ['colcon_meta']
[0.115s] Level 1:colcon.colcon_core.package_identification:_identify(ros2_ws/src/slam) by extension 'colcon_meta'
[0.115s] Level 1:colcon.colcon_core.package_identification:_identify(ros2_ws/src/slam) by extensions ['ros']
[0.115s] Level 1:colcon.colcon_core.package_identification:_identify(ros2_ws/src/slam) by extension 'ros'
[0.115s] DEBUG:colcon.colcon_core.package_identification:Package 'ros2_ws/src/slam' with type 'ros.ament_python' and name 'slam'
[0.115s] Level 1:colcon.colcon_core.package_identification:_identify(ros2_ws/src/yolosub) by extensions ['ignore', 'ignore_ament_install']
[0.115s] Level 1:colcon.colcon_core.package_identification:_identify(ros2_ws/src/yolosub) by extension 'ignore'
[0.115s] Level 1:colcon.colcon_core.package_identification:_identify(ros2_ws/src/yolosub) by extension 'ignore_ament_install'
[0.115s] Level 1:colcon.colcon_core.package_identification:_identify(ros2_ws/src/yolosub) by extensions ['colcon_pkg']
[0.115s] Level 1:colcon.colcon_core.package_identification:_identify(ros2_ws/src/yolosub) by extension 'colcon_pkg'
[0.115s] Level 1:colcon.colcon_core.package_identification:_identify(ros2_ws/src/yolosub) by extensions ['colcon_meta']
[0.115s] Level 1:colcon.colcon_core.package_identification:_identify(ros2_ws/src/yolosub) by extension 'colcon_meta'
[0.115s] Level 1:colcon.colcon_core.package_identification:_identify(ros2_ws/src/yolosub) by extensions ['ros']
[0.115s] Level 1:colcon.colcon_core.package_identification:_identify(ros2_ws/src/yolosub) by extension 'ros'
[0.116s] DEBUG:colcon.colcon_core.package_identification:Package 'ros2_ws/src/yolosub' with type 'ros.ament_python' and name 'yolosub'
[0.116s] Level 1:colcon.colcon_core.package_identification:_identify(ros2_ws/src/yolov5_ros2) by extensions ['ignore', 'ignore_ament_install']
[0.116s] Level 1:colcon.colcon_core.package_identification:_identify(ros2_ws/src/yolov5_ros2) by extension 'ignore'
[0.116s] Level 1:colcon.colcon_core.package_identification:_identify(ros2_ws/src/yolov5_ros2) by extension 'ignore_ament_install'
[0.116s] Level 1:colcon.colcon_core.package_identification:_identify(ros2_ws/src/yolov5_ros2) by extensions ['colcon_pkg']
[0.116s] Level 1:colcon.colcon_core.package_identification:_identify(ros2_ws/src/yolov5_ros2) by extension 'colcon_pkg'
[0.116s] Level 1:colcon.colcon_core.package_identification:_identify(ros2_ws/src/yolov5_ros2) by extensions ['colcon_meta']
[0.116s] Level 1:colcon.colcon_core.package_identification:_identify(ros2_ws/src/yolov5_ros2) by extension 'colcon_meta'
[0.116s] Level 1:colcon.colcon_core.package_identification:_identify(ros2_ws/src/yolov5_ros2) by extensions ['ros']
[0.116s] Level 1:colcon.colcon_core.package_identification:_identify(ros2_ws/src/yolov5_ros2) by extension 'ros'
[0.116s] DEBUG:colcon.colcon_core.package_identification:Package 'ros2_ws/src/yolov5_ros2' with type 'ros.ament_python' and name 'yolov5_ros2'
[0.116s] Level 1:colcon.colcon_core.package_discovery:discover_packages(recursive) using defaults
[0.116s] Level 1:colcon.colcon_core.package_discovery:discover_packages(ignore) discover
[0.116s] Level 1:colcon.colcon_core.package_discovery:discover_packages(ignore) using defaults
[0.116s] Level 1:colcon.colcon_core.package_discovery:discover_packages(path) discover
[0.116s] Level 1:colcon.colcon_core.package_discovery:discover_packages(path) using defaults
[0.126s] Level 5:colcon.colcon_core.verb:set package 'app' build argument 'cmake_args' from command line to '['-DPython3_EXECUTABLE=/home/intel/repo/d021rs-yolov5-ros2-subscription-node-limitationuk/.venv/bin/python3', '-DPYTHON_EXECUTABLE=/home/intel/repo/d021rs-yolov5-ros2-subscription-node-limitationuk/.venv/bin/python3']'
[0.126s] Level 5:colcon.colcon_core.verb:set package 'app' build argument 'cmake_target' from command line to 'None'
[0.126s] Level 5:colcon.colcon_core.verb:set package 'app' build argument 'cmake_target_skip_unavailable' from command line to 'False'
[0.126s] Level 5:colcon.colcon_core.verb:set package 'app' build argument 'cmake_clean_cache' from command line to 'False'
[0.126s] Level 5:colcon.colcon_core.verb:set package 'app' build argument 'cmake_clean_first' from command line to 'False'
[0.126s] Level 5:colcon.colcon_core.verb:set package 'app' build argument 'cmake_force_configure' from command line to 'False'
[0.126s] Level 5:colcon.colcon_core.verb:set package 'app' build argument 'ament_cmake_args' from command line to 'None'
[0.126s] Level 5:colcon.colcon_core.verb:set package 'app' build argument 'catkin_cmake_args' from command line to 'None'
[0.126s] Level 5:colcon.colcon_core.verb:set package 'app' build argument 'catkin_skip_building_tests' from command line to 'False'
[0.126s] DEBUG:colcon.colcon_core.verb:Building package 'app' with the following arguments: {'ament_cmake_args': None, 'build_base': '/home/intel/repo/d021rs-yolov5-ros2-subscription-node-limitationuk/build/app', 'catkin_cmake_args': None, 'catkin_skip_building_tests': False, 'cmake_args': ['-DPython3_EXECUTABLE=/home/intel/repo/d021rs-yolov5-ros2-subscription-node-limitationuk/.venv/bin/python3', '-DPYTHON_EXECUTABLE=/home/intel/repo/d021rs-yolov5-ros2-subscription-node-limitationuk/.venv/bin/python3'], 'cmake_clean_cache': False, 'cmake_clean_first': False, 'cmake_force_configure': False, 'cmake_target': None, 'cmake_target_skip_unavailable': False, 'install_base': '/home/intel/repo/d021rs-yolov5-ros2-subscription-node-limitationuk/install/app', 'merge_install': False, 'path': '/home/intel/repo/d021rs-yolov5-ros2-subscription-node-limitationuk/ros2_ws/src/app', 'symlink_install': True, 'test_result_base': None}
[0.126s] Level 5:colcon.colcon_core.verb:set package 'bringup' build argument 'cmake_args' from command line to '['-DPython3_EXECUTABLE=/home/intel/repo/d021rs-yolov5-ros2-subscription-node-limitationuk/.venv/bin/python3', '-DPYTHON_EXECUTABLE=/home/intel/repo/d021rs-yolov5-ros2-subscription-node-limitationuk/.venv/bin/python3']'
[0.126s] Level 5:colcon.colcon_core.verb:set package 'bringup' build argument 'cmake_target' from command line to 'None'
[0.126s] Level 5:colcon.colcon_core.verb:set package 'bringup' build argument 'cmake_target_skip_unavailable' from command line to 'False'
[0.126s] Level 5:colcon.colcon_core.verb:set package 'bringup' build argument 'cmake_clean_cache' from command line to 'False'
[0.126s] Level 5:colcon.colcon_core.verb:set package 'bringup' build argument 'cmake_clean_first' from command line to 'False'
[0.126s] Level 5:colcon.colcon_core.verb:set package 'bringup' build argument 'cmake_force_configure' from command line to 'False'
[0.126s] Level 5:colcon.colcon_core.verb:set package 'bringup' build argument 'ament_cmake_args' from command line to 'None'
[0.126s] Level 5:colcon.colcon_core.verb:set package 'bringup' build argument 'catkin_cmake_args' from command line to 'None'
[0.126s] Level 5:colcon.colcon_core.verb:set package 'bringup' build argument 'catkin_skip_building_tests' from command line to 'False'
[0.126s] DEBUG:colcon.colcon_core.verb:Building package 'bringup' with the following arguments: {'ament_cmake_args': None, 'build_base': '/home/intel/repo/d021rs-yolov5-ros2-subscription-node-limitationuk/build/bringup', 'catkin_cmake_args': None, 'catkin_skip_building_tests': False, 'cmake_args': ['-DPython3_EXECUTABLE=/home/intel/repo/d021rs-yolov5-ros2-subscription-node-limitationuk/.venv/bin/python3', '-DPYTHON_EXECUTABLE=/home/intel/repo/d021rs-yolov5-ros2-subscription-node-limitationuk/.venv/bin/python3'], 'cmake_clean_cache': False, 'cmake_clean_first': False, 'cmake_force_configure': False, 'cmake_target': None, 'cmake_target_skip_unavailable': False, 'install_base': '/home/intel/repo/d021rs-yolov5-ros2-subscription-node-limitationuk/install/bringup', 'merge_install': False, 'path': '/home/intel/repo/d021rs-yolov5-ros2-subscription-node-limitationuk/ros2_ws/src/bringup', 'symlink_install': True, 'test_result_base': None}
[0.126s] Level 5:colcon.colcon_core.verb:set package 'calibration' build argument 'cmake_args' from command line to '['-DPython3_EXECUTABLE=/home/intel/repo/d021rs-yolov5-ros2-subscription-node-limitationuk/.venv/bin/python3', '-DPYTHON_EXECUTABLE=/home/intel/repo/d021rs-yolov5-ros2-subscription-node-limitationuk/.venv/bin/python3']'
[0.126s] Level 5:colcon.colcon_core.verb:set package 'calibration' build argument 'cmake_target' from command line to 'None'
[0.126s] Level 5:colcon.colcon_core.verb:set package 'calibration' build argument 'cmake_target_skip_unavailable' from command line to 'False'
[0.126s] Level 5:colcon.colcon_core.verb:set package 'calibration' build argument 'cmake_clean_cache' from command line to 'False'
[0.126s] Level 5:colcon.colcon_core.verb:set package 'calibration' build argument 'cmake_clean_first' from command line to 'False'
[0.126s] Level 5:colcon.colcon_core.verb:set package 'calibration' build argument 'cmake_force_configure' from command line to 'False'
[0.126s] Level 5:colcon.colcon_core.verb:set package 'calibration' build argument 'ament_cmake_args' from command line to 'None'
[0.126s] Level 5:colcon.colcon_core.verb:set package 'calibration' build argument 'catkin_cmake_args' from command line to 'None'
[0.126s] Level 5:colcon.colcon_core.verb:set package 'calibration' build argument 'catkin_skip_building_tests' from command line to 'False'
[0.126s] DEBUG:colcon.colcon_core.verb:Building package 'calibration' with the following arguments: {'ament_cmake_args': None, 'build_base': '/home/intel/repo/d021rs-yolov5-ros2-subscription-node-limitationuk/build/calibration', 'catkin_cmake_args': None, 'catkin_skip_building_tests': False, 'cmake_args': ['-DPython3_EXECUTABLE=/home/intel/repo/d021rs-yolov5-ros2-subscription-node-limitationuk/.venv/bin/python3', '-DPYTHON_EXECUTABLE=/home/intel/repo/d021rs-yolov5-ros2-subscription-node-limitationuk/.venv/bin/python3'], 'cmake_clean_cache': False, 'cmake_clean_first': False, 'cmake_force_configure': False, 'cmake_target': None, 'cmake_target_skip_unavailable': False, 'install_base': '/home/intel/repo/d021rs-yolov5-ros2-subscription-node-limitationuk/install/calibration', 'merge_install': False, 'path': '/home/intel/repo/d021rs-yolov5-ros2-subscription-node-limitationuk/ros2_ws/src/calibration', 'symlink_install': True, 'test_result_base': None}
[0.126s] Level 5:colcon.colcon_core.verb:set package 'controller' build argument 'cmake_args' from command line to '['-DPython3_EXECUTABLE=/home/intel/repo/d021rs-yolov5-ros2-subscription-node-limitationuk/.venv/bin/python3', '-DPYTHON_EXECUTABLE=/home/intel/repo/d021rs-yolov5-ros2-subscription-node-limitationuk/.venv/bin/python3']'
[0.126s] Level 5:colcon.colcon_core.verb:set package 'controller' build argument 'cmake_target' from command line to 'None'
[0.126s] Level 5:colcon.colcon_core.verb:set package 'controller' build argument 'cmake_target_skip_unavailable' from command line to 'False'
[0.126s] Level 5:colcon.colcon_core.verb:set package 'controller' build argument 'cmake_clean_cache' from command line to 'False'
[0.126s] Level 5:colcon.colcon_core.verb:set package 'controller' build argument 'cmake_clean_first' from command line to 'False'
[0.126s] Level 5:colcon.colcon_core.verb:set package 'controller' build argument 'cmake_force_configure' from command line to 'False'
[0.126s] Level 5:colcon.colcon_core.verb:set package 'controller' build argument 'ament_cmake_args' from command line to 'None'
[0.126s] Level 5:colcon.colcon_core.verb:set package 'controller' build argument 'catkin_cmake_args' from command line to 'None'
[0.126s] Level 5:colcon.colcon_core.verb:set package 'controller' build argument 'catkin_skip_building_tests' from command line to 'False'
[0.126s] DEBUG:colcon.colcon_core.verb:Building package 'controller' with the following arguments: {'ament_cmake_args': None, 'build_base': '/home/intel/repo/d021rs-yolov5-ros2-subscription-node-limitationuk/build/controller', 'catkin_cmake_args': None, 'catkin_skip_building_tests': False, 'cmake_args': ['-DPython3_EXECUTABLE=/home/intel/repo/d021rs-yolov5-ros2-subscription-node-limitationuk/.venv/bin/python3', '-DPYTHON_EXECUTABLE=/home/intel/repo/d021rs-yolov5-ros2-subscription-node-limitationuk/.venv/bin/python3'], 'cmake_clean_cache': False, 'cmake_clean_first': False, 'cmake_force_configure': False, 'cmake_target': None, 'cmake_target_skip_unavailable': False, 'install_base': '/home/intel/repo/d021rs-yolov5-ros2-subscription-node-limitationuk/install/controller', 'merge_install': False, 'path': '/home/intel/repo/d021rs-yolov5-ros2-subscription-node-limitationuk/ros2_ws/src/driver/controller', 'symlink_install': True, 'test_result_base': None}
[0.126s] Level 5:colcon.colcon_core.verb:set package 'example' build argument 'cmake_args' from command line to '['-DPython3_EXECUTABLE=/home/intel/repo/d021rs-yolov5-ros2-subscription-node-limitationuk/.venv/bin/python3', '-DPYTHON_EXECUTABLE=/home/intel/repo/d021rs-yolov5-ros2-subscription-node-limitationuk/.venv/bin/python3']'
[0.126s] Level 5:colcon.colcon_core.verb:set package 'example' build argument 'cmake_target' from command line to 'None'
[0.126s] Level 5:colcon.colcon_core.verb:set package 'example' build argument 'cmake_target_skip_unavailable' from command line to 'False'
[0.126s] Level 5:colcon.colcon_core.verb:set package 'example' build argument 'cmake_clean_cache' from command line to 'False'
[0.126s] Level 5:colcon.colcon_core.verb:set package 'example' build argument 'cmake_clean_first' from command line to 'False'
[0.126s] Level 5:colcon.colcon_core.verb:set package 'example' build argument 'cmake_force_configure' from command line to 'False'
[0.126s] Level 5:colcon.colcon_core.verb:set package 'example' build argument 'ament_cmake_args' from command line to 'None'
[0.126s] Level 5:colcon.colcon_core.verb:set package 'example' build argument 'catkin_cmake_args' from command line to 'None'
[0.126s] Level 5:colcon.colcon_core.verb:set package 'example' build argument 'catkin_skip_building_tests' from command line to 'False'
[0.126s] DEBUG:colcon.colcon_core.verb:Building package 'example' with the following arguments: {'ament_cmake_args': None, 'build_base': '/home/intel/repo/d021rs-yolov5-ros2-subscription-node-limitationuk/build/example', 'catkin_cmake_args': None, 'catkin_skip_building_tests': False, 'cmake_args': ['-DPython3_EXECUTABLE=/home/intel/repo/d021rs-yolov5-ros2-subscription-node-limitationuk/.venv/bin/python3', '-DPYTHON_EXECUTABLE=/home/intel/repo/d021rs-yolov5-ros2-subscription-node-limitationuk/.venv/bin/python3'], 'cmake_clean_cache': False, 'cmake_clean_first': False, 'cmake_force_configure': False, 'cmake_target': None, 'cmake_target_skip_unavailable': False, 'install_base': '/home/intel/repo/d021rs-yolov5-ros2-subscription-node-limitationuk/install/example', 'merge_install': False, 'path': '/home/intel/repo/d021rs-yolov5-ros2-subscription-node-limitationuk/ros2_ws/src/example', 'symlink_install': True, 'test_result_base': None}
[0.127s] Level 5:colcon.colcon_core.verb:set package 'interfaces' build argument 'cmake_args' from command line to '['-DPython3_EXECUTABLE=/home/intel/repo/d021rs-yolov5-ros2-subscription-node-limitationuk/.venv/bin/python3', '-DPYTHON_EXECUTABLE=/home/intel/repo/d021rs-yolov5-ros2-subscription-node-limitationuk/.venv/bin/python3']'
[0.127s] Level 5:colcon.colcon_core.verb:set package 'interfaces' build argument 'cmake_target' from command line to 'None'
[0.127s] Level 5:colcon.colcon_core.verb:set package 'interfaces' build argument 'cmake_target_skip_unavailable' from command line to 'False'
[0.127s] Level 5:colcon.colcon_core.verb:set package 'interfaces' build argument 'cmake_clean_cache' from command line to 'False'
[0.127s] Level 5:colcon.colcon_core.verb:set package 'interfaces' build argument 'cmake_clean_first' from command line to 'False'
[0.127s] Level 5:colcon.colcon_core.verb:set package 'interfaces' build argument 'cmake_force_configure' from command line to 'False'
[0.127s] Level 5:colcon.colcon_core.verb:set package 'interfaces' build argument 'ament_cmake_args' from command line to 'None'
[0.127s] Level 5:colcon.colcon_core.verb:set package 'interfaces' build argument 'catkin_cmake_args' from command line to 'None'
[0.127s] Level 5:colcon.colcon_core.verb:set package 'interfaces' build argument 'catkin_skip_building_tests' from command line to 'False'
[0.127s] DEBUG:colcon.colcon_core.verb:Building package 'interfaces' with the following arguments: {'ament_cmake_args': None, 'build_base': '/home/intel/repo/d021rs-yolov5-ros2-subscription-node-limitationuk/build/interfaces', 'catkin_cmake_args': None, 'catkin_skip_building_tests': False, 'cmake_args': ['-DPython3_EXECUTABLE=/home/intel/repo/d021rs-yolov5-ros2-subscription-node-limitationuk/.venv/bin/python3', '-DPYTHON_EXECUTABLE=/home/intel/repo/d021rs-yolov5-ros2-subscription-node-limitationuk/.venv/bin/python3'], 'cmake_clean_cache': False, 'cmake_clean_first': False, 'cmake_force_configure': False, 'cmake_target': None, 'cmake_target_skip_unavailable': False, 'install_base': '/home/intel/repo/d021rs-yolov5-ros2-subscription-node-limitationuk/install/interfaces', 'merge_install': False, 'path': '/home/intel/repo/d021rs-yolov5-ros2-subscription-node-limitationuk/ros2_ws/src/interfaces', 'symlink_install': True, 'test_result_base': None}
[0.127s] Level 5:colcon.colcon_core.verb:set package 'mentorpi_description' build argument 'cmake_args' from command line to '['-DPython3_EXECUTABLE=/home/intel/repo/d021rs-yolov5-ros2-subscription-node-limitationuk/.venv/bin/python3', '-DPYTHON_EXECUTABLE=/home/intel/repo/d021rs-yolov5-ros2-subscription-node-limitationuk/.venv/bin/python3']'
[0.127s] Level 5:colcon.colcon_core.verb:set package 'mentorpi_description' build argument 'cmake_target' from command line to 'None'
[0.127s] Level 5:colcon.colcon_core.verb:set package 'mentorpi_description' build argument 'cmake_target_skip_unavailable' from command line to 'False'
[0.127s] Level 5:colcon.colcon_core.verb:set package 'mentorpi_description' build argument 'cmake_clean_cache' from command line to 'False'
[0.127s] Level 5:colcon.colcon_core.verb:set package 'mentorpi_description' build argument 'cmake_clean_first' from command line to 'False'
[0.127s] Level 5:colcon.colcon_core.verb:set package 'mentorpi_description' build argument 'cmake_force_configure' from command line to 'False'
[0.127s] Level 5:colcon.colcon_core.verb:set package 'mentorpi_description' build argument 'ament_cmake_args' from command line to 'None'
[0.127s] Level 5:colcon.colcon_core.verb:set package 'mentorpi_description' build argument 'catkin_cmake_args' from command line to 'None'
[0.127s] Level 5:colcon.colcon_core.verb:set package 'mentorpi_description' build argument 'catkin_skip_building_tests' from command line to 'False'
[0.127s] DEBUG:colcon.colcon_core.verb:Building package 'mentorpi_description' with the following arguments: {'ament_cmake_args': None, 'build_base': '/home/intel/repo/d021rs-yolov5-ros2-subscription-node-limitationuk/build/mentorpi_description', 'catkin_cmake_args': None, 'catkin_skip_building_tests': False, 'cmake_args': ['-DPython3_EXECUTABLE=/home/intel/repo/d021rs-yolov5-ros2-subscription-node-limitationuk/.venv/bin/python3', '-DPYTHON_EXECUTABLE=/home/intel/repo/d021rs-yolov5-ros2-subscription-node-limitationuk/.venv/bin/python3'], 'cmake_clean_cache': False, 'cmake_clean_first': False, 'cmake_force_configure': False, 'cmake_target': None, 'cmake_target_skip_unavailable': False, 'install_base': '/home/intel/repo/d021rs-yolov5-ros2-subscription-node-limitationuk/install/mentorpi_description', 'merge_install': False, 'path': '/home/intel/repo/d021rs-yolov5-ros2-subscription-node-limitationuk/ros2_ws/src/simulations/mentorpi_description', 'symlink_install': True, 'test_result_base': None}
[0.127s] Level 5:colcon.colcon_core.verb:set package 'multi' build argument 'cmake_args' from command line to '['-DPython3_EXECUTABLE=/home/intel/repo/d021rs-yolov5-ros2-subscription-node-limitationuk/.venv/bin/python3', '-DPYTHON_EXECUTABLE=/home/intel/repo/d021rs-yolov5-ros2-subscription-node-limitationuk/.venv/bin/python3']'
[0.127s] Level 5:colcon.colcon_core.verb:set package 'multi' build argument 'cmake_target' from command line to 'None'
[0.127s] Level 5:colcon.colcon_core.verb:set package 'multi' build argument 'cmake_target_skip_unavailable' from command line to 'False'
[0.127s] Level 5:colcon.colcon_core.verb:set package 'multi' build argument 'cmake_clean_cache' from command line to 'False'
[0.127s] Level 5:colcon.colcon_core.verb:set package 'multi' build argument 'cmake_clean_first' from command line to 'False'
[0.127s] Level 5:colcon.colcon_core.verb:set package 'multi' build argument 'cmake_force_configure' from command line to 'False'
[0.127s] Level 5:colcon.colcon_core.verb:set package 'multi' build argument 'ament_cmake_args' from command line to 'None'
[0.127s] Level 5:colcon.colcon_core.verb:set package 'multi' build argument 'catkin_cmake_args' from command line to 'None'
[0.127s] Level 5:colcon.colcon_core.verb:set package 'multi' build argument 'catkin_skip_building_tests' from command line to 'False'
[0.127s] DEBUG:colcon.colcon_core.verb:Building package 'multi' with the following arguments: {'ament_cmake_args': None, 'build_base': '/home/intel/repo/d021rs-yolov5-ros2-subscription-node-limitationuk/build/multi', 'catkin_cmake_args': None, 'catkin_skip_building_tests': False, 'cmake_args': ['-DPython3_EXECUTABLE=/home/intel/repo/d021rs-yolov5-ros2-subscription-node-limitationuk/.venv/bin/python3', '-DPYTHON_EXECUTABLE=/home/intel/repo/d021rs-yolov5-ros2-subscription-node-limitationuk/.venv/bin/python3'], 'cmake_clean_cache': False, 'cmake_clean_first': False, 'cmake_force_configure': False, 'cmake_target': None, 'cmake_target_skip_unavailable': False, 'install_base': '/home/intel/repo/d021rs-yolov5-ros2-subscription-node-limitationuk/install/multi', 'merge_install': False, 'path': '/home/intel/repo/d021rs-yolov5-ros2-subscription-node-limitationuk/ros2_ws/src/multi', 'symlink_install': True, 'test_result_base': None}
[0.127s] Level 5:colcon.colcon_core.verb:set package 'navigation' build argument 'cmake_args' from command line to '['-DPython3_EXECUTABLE=/home/intel/repo/d021rs-yolov5-ros2-subscription-node-limitationuk/.venv/bin/python3', '-DPYTHON_EXECUTABLE=/home/intel/repo/d021rs-yolov5-ros2-subscription-node-limitationuk/.venv/bin/python3']'
[0.127s] Level 5:colcon.colcon_core.verb:set package 'navigation' build argument 'cmake_target' from command line to 'None'
[0.127s] Level 5:colcon.colcon_core.verb:set package 'navigation' build argument 'cmake_target_skip_unavailable' from command line to 'False'
[0.127s] Level 5:colcon.colcon_core.verb:set package 'navigation' build argument 'cmake_clean_cache' from command line to 'False'
[0.127s] Level 5:colcon.colcon_core.verb:set package 'navigation' build argument 'cmake_clean_first' from command line to 'False'
[0.127s] Level 5:colcon.colcon_core.verb:set package 'navigation' build argument 'cmake_force_configure' from command line to 'False'
[0.127s] Level 5:colcon.colcon_core.verb:set package 'navigation' build argument 'ament_cmake_args' from command line to 'None'
[0.127s] Level 5:colcon.colcon_core.verb:set package 'navigation' build argument 'catkin_cmake_args' from command line to 'None'
[0.127s] Level 5:colcon.colcon_core.verb:set package 'navigation' build argument 'catkin_skip_building_tests' from command line to 'False'
[0.127s] DEBUG:colcon.colcon_core.verb:Building package 'navigation' with the following arguments: {'ament_cmake_args': None, 'build_base': '/home/intel/repo/d021rs-yolov5-ros2-subscription-node-limitationuk/build/navigation', 'catkin_cmake_args': None, 'catkin_skip_building_tests': False, 'cmake_args': ['-DPython3_EXECUTABLE=/home/intel/repo/d021rs-yolov5-ros2-subscription-node-limitationuk/.venv/bin/python3', '-DPYTHON_EXECUTABLE=/home/intel/repo/d021rs-yolov5-ros2-subscription-node-limitationuk/.venv/bin/python3'], 'cmake_clean_cache': False, 'cmake_clean_first': False, 'cmake_force_configure': False, 'cmake_target': None, 'cmake_target_skip_unavailable': False, 'install_base': '/home/intel/repo/d021rs-yolov5-ros2-subscription-node-limitationuk/install/navigation', 'merge_install': False, 'path': '/home/intel/repo/d021rs-yolov5-ros2-subscription-node-limitationuk/ros2_ws/src/navigation', 'symlink_install': True, 'test_result_base': None}
[0.127s] Level 5:colcon.colcon_core.verb:set package 'peripherals' build argument 'cmake_args' from command line to '['-DPython3_EXECUTABLE=/home/intel/repo/d021rs-yolov5-ros2-subscription-node-limitationuk/.venv/bin/python3', '-DPYTHON_EXECUTABLE=/home/intel/repo/d021rs-yolov5-ros2-subscription-node-limitationuk/.venv/bin/python3']'
[0.127s] Level 5:colcon.colcon_core.verb:set package 'peripherals' build argument 'cmake_target' from command line to 'None'
[0.127s] Level 5:colcon.colcon_core.verb:set package 'peripherals' build argument 'cmake_target_skip_unavailable' from command line to 'False'
[0.127s] Level 5:colcon.colcon_core.verb:set package 'peripherals' build argument 'cmake_clean_cache' from command line to 'False'
[0.127s] Level 5:colcon.colcon_core.verb:set package 'peripherals' build argument 'cmake_clean_first' from command line to 'False'
[0.127s] Level 5:colcon.colcon_core.verb:set package 'peripherals' build argument 'cmake_force_configure' from command line to 'False'
[0.127s] Level 5:colcon.colcon_core.verb:set package 'peripherals' build argument 'ament_cmake_args' from command line to 'None'
[0.127s] Level 5:colcon.colcon_core.verb:set package 'peripherals' build argument 'catkin_cmake_args' from command line to 'None'
[0.127s] Level 5:colcon.colcon_core.verb:set package 'peripherals' build argument 'catkin_skip_building_tests' from command line to 'False'
[0.127s] DEBUG:colcon.colcon_core.verb:Building package 'peripherals' with the following arguments: {'ament_cmake_args': None, 'build_base': '/home/intel/repo/d021rs-yolov5-ros2-subscription-node-limitationuk/build/peripherals', 'catkin_cmake_args': None, 'catkin_skip_building_tests': False, 'cmake_args': ['-DPython3_EXECUTABLE=/home/intel/repo/d021rs-yolov5-ros2-subscription-node-limitationuk/.venv/bin/python3', '-DPYTHON_EXECUTABLE=/home/intel/repo/d021rs-yolov5-ros2-subscription-node-limitationuk/.venv/bin/python3'], 'cmake_clean_cache': False, 'cmake_clean_first': False, 'cmake_force_configure': False, 'cmake_target': None, 'cmake_target_skip_unavailable': False, 'install_base': '/home/intel/repo/d021rs-yolov5-ros2-subscription-node-limitationuk/install/peripherals', 'merge_install': False, 'path': '/home/intel/repo/d021rs-yolov5-ros2-subscription-node-limitationuk/ros2_ws/src/peripherals', 'symlink_install': True, 'test_result_base': None}
[0.127s] Level 5:colcon.colcon_core.verb:set package 'ros_robot_controller' build argument 'cmake_args' from command line to '['-DPython3_EXECUTABLE=/home/intel/repo/d021rs-yolov5-ros2-subscription-node-limitationuk/.venv/bin/python3', '-DPYTHON_EXECUTABLE=/home/intel/repo/d021rs-yolov5-ros2-subscription-node-limitationuk/.venv/bin/python3']'
[0.127s] Level 5:colcon.colcon_core.verb:set package 'ros_robot_controller' build argument 'cmake_target' from command line to 'None'
[0.127s] Level 5:colcon.colcon_core.verb:set package 'ros_robot_controller' build argument 'cmake_target_skip_unavailable' from command line to 'False'
[0.127s] Level 5:colcon.colcon_core.verb:set package 'ros_robot_controller' build argument 'cmake_clean_cache' from command line to 'False'
[0.127s] Level 5:colcon.colcon_core.verb:set package 'ros_robot_controller' build argument 'cmake_clean_first' from command line to 'False'
[0.127s] Level 5:colcon.colcon_core.verb:set package 'ros_robot_controller' build argument 'cmake_force_configure' from command line to 'False'
[0.128s] Level 5:colcon.colcon_core.verb:set package 'ros_robot_controller' build argument 'ament_cmake_args' from command line to 'None'
[0.128s] Level 5:colcon.colcon_core.verb:set package 'ros_robot_controller' build argument 'catkin_cmake_args' from command line to 'None'
[0.128s] Level 5:colcon.colcon_core.verb:set package 'ros_robot_controller' build argument 'catkin_skip_building_tests' from command line to 'False'
[0.128s] DEBUG:colcon.colcon_core.verb:Building package 'ros_robot_controller' with the following arguments: {'ament_cmake_args': None, 'build_base': '/home/intel/repo/d021rs-yolov5-ros2-subscription-node-limitationuk/build/ros_robot_controller', 'catkin_cmake_args': None, 'catkin_skip_building_tests': False, 'cmake_args': ['-DPython3_EXECUTABLE=/home/intel/repo/d021rs-yolov5-ros2-subscription-node-limitationuk/.venv/bin/python3', '-DPYTHON_EXECUTABLE=/home/intel/repo/d021rs-yolov5-ros2-subscription-node-limitationuk/.venv/bin/python3'], 'cmake_clean_cache': False, 'cmake_clean_first': False, 'cmake_force_configure': False, 'cmake_target': None, 'cmake_target_skip_unavailable': False, 'install_base': '/home/intel/repo/d021rs-yolov5-ros2-subscription-node-limitationuk/install/ros_robot_controller', 'merge_install': False, 'path': '/home/intel/repo/d021rs-yolov5-ros2-subscription-node-limitationuk/ros2_ws/src/driver/ros_robot_controller', 'symlink_install': True, 'test_result_base': None}
[0.128s] Level 5:colcon.colcon_core.verb:set package 'ros_robot_controller_msgs' build argument 'cmake_args' from command line to '['-DPython3_EXECUTABLE=/home/intel/repo/d021rs-yolov5-ros2-subscription-node-limitationuk/.venv/bin/python3', '-DPYTHON_EXECUTABLE=/home/intel/repo/d021rs-yolov5-ros2-subscription-node-limitationuk/.venv/bin/python3']'
[0.128s] Level 5:colcon.colcon_core.verb:set package 'ros_robot_controller_msgs' build argument 'cmake_target' from command line to 'None'
[0.128s] Level 5:colcon.colcon_core.verb:set package 'ros_robot_controller_msgs' build argument 'cmake_target_skip_unavailable' from command line to 'False'
[0.128s] Level 5:colcon.colcon_core.verb:set package 'ros_robot_controller_msgs' build argument 'cmake_clean_cache' from command line to 'False'
[0.128s] Level 5:colcon.colcon_core.verb:set package 'ros_robot_controller_msgs' build argument 'cmake_clean_first' from command line to 'False'
[0.128s] Level 5:colcon.colcon_core.verb:set package 'ros_robot_controller_msgs' build argument 'cmake_force_configure' from command line to 'False'
[0.128s] Level 5:colcon.colcon_core.verb:set package 'ros_robot_controller_msgs' build argument 'ament_cmake_args' from command line to 'None'
[0.128s] Level 5:colcon.colcon_core.verb:set package 'ros_robot_controller_msgs' build argument 'catkin_cmake_args' from command line to 'None'
[0.128s] Level 5:colcon.colcon_core.verb:set package 'ros_robot_controller_msgs' build argument 'catkin_skip_building_tests' from command line to 'False'
[0.128s] DEBUG:colcon.colcon_core.verb:Building package 'ros_robot_controller_msgs' with the following arguments: {'ament_cmake_args': None, 'build_base': '/home/intel/repo/d021rs-yolov5-ros2-subscription-node-limitationuk/build/ros_robot_controller_msgs', 'catkin_cmake_args': None, 'catkin_skip_building_tests': False, 'cmake_args': ['-DPython3_EXECUTABLE=/home/intel/repo/d021rs-yolov5-ros2-subscription-node-limitationuk/.venv/bin/python3', '-DPYTHON_EXECUTABLE=/home/intel/repo/d021rs-yolov5-ros2-subscription-node-limitationuk/.venv/bin/python3'], 'cmake_clean_cache': False, 'cmake_clean_first': False, 'cmake_force_configure': False, 'cmake_target': None, 'cmake_target_skip_unavailable': False, 'install_base': '/home/intel/repo/d021rs-yolov5-ros2-subscription-node-limitationuk/install/ros_robot_controller_msgs', 'merge_install': False, 'path': '/home/intel/repo/d021rs-yolov5-ros2-subscription-node-limitationuk/ros2_ws/src/driver/ros_robot_controller_msgs', 'symlink_install': True, 'test_result_base': None}
[0.128s] Level 5:colcon.colcon_core.verb:set package 'sdk' build argument 'cmake_args' from command line to '['-DPython3_EXECUTABLE=/home/intel/repo/d021rs-yolov5-ros2-subscription-node-limitationuk/.venv/bin/python3', '-DPYTHON_EXECUTABLE=/home/intel/repo/d021rs-yolov5-ros2-subscription-node-limitationuk/.venv/bin/python3']'
[0.128s] Level 5:colcon.colcon_core.verb:set package 'sdk' build argument 'cmake_target' from command line to 'None'
[0.128s] Level 5:colcon.colcon_core.verb:set package 'sdk' build argument 'cmake_target_skip_unavailable' from command line to 'False'
[0.128s] Level 5:colcon.colcon_core.verb:set package 'sdk' build argument 'cmake_clean_cache' from command line to 'False'
[0.128s] Level 5:colcon.colcon_core.verb:set package 'sdk' build argument 'cmake_clean_first' from command line to 'False'
[0.128s] Level 5:colcon.colcon_core.verb:set package 'sdk' build argument 'cmake_force_configure' from command line to 'False'
[0.128s] Level 5:colcon.colcon_core.verb:set package 'sdk' build argument 'ament_cmake_args' from command line to 'None'
[0.128s] Level 5:colcon.colcon_core.verb:set package 'sdk' build argument 'catkin_cmake_args' from command line to 'None'
[0.128s] Level 5:colcon.colcon_core.verb:set package 'sdk' build argument 'catkin_skip_building_tests' from command line to 'False'
[0.128s] DEBUG:colcon.colcon_core.verb:Building package 'sdk' with the following arguments: {'ament_cmake_args': None, 'build_base': '/home/intel/repo/d021rs-yolov5-ros2-subscription-node-limitationuk/build/sdk', 'catkin_cmake_args': None, 'catkin_skip_building_tests': False, 'cmake_args': ['-DPython3_EXECUTABLE=/home/intel/repo/d021rs-yolov5-ros2-subscription-node-limitationuk/.venv/bin/python3', '-DPYTHON_EXECUTABLE=/home/intel/repo/d021rs-yolov5-ros2-subscription-node-limitationuk/.venv/bin/python3'], 'cmake_clean_cache': False, 'cmake_clean_first': False, 'cmake_force_configure': False, 'cmake_target': None, 'cmake_target_skip_unavailable': False, 'install_base': '/home/intel/repo/d021rs-yolov5-ros2-subscription-node-limitationuk/install/sdk', 'merge_install': False, 'path': '/home/intel/repo/d021rs-yolov5-ros2-subscription-node-limitationuk/ros2_ws/src/driver/sdk', 'symlink_install': True, 'test_result_base': None}
[0.128s] Level 5:colcon.colcon_core.verb:set package 'slam' build argument 'cmake_args' from command line to '['-DPython3_EXECUTABLE=/home/intel/repo/d021rs-yolov5-ros2-subscription-node-limitationuk/.venv/bin/python3', '-DPYTHON_EXECUTABLE=/home/intel/repo/d021rs-yolov5-ros2-subscription-node-limitationuk/.venv/bin/python3']'
[0.128s] Level 5:colcon.colcon_core.verb:set package 'slam' build argument 'cmake_target' from command line to 'None'
[0.128s] Level 5:colcon.colcon_core.verb:set package 'slam' build argument 'cmake_target_skip_unavailable' from command line to 'False'
[0.128s] Level 5:colcon.colcon_core.verb:set package 'slam' build argument 'cmake_clean_cache' from command line to 'False'
[0.128s] Level 5:colcon.colcon_core.verb:set package 'slam' build argument 'cmake_clean_first' from command line to 'False'
[0.128s] Level 5:colcon.colcon_core.verb:set package 'slam' build argument 'cmake_force_configure' from command line to 'False'
[0.128s] Level 5:colcon.colcon_core.verb:set package 'slam' build argument 'ament_cmake_args' from command line to 'None'
[0.128s] Level 5:colcon.colcon_core.verb:set package 'slam' build argument 'catkin_cmake_args' from command line to 'None'
[0.128s] Level 5:colcon.colcon_core.verb:set package 'slam' build argument 'catkin_skip_building_tests' from command line to 'False'
[0.128s] DEBUG:colcon.colcon_core.verb:Building package 'slam' with the following arguments: {'ament_cmake_args': None, 'build_base': '/home/intel/repo/d021rs-yolov5-ros2-subscription-node-limitationuk/build/slam', 'catkin_cmake_args': None, 'catkin_skip_building_tests': False, 'cmake_args': ['-DPython3_EXECUTABLE=/home/intel/repo/d021rs-yolov5-ros2-subscription-node-limitationuk/.venv/bin/python3', '-DPYTHON_EXECUTABLE=/home/intel/repo/d021rs-yolov5-ros2-subscription-node-limitationuk/.venv/bin/python3'], 'cmake_clean_cache': False, 'cmake_clean_first': False, 'cmake_force_configure': False, 'cmake_target': None, 'cmake_target_skip_unavailable': False, 'install_base': '/home/intel/repo/d021rs-yolov5-ros2-subscription-node-limitationuk/install/slam', 'merge_install': False, 'path': '/home/intel/repo/d021rs-yolov5-ros2-subscription-node-limitationuk/ros2_ws/src/slam', 'symlink_install': True, 'test_result_base': None}
[0.128s] Level 5:colcon.colcon_core.verb:set package 'yolosub' build argument 'cmake_args' from command line to '['-DPython3_EXECUTABLE=/home/intel/repo/d021rs-yolov5-ros2-subscription-node-limitationuk/.venv/bin/python3', '-DPYTHON_EXECUTABLE=/home/intel/repo/d021rs-yolov5-ros2-subscription-node-limitationuk/.venv/bin/python3']'
[0.128s] Level 5:colcon.colcon_core.verb:set package 'yolosub' build argument 'cmake_target' from command line to 'None'
[0.128s] Level 5:colcon.colcon_core.verb:set package 'yolosub' build argument 'cmake_target_skip_unavailable' from command line to 'False'
[0.128s] Level 5:colcon.colcon_core.verb:set package 'yolosub' build argument 'cmake_clean_cache' from command line to 'False'
[0.128s] Level 5:colcon.colcon_core.verb:set package 'yolosub' build argument 'cmake_clean_first' from command line to 'False'
[0.128s] Level 5:colcon.colcon_core.verb:set package 'yolosub' build argument 'cmake_force_configure' from command line to 'False'
[0.128s] Level 5:colcon.colcon_core.verb:set package 'yolosub' build argument 'ament_cmake_args' from command line to 'None'
[0.128s] Level 5:colcon.colcon_core.verb:set package 'yolosub' build argument 'catkin_cmake_args' from command line to 'None'
[0.128s] Level 5:colcon.colcon_core.verb:set package 'yolosub' build argument 'catkin_skip_building_tests' from command line to 'False'
[0.128s] DEBUG:colcon.colcon_core.verb:Building package 'yolosub' with the following arguments: {'ament_cmake_args': None, 'build_base': '/home/intel/repo/d021rs-yolov5-ros2-subscription-node-limitationuk/build/yolosub', 'catkin_cmake_args': None, 'catkin_skip_building_tests': False, 'cmake_args': ['-DPython3_EXECUTABLE=/home/intel/repo/d021rs-yolov5-ros2-subscription-node-limitationuk/.venv/bin/python3', '-DPYTHON_EXECUTABLE=/home/intel/repo/d021rs-yolov5-ros2-subscription-node-limitationuk/.venv/bin/python3'], 'cmake_clean_cache': False, 'cmake_clean_first': False, 'cmake_force_configure': False, 'cmake_target': None, 'cmake_target_skip_unavailable': False, 'install_base': '/home/intel/repo/d021rs-yolov5-ros2-subscription-node-limitationuk/install/yolosub', 'merge_install': False, 'path': '/home/intel/repo/d021rs-yolov5-ros2-subscription-node-limitationuk/ros2_ws/src/yolosub', 'symlink_install': True, 'test_result_base': None}
[0.128s] Level 5:colcon.colcon_core.verb:set package 'yolov5_ros2' build argument 'cmake_args' from command line to '['-DPython3_EXECUTABLE=/home/intel/repo/d021rs-yolov5-ros2-subscription-node-limitationuk/.venv/bin/python3', '-DPYTHON_EXECUTABLE=/home/intel/repo/d021rs-yolov5-ros2-subscription-node-limitationuk/.venv/bin/python3']'
[0.128s] Level 5:colcon.colcon_core.verb:set package 'yolov5_ros2' build argument 'cmake_target' from command line to 'None'
[0.128s] Level 5:colcon.colcon_core.verb:set package 'yolov5_ros2' build argument 'cmake_target_skip_unavailable' from command line to 'False'
[0.128s] Level 5:colcon.colcon_core.verb:set package 'yolov5_ros2' build argument 'cmake_clean_cache' from command line to 'False'
[0.128s] Level 5:colcon.colcon_core.verb:set package 'yolov5_ros2' build argument 'cmake_clean_first' from command line to 'False'
[0.128s] Level 5:colcon.colcon_core.verb:set package 'yolov5_ros2' build argument 'cmake_force_configure' from command line to 'False'
[0.128s] Level 5:colcon.colcon_core.verb:set package 'yolov5_ros2' build argument 'ament_cmake_args' from command line to 'None'
[0.128s] Level 5:colcon.colcon_core.verb:set package 'yolov5_ros2' build argument 'catkin_cmake_args' from command line to 'None'
[0.128s] Level 5:colcon.colcon_core.verb:set package 'yolov5_ros2' build argument 'catkin_skip_building_tests' from command line to 'False'
[0.128s] DEBUG:colcon.colcon_core.verb:Building package 'yolov5_ros2' with the following arguments: {'ament_cmake_args': None, 'build_base': '/home/intel/repo/d021rs-yolov5-ros2-subscription-node-limitationuk/build/yolov5_ros2', 'catkin_cmake_args': None, 'catkin_skip_building_tests': False, 'cmake_args': ['-DPython3_EXECUTABLE=/home/intel/repo/d021rs-yolov5-ros2-subscription-node-limitationuk/.venv/bin/python3', '-DPYTHON_EXECUTABLE=/home/intel/repo/d021rs-yolov5-ros2-subscription-node-limitationuk/.venv/bin/python3'], 'cmake_clean_cache': False, 'cmake_clean_first': False, 'cmake_force_configure': False, 'cmake_target': None, 'cmake_target_skip_unavailable': False, 'install_base': '/home/intel/repo/d021rs-yolov5-ros2-subscription-node-limitationuk/install/yolov5_ros2', 'merge_install': False, 'path': '/home/intel/repo/d021rs-yolov5-ros2-subscription-node-limitationuk/ros2_ws/src/yolov5_ros2', 'symlink_install': True, 'test_result_base': None}
[0.128s] INFO:colcon.colcon_core.executor:Executing jobs using 'parallel' executor
[0.129s] DEBUG:colcon.colcon_parallel_executor.executor.parallel:run_until_complete
[0.129s] INFO:colcon.colcon_ros.task.ament_python.build:Building ROS package in '/home/intel/repo/d021rs-yolov5-ros2-subscription-node-limitationuk/ros2_ws/src/app' with build type 'ament_python'
[0.129s] Level 1:colcon.colcon_core.shell:create_environment_hook('app', 'ament_prefix_path')
[0.132s] INFO:colcon.colcon_core.plugin_system:Skipping extension 'colcon_core.shell.bat': Not used on non-Windows systems
[0.132s] INFO:colcon.colcon_core.shell:Creating environment hook '/home/intel/repo/d021rs-yolov5-ros2-subscription-node-limitationuk/install/app/share/app/hook/ament_prefix_path.ps1'
[0.133s] INFO:colcon.colcon_core.shell:Creating environment descriptor '/home/intel/repo/d021rs-yolov5-ros2-subscription-node-limitationuk/install/app/share/app/hook/ament_prefix_path.dsv'
[0.133s] INFO:colcon.colcon_core.shell:Creating environment hook '/home/intel/repo/d021rs-yolov5-ros2-subscription-node-limitationuk/install/app/share/app/hook/ament_prefix_path.sh'
[0.133s] INFO:colcon.colcon_core.shell:Skip shell extension 'powershell' for command environment: Not usable outside of PowerShell
[0.133s] DEBUG:colcon.colcon_core.shell:Skip shell extension 'dsv' for command environment
[0.136s] INFO:colcon.colcon_ros.task.ament_python.build:Building ROS package in '/home/intel/repo/d021rs-yolov5-ros2-subscription-node-limitationuk/ros2_ws/src/bringup' with build type 'ament_python'
[0.136s] Level 1:colcon.colcon_core.shell:create_environment_hook('bringup', 'ament_prefix_path')
[0.136s] INFO:colcon.colcon_core.shell:Creating environment hook '/home/intel/repo/d021rs-yolov5-ros2-subscription-node-limitationuk/install/bringup/share/bringup/hook/ament_prefix_path.ps1'
[0.136s] INFO:colcon.colcon_core.shell:Creating environment descriptor '/home/intel/repo/d021rs-yolov5-ros2-subscription-node-limitationuk/install/bringup/share/bringup/hook/ament_prefix_path.dsv'
[0.137s] INFO:colcon.colcon_core.shell:Creating environment hook '/home/intel/repo/d021rs-yolov5-ros2-subscription-node-limitationuk/install/bringup/share/bringup/hook/ament_prefix_path.sh'
[0.137s] INFO:colcon.colcon_core.shell:Skip shell extension 'powershell' for command environment: Not usable outside of PowerShell
[0.137s] DEBUG:colcon.colcon_core.shell:Skip shell extension 'dsv' for command environment
[0.139s] INFO:colcon.colcon_ros.task.ament_python.build:Building ROS package in '/home/intel/repo/d021rs-yolov5-ros2-subscription-node-limitationuk/ros2_ws/src/calibration' with build type 'ament_python'
[0.139s] Level 1:colcon.colcon_core.shell:create_environment_hook('calibration', 'ament_prefix_path')
[0.139s] INFO:colcon.colcon_core.shell:Creating environment hook '/home/intel/repo/d021rs-yolov5-ros2-subscription-node-limitationuk/install/calibration/share/calibration/hook/ament_prefix_path.ps1'
[0.139s] INFO:colcon.colcon_core.shell:Creating environment descriptor '/home/intel/repo/d021rs-yolov5-ros2-subscription-node-limitationuk/install/calibration/share/calibration/hook/ament_prefix_path.dsv'
[0.140s] INFO:colcon.colcon_core.shell:Creating environment hook '/home/intel/repo/d021rs-yolov5-ros2-subscription-node-limitationuk/install/calibration/share/calibration/hook/ament_prefix_path.sh'
[0.140s] INFO:colcon.colcon_core.shell:Skip shell extension 'powershell' for command environment: Not usable outside of PowerShell
[0.140s] DEBUG:colcon.colcon_core.shell:Skip shell extension 'dsv' for command environment
[0.141s] INFO:colcon.colcon_ros.task.ament_python.build:Building ROS package in '/home/intel/repo/d021rs-yolov5-ros2-subscription-node-limitationuk/ros2_ws/src/driver/controller' with build type 'ament_python'
[0.142s] Level 1:colcon.colcon_core.shell:create_environment_hook('controller', 'ament_prefix_path')
[0.142s] INFO:colcon.colcon_core.shell:Creating environment hook '/home/intel/repo/d021rs-yolov5-ros2-subscription-node-limitationuk/install/controller/share/controller/hook/ament_prefix_path.ps1'
[0.142s] INFO:colcon.colcon_core.shell:Creating environment descriptor '/home/intel/repo/d021rs-yolov5-ros2-subscription-node-limitationuk/install/controller/share/controller/hook/ament_prefix_path.dsv'
[0.142s] INFO:colcon.colcon_core.shell:Creating environment hook '/home/intel/repo/d021rs-yolov5-ros2-subscription-node-limitationuk/install/controller/share/controller/hook/ament_prefix_path.sh'
[0.142s] INFO:colcon.colcon_core.shell:Skip shell extension 'powershell' for command environment: Not usable outside of PowerShell
[0.143s] DEBUG:colcon.colcon_core.shell:Skip shell extension 'dsv' for command environment
[0.144s] INFO:colcon.colcon_ros.task.ament_python.build:Building ROS package in '/home/intel/repo/d021rs-yolov5-ros2-subscription-node-limitationuk/ros2_ws/src/example' with build type 'ament_python'
[0.145s] Level 1:colcon.colcon_core.shell:create_environment_hook('example', 'ament_prefix_path')
[0.145s] INFO:colcon.colcon_core.shell:Creating environment hook '/home/intel/repo/d021rs-yolov5-ros2-subscription-node-limitationuk/install/example/share/example/hook/ament_prefix_path.ps1'
[0.147s] INFO:colcon.colcon_core.shell:Creating environment descriptor '/home/intel/repo/d021rs-yolov5-ros2-subscription-node-limitationuk/install/example/share/example/hook/ament_prefix_path.dsv'
[0.147s] INFO:colcon.colcon_core.shell:Creating environment hook '/home/intel/repo/d021rs-yolov5-ros2-subscription-node-limitationuk/install/example/share/example/hook/ament_prefix_path.sh'
[0.148s] INFO:colcon.colcon_core.shell:Skip shell extension 'powershell' for command environment: Not usable outside of PowerShell
[0.148s] DEBUG:colcon.colcon_core.shell:Skip shell extension 'dsv' for command environment
[0.150s] INFO:colcon.colcon_ros.task.ament_cmake.build:Building ROS package in '/home/intel/repo/d021rs-yolov5-ros2-subscription-node-limitationuk/ros2_ws/src/interfaces' with build type 'ament_cmake'
[0.151s] INFO:colcon.colcon_cmake.task.cmake.build:Building CMake package in '/home/intel/repo/d021rs-yolov5-ros2-subscription-node-limitationuk/ros2_ws/src/interfaces'
[0.151s] INFO:colcon.colcon_core.shell:Skip shell extension 'powershell' for command environment: Not usable outside of PowerShell
[0.151s] DEBUG:colcon.colcon_core.shell:Skip shell extension 'dsv' for command environment
[0.152s] INFO:colcon.colcon_ros.task.ament_python.build:Building ROS package in '/home/intel/repo/d021rs-yolov5-ros2-subscription-node-limitationuk/ros2_ws/src/simulations/mentorpi_description' with build type 'ament_python'
[0.152s] Level 1:colcon.colcon_core.shell:create_environment_hook('mentorpi_description', 'ament_prefix_path')
[0.152s] INFO:colcon.colcon_core.shell:Creating environment hook '/home/intel/repo/d021rs-yolov5-ros2-subscription-node-limitationuk/install/mentorpi_description/share/mentorpi_description/hook/ament_prefix_path.ps1'
[0.153s] INFO:colcon.colcon_core.shell:Creating environment descriptor '/home/intel/repo/d021rs-yolov5-ros2-subscription-node-limitationuk/install/mentorpi_description/share/mentorpi_description/hook/ament_prefix_path.dsv'
[0.153s] INFO:colcon.colcon_core.shell:Creating environment hook '/home/intel/repo/d021rs-yolov5-ros2-subscription-node-limitationuk/install/mentorpi_description/share/mentorpi_description/hook/ament_prefix_path.sh'
[0.153s] INFO:colcon.colcon_core.shell:Skip shell extension 'powershell' for command environment: Not usable outside of PowerShell
[0.153s] DEBUG:colcon.colcon_core.shell:Skip shell extension 'dsv' for command environment
[0.155s] INFO:colcon.colcon_ros.task.ament_python.build:Building ROS package in '/home/intel/repo/d021rs-yolov5-ros2-subscription-node-limitationuk/ros2_ws/src/multi' with build type 'ament_python'
[0.155s] Level 1:colcon.colcon_core.shell:create_environment_hook('multi', 'ament_prefix_path')
[0.155s] INFO:colcon.colcon_core.shell:Creating environment hook '/home/intel/repo/d021rs-yolov5-ros2-subscription-node-limitationuk/install/multi/share/multi/hook/ament_prefix_path.ps1'
[0.156s] INFO:colcon.colcon_core.shell:Creating environment descriptor '/home/intel/repo/d021rs-yolov5-ros2-subscription-node-limitationuk/install/multi/share/multi/hook/ament_prefix_path.dsv'
[0.157s] INFO:colcon.colcon_core.shell:Creating environment hook '/home/intel/repo/d021rs-yolov5-ros2-subscription-node-limitationuk/install/multi/share/multi/hook/ament_prefix_path.sh'
[0.157s] INFO:colcon.colcon_core.shell:Skip shell extension 'powershell' for command environment: Not usable outside of PowerShell
[0.158s] DEBUG:colcon.colcon_core.shell:Skip shell extension 'dsv' for command environment
[0.160s] INFO:colcon.colcon_ros.task.ament_python.build:Building ROS package in '/home/intel/repo/d021rs-yolov5-ros2-subscription-node-limitationuk/ros2_ws/src/navigation' with build type 'ament_python'
[0.160s] Level 1:colcon.colcon_core.shell:create_environment_hook('navigation', 'ament_prefix_path')
[0.160s] INFO:colcon.colcon_core.shell:Creating environment hook '/home/intel/repo/d021rs-yolov5-ros2-subscription-node-limitationuk/install/navigation/share/navigation/hook/ament_prefix_path.ps1'
[0.160s] INFO:colcon.colcon_core.shell:Creating environment descriptor '/home/intel/repo/d021rs-yolov5-ros2-subscription-node-limitationuk/install/navigation/share/navigation/hook/ament_prefix_path.dsv'
[0.160s] INFO:colcon.colcon_core.shell:Creating environment hook '/home/intel/repo/d021rs-yolov5-ros2-subscription-node-limitationuk/install/navigation/share/navigation/hook/ament_prefix_path.sh'
[0.160s] INFO:colcon.colcon_core.shell:Skip shell extension 'powershell' for command environment: Not usable outside of PowerShell
[0.161s] DEBUG:colcon.colcon_core.shell:Skip shell extension 'dsv' for command environment
[0.162s] INFO:colcon.colcon_ros.task.ament_python.build:Building ROS package in '/home/intel/repo/d021rs-yolov5-ros2-subscription-node-limitationuk/ros2_ws/src/peripherals' with build type 'ament_python'
[0.162s] Level 1:colcon.colcon_core.shell:create_environment_hook('peripherals', 'ament_prefix_path')
[0.162s] INFO:colcon.colcon_core.shell:Creating environment hook '/home/intel/repo/d021rs-yolov5-ros2-subscription-node-limitationuk/install/peripherals/share/peripherals/hook/ament_prefix_path.ps1'
[0.163s] INFO:colcon.colcon_core.shell:Creating environment descriptor '/home/intel/repo/d021rs-yolov5-ros2-subscription-node-limitationuk/install/peripherals/share/peripherals/hook/ament_prefix_path.dsv'
[0.163s] INFO:colcon.colcon_core.shell:Creating environment hook '/home/intel/repo/d021rs-yolov5-ros2-subscription-node-limitationuk/install/peripherals/share/peripherals/hook/ament_prefix_path.sh'
[0.163s] INFO:colcon.colcon_core.shell:Skip shell extension 'powershell' for command environment: Not usable outside of PowerShell
[0.163s] DEBUG:colcon.colcon_core.shell:Skip shell extension 'dsv' for command environment
[0.282s] INFO:colcon.colcon_core.task.python.build:Building Python package in '/home/intel/repo/d021rs-yolov5-ros2-subscription-node-limitationuk/ros2_ws/src/app'
[0.283s] INFO:colcon.colcon_core.shell:Skip shell extension 'powershell' for command environment: Not usable outside of PowerShell
[0.283s] DEBUG:colcon.colcon_core.shell:Skip shell extension 'dsv' for command environment
[0.410s] INFO:colcon.colcon_core.task.python.build:Building Python package in '/home/intel/repo/d021rs-yolov5-ros2-subscription-node-limitationuk/ros2_ws/src/bringup'
[0.410s] INFO:colcon.colcon_core.shell:Skip shell extension 'powershell' for command environment: Not usable outside of PowerShell
[0.410s] DEBUG:colcon.colcon_core.shell:Skip shell extension 'dsv' for command environment
[0.528s] INFO:colcon.colcon_core.task.python.build:Building Python package in '/home/intel/repo/d021rs-yolov5-ros2-subscription-node-limitationuk/ros2_ws/src/calibration'
[0.528s] INFO:colcon.colcon_core.shell:Skip shell extension 'powershell' for command environment: Not usable outside of PowerShell
[0.528s] DEBUG:colcon.colcon_core.shell:Skip shell extension 'dsv' for command environment
[0.645s] INFO:colcon.colcon_core.task.python.build:Building Python package in '/home/intel/repo/d021rs-yolov5-ros2-subscription-node-limitationuk/ros2_ws/src/driver/controller'
[0.645s] INFO:colcon.colcon_core.shell:Skip shell extension 'powershell' for command environment: Not usable outside of PowerShell
[0.645s] DEBUG:colcon.colcon_core.shell:Skip shell extension 'dsv' for command environment
[0.766s] INFO:colcon.colcon_core.task.python.build:Building Python package in '/home/intel/repo/d021rs-yolov5-ros2-subscription-node-limitationuk/ros2_ws/src/example'
[0.767s] INFO:colcon.colcon_core.shell:Skip shell extension 'powershell' for command environment: Not usable outside of PowerShell
[0.767s] DEBUG:colcon.colcon_core.shell:Skip shell extension 'dsv' for command environment
[0.772s] DEBUG:colcon.colcon_core.event_handler.log_command:Invoking command in '/home/intel/repo/d021rs-yolov5-ros2-subscription-node-limitationuk/build/interfaces': CMAKE_PREFIX_PATH=${CMAKE_PREFIX_PATH}:/home/intel/repo/d021rs-yolov5-ros2-limitationuk/ros2_ws/install/yolov5_ros2:/home/intel/repo/d021rs-yolov5-ros2-limitationuk/ros2_ws/install/slam:/home/intel/repo/d021rs-yolov5-ros2-limitationuk/ros2_ws/install/sdk:/home/intel/repo/d021rs-yolov5-ros2-limitationuk/ros2_ws/install/ros_robot_controller:/home/intel/repo/d021rs-yolov5-ros2-limitationuk/ros2_ws/install/peripherals:/home/intel/repo/d021rs-yolov5-ros2-limitationuk/ros2_ws/install/navigation:/home/intel/repo/d021rs-yolov5-ros2-limitationuk/ros2_ws/install/multi:/home/intel/repo/d021rs-yolov5-ros2-limitationuk/ros2_ws/install/mentorpi_description:/home/intel/repo/d021rs-yolov5-ros2-limitationuk/ros2_ws/install/example:/home/intel/repo/d021rs-yolov5-ros2-limitationuk/ros2_ws/install/controller:/home/intel/repo/d021rs-yolov5-ros2-limitationuk/ros2_ws/install/calibration:/home/intel/repo/d021rs-yolov5-ros2-limitationuk/ros2_ws/install/bringup:/home/intel/repo/d021rs-yolov5-ros2-limitationuk/ros2_ws/install/app:/opt/ros/jazzy DEBUGINFOD_URLS=https://debuginfod.ubuntu.com VIRTUAL_ENV_PROMPT=(.venv) /usr/bin/cmake /home/intel/repo/d021rs-yolov5-ros2-subscription-node-limitationuk/ros2_ws/src/interfaces -DPython3_EXECUTABLE=/home/intel/repo/d021rs-yolov5-ros2-subscription-node-limitationuk/.venv/bin/python3 -DPYTHON_EXECUTABLE=/home/intel/repo/d021rs-yolov5-ros2-subscription-node-limitationuk/.venv/bin/python3 -DAMENT_CMAKE_SYMLINK_INSTALL=1 -DCMAKE_INSTALL_PREFIX=/home/intel/repo/d021rs-yolov5-ros2-subscription-node-limitationuk/install/interfaces
[0.895s] INFO:colcon.colcon_core.task.python.build:Building Python package in '/home/intel/repo/d021rs-yolov5-ros2-subscription-node-limitationuk/ros2_ws/src/simulations/mentorpi_description'
[0.895s] INFO:colcon.colcon_core.shell:Skip shell extension 'powershell' for command environment: Not usable outside of PowerShell
[0.895s] DEBUG:colcon.colcon_core.shell:Skip shell extension 'dsv' for command environment
[1.013s] INFO:colcon.colcon_core.task.python.build:Building Python package in '/home/intel/repo/d021rs-yolov5-ros2-subscription-node-limitationuk/ros2_ws/src/multi'
[1.013s] INFO:colcon.colcon_core.shell:Skip shell extension 'powershell' for command environment: Not usable outside of PowerShell
[1.013s] DEBUG:colcon.colcon_core.shell:Skip shell extension 'dsv' for command environment
[1.135s] INFO:colcon.colcon_core.task.python.build:Building Python package in '/home/intel/repo/d021rs-yolov5-ros2-subscription-node-limitationuk/ros2_ws/src/navigation'
[1.200s] INFO:colcon.colcon_core.shell:Skip shell extension 'powershell' for command environment: Not usable outside of PowerShell
[1.200s] DEBUG:colcon.colcon_core.shell:Skip shell extension 'dsv' for command environment
[1.318s] INFO:colcon.colcon_core.task.python.build:Building Python package in '/home/intel/repo/d021rs-yolov5-ros2-subscription-node-limitationuk/ros2_ws/src/peripherals'
[1.318s] INFO:colcon.colcon_core.shell:Skip shell extension 'powershell' for command environment: Not usable outside of PowerShell
[1.318s] DEBUG:colcon.colcon_core.shell:Skip shell extension 'dsv' for command environment
[1.563s] DEBUG:colcon.colcon_core.event_handler.log_command:Invoking command in '/home/intel/repo/d021rs-yolov5-ros2-subscription-node-limitationuk/build/peripherals': DEBUGINFOD_URLS=https://debuginfod.ubuntu.com PYTHONPATH=/home/intel/repo/d021rs-yolov5-ros2-subscription-node-limitationuk/build/peripherals/prefix_override:/home/intel/repo/d021rs-yolov5-ros2-subscription-node-limitationuk/.venv/lib/python3.12/site-packages/colcon_core/task/python/colcon_distutils_commands:/home/intel/repo/d021rs-yolov5-ros2-subscription-node-limitationuk/install/peripherals/lib/python3.12/site-packages:${PYTHONPATH} VIRTUAL_ENV_PROMPT=(.venv) /home/intel/repo/d021rs-yolov5-ros2-subscription-node-limitationuk/.venv/bin/python3 -W ignore:setup.py install is deprecated -W ignore:easy_install command is deprecated setup.py develop --editable --build-directory /home/intel/repo/d021rs-yolov5-ros2-subscription-node-limitationuk/build/peripherals/build --no-deps symlink_data
[1.569s] DEBUG:colcon.colcon_core.event_handler.log_command:Invoking command in '/home/intel/repo/d021rs-yolov5-ros2-subscription-node-limitationuk/build/mentorpi_description': DEBUGINFOD_URLS=https://debuginfod.ubuntu.com PYTHONPATH=/home/intel/repo/d021rs-yolov5-ros2-subscription-node-limitationuk/build/mentorpi_description/prefix_override:/home/intel/repo/d021rs-yolov5-ros2-subscription-node-limitationuk/.venv/lib/python3.12/site-packages/colcon_core/task/python/colcon_distutils_commands:/home/intel/repo/d021rs-yolov5-ros2-subscription-node-limitationuk/install/mentorpi_description/lib/python3.12/site-packages:${PYTHONPATH} VIRTUAL_ENV_PROMPT=(.venv) /home/intel/repo/d021rs-yolov5-ros2-subscription-node-limitationuk/.venv/bin/python3 -W ignore:setup.py install is deprecated -W ignore:easy_install command is deprecated setup.py develop --editable --build-directory /home/intel/repo/d021rs-yolov5-ros2-subscription-node-limitationuk/build/mentorpi_description/build --no-deps symlink_data
[1.575s] DEBUG:colcon.colcon_core.event_handler.log_command:Invoking command in '/home/intel/repo/d021rs-yolov5-ros2-subscription-node-limitationuk/build/calibration': DEBUGINFOD_URLS=https://debuginfod.ubuntu.com PYTHONPATH=/home/intel/repo/d021rs-yolov5-ros2-subscription-node-limitationuk/build/calibration/prefix_override:/home/intel/repo/d021rs-yolov5-ros2-subscription-node-limitationuk/.venv/lib/python3.12/site-packages/colcon_core/task/python/colcon_distutils_commands:/home/intel/repo/d021rs-yolov5-ros2-subscription-node-limitationuk/install/calibration/lib/python3.12/site-packages:${PYTHONPATH} VIRTUAL_ENV_PROMPT=(.venv) /home/intel/repo/d021rs-yolov5-ros2-subscription-node-limitationuk/.venv/bin/python3 -W ignore:setup.py install is deprecated -W ignore:easy_install command is deprecated setup.py develop --editable --build-directory /home/intel/repo/d021rs-yolov5-ros2-subscription-node-limitationuk/build/calibration/build --no-deps symlink_data
[1.576s] DEBUG:colcon.colcon_core.event_handler.log_command:Invoking command in '/home/intel/repo/d021rs-yolov5-ros2-subscription-node-limitationuk/build/example': DEBUGINFOD_URLS=https://debuginfod.ubuntu.com PYTHONPATH=/home/intel/repo/d021rs-yolov5-ros2-subscription-node-limitationuk/build/example/prefix_override:/home/intel/repo/d021rs-yolov5-ros2-subscription-node-limitationuk/.venv/lib/python3.12/site-packages/colcon_core/task/python/colcon_distutils_commands:/home/intel/repo/d021rs-yolov5-ros2-subscription-node-limitationuk/install/example/lib/python3.12/site-packages:${PYTHONPATH} VIRTUAL_ENV_PROMPT=(.venv) /home/intel/repo/d021rs-yolov5-ros2-subscription-node-limitationuk/.venv/bin/python3 -W ignore:setup.py install is deprecated -W ignore:easy_install command is deprecated setup.py develop --editable --build-directory /home/intel/repo/d021rs-yolov5-ros2-subscription-node-limitationuk/build/example/build --no-deps symlink_data
[1.579s] DEBUG:colcon.colcon_core.event_handler.log_command:Invoking command in '/home/intel/repo/d021rs-yolov5-ros2-subscription-node-limitationuk/build/multi': DEBUGINFOD_URLS=https://debuginfod.ubuntu.com PYTHONPATH=/home/intel/repo/d021rs-yolov5-ros2-subscription-node-limitationuk/build/multi/prefix_override:/home/intel/repo/d021rs-yolov5-ros2-subscription-node-limitationuk/.venv/lib/python3.12/site-packages/colcon_core/task/python/colcon_distutils_commands:/home/intel/repo/d021rs-yolov5-ros2-subscription-node-limitationuk/install/multi/lib/python3.12/site-packages:${PYTHONPATH} VIRTUAL_ENV_PROMPT=(.venv) /home/intel/repo/d021rs-yolov5-ros2-subscription-node-limitationuk/.venv/bin/python3 -W ignore:setup.py install is deprecated -W ignore:easy_install command is deprecated setup.py develop --editable --build-directory /home/intel/repo/d021rs-yolov5-ros2-subscription-node-limitationuk/build/multi/build --no-deps symlink_data
[1.596s] DEBUG:colcon.colcon_core.event_handler.log_command:Invoking command in '/home/intel/repo/d021rs-yolov5-ros2-subscription-node-limitationuk/build/controller': DEBUGINFOD_URLS=https://debuginfod.ubuntu.com PYTHONPATH=/home/intel/repo/d021rs-yolov5-ros2-subscription-node-limitationuk/build/controller/prefix_override:/home/intel/repo/d021rs-yolov5-ros2-subscription-node-limitationuk/.venv/lib/python3.12/site-packages/colcon_core/task/python/colcon_distutils_commands:/home/intel/repo/d021rs-yolov5-ros2-subscription-node-limitationuk/install/controller/lib/python3.12/site-packages:${PYTHONPATH} VIRTUAL_ENV_PROMPT=(.venv) /home/intel/repo/d021rs-yolov5-ros2-subscription-node-limitationuk/.venv/bin/python3 -W ignore:setup.py install is deprecated -W ignore:easy_install command is deprecated setup.py develop --editable --build-directory /home/intel/repo/d021rs-yolov5-ros2-subscription-node-limitationuk/build/controller/build --no-deps symlink_data
[1.612s] DEBUG:colcon.colcon_core.event_handler.log_command:Invoking command in '/home/intel/repo/d021rs-yolov5-ros2-subscription-node-limitationuk/build/bringup': DEBUGINFOD_URLS=https://debuginfod.ubuntu.com PYTHONPATH=/home/intel/repo/d021rs-yolov5-ros2-subscription-node-limitationuk/build/bringup/prefix_override:/home/intel/repo/d021rs-yolov5-ros2-subscription-node-limitationuk/.venv/lib/python3.12/site-packages/colcon_core/task/python/colcon_distutils_commands:/home/intel/repo/d021rs-yolov5-ros2-subscription-node-limitationuk/install/bringup/lib/python3.12/site-packages:${PYTHONPATH} VIRTUAL_ENV_PROMPT=(.venv) /home/intel/repo/d021rs-yolov5-ros2-subscription-node-limitationuk/.venv/bin/python3 -W ignore:setup.py install is deprecated -W ignore:easy_install command is deprecated setup.py develop --editable --build-directory /home/intel/repo/d021rs-yolov5-ros2-subscription-node-limitationuk/build/bringup/build --no-deps symlink_data
[1.613s] DEBUG:colcon.colcon_core.event_handler.log_command:Invoking command in '/home/intel/repo/d021rs-yolov5-ros2-subscription-node-limitationuk/build/app': DEBUGINFOD_URLS=https://debuginfod.ubuntu.com PYTHONPATH=/home/intel/repo/d021rs-yolov5-ros2-subscription-node-limitationuk/build/app/prefix_override:/home/intel/repo/d021rs-yolov5-ros2-subscription-node-limitationuk/.venv/lib/python3.12/site-packages/colcon_core/task/python/colcon_distutils_commands:/home/intel/repo/d021rs-yolov5-ros2-subscription-node-limitationuk/install/app/lib/python3.12/site-packages:${PYTHONPATH} VIRTUAL_ENV_PROMPT=(.venv) /home/intel/repo/d021rs-yolov5-ros2-subscription-node-limitationuk/.venv/bin/python3 -W ignore:setup.py install is deprecated -W ignore:easy_install command is deprecated setup.py develop --editable --build-directory /home/intel/repo/d021rs-yolov5-ros2-subscription-node-limitationuk/build/app/build --no-deps symlink_data
[1.619s] DEBUG:colcon.colcon_core.event_handler.log_command:Invoking command in '/home/intel/repo/d021rs-yolov5-ros2-subscription-node-limitationuk/build/navigation': DEBUGINFOD_URLS=https://debuginfod.ubuntu.com PYTHONPATH=/home/intel/repo/d021rs-yolov5-ros2-subscription-node-limitationuk/build/navigation/prefix_override:/home/intel/repo/d021rs-yolov5-ros2-subscription-node-limitationuk/.venv/lib/python3.12/site-packages/colcon_core/task/python/colcon_distutils_commands:/home/intel/repo/d021rs-yolov5-ros2-subscription-node-limitationuk/install/navigation/lib/python3.12/site-packages:${PYTHONPATH} VIRTUAL_ENV_PROMPT=(.venv) /home/intel/repo/d021rs-yolov5-ros2-subscription-node-limitationuk/.venv/bin/python3 -W ignore:setup.py install is deprecated -W ignore:easy_install command is deprecated setup.py develop --editable --build-directory /home/intel/repo/d021rs-yolov5-ros2-subscription-node-limitationuk/build/navigation/build --no-deps symlink_data
[1.847s] Level 1:colcon.colcon_core.shell:create_environment_hook('peripherals', 'pythonpath_develop')
[1.847s] INFO:colcon.colcon_core.shell:Creating environment hook '/home/intel/repo/d021rs-yolov5-ros2-subscription-node-limitationuk/build/peripherals/share/peripherals/hook/pythonpath_develop.ps1'
[1.847s] INFO:colcon.colcon_core.shell:Creating environment descriptor '/home/intel/repo/d021rs-yolov5-ros2-subscription-node-limitationuk/build/peripherals/share/peripherals/hook/pythonpath_develop.dsv'
[1.848s] INFO:colcon.colcon_core.shell:Creating environment hook '/home/intel/repo/d021rs-yolov5-ros2-subscription-node-limitationuk/build/peripherals/share/peripherals/hook/pythonpath_develop.sh'
[1.849s] Level 1:colcon.colcon_core.environment:checking '/home/intel/repo/d021rs-yolov5-ros2-subscription-node-limitationuk/install/peripherals' for CMake module files
[1.849s] Level 1:colcon.colcon_core.environment:checking '/home/intel/repo/d021rs-yolov5-ros2-subscription-node-limitationuk/install/peripherals' for CMake config files
[1.850s] Level 1:colcon.colcon_core.environment:checking '/home/intel/repo/d021rs-yolov5-ros2-subscription-node-limitationuk/install/peripherals/lib'
[1.850s] Level 1:colcon.colcon_core.environment:checking '/home/intel/repo/d021rs-yolov5-ros2-subscription-node-limitationuk/install/peripherals/bin'
[1.850s] Level 1:colcon.colcon_core.environment:checking '/home/intel/repo/d021rs-yolov5-ros2-subscription-node-limitationuk/install/peripherals/lib/pkgconfig/peripherals.pc'
[1.850s] Level 1:colcon.colcon_core.environment:checking '/home/intel/repo/d021rs-yolov5-ros2-subscription-node-limitationuk/install/peripherals/lib/python3.12/site-packages'
[1.850s] Level 1:colcon.colcon_core.shell:create_environment_hook('peripherals', 'pythonpath')
[1.850s] INFO:colcon.colcon_core.shell:Creating environment hook '/home/intel/repo/d021rs-yolov5-ros2-subscription-node-limitationuk/install/peripherals/share/peripherals/hook/pythonpath.ps1'
[1.850s] INFO:colcon.colcon_core.shell:Creating environment descriptor '/home/intel/repo/d021rs-yolov5-ros2-subscription-node-limitationuk/install/peripherals/share/peripherals/hook/pythonpath.dsv'
[1.851s] INFO:colcon.colcon_core.shell:Creating environment hook '/home/intel/repo/d021rs-yolov5-ros2-subscription-node-limitationuk/install/peripherals/share/peripherals/hook/pythonpath.sh'
[1.855s] DEBUG:colcon.colcon_core.event_handler.log_command:Invoked command in '/home/intel/repo/d021rs-yolov5-ros2-subscription-node-limitationuk/build/peripherals' returned '0': DEBUGINFOD_URLS=https://debuginfod.ubuntu.com PYTHONPATH=/home/intel/repo/d021rs-yolov5-ros2-subscription-node-limitationuk/build/peripherals/prefix_override:/home/intel/repo/d021rs-yolov5-ros2-subscription-node-limitationuk/.venv/lib/python3.12/site-packages/colcon_core/task/python/colcon_distutils_commands:/home/intel/repo/d021rs-yolov5-ros2-subscription-node-limitationuk/install/peripherals/lib/python3.12/site-packages:${PYTHONPATH} VIRTUAL_ENV_PROMPT=(.venv) /home/intel/repo/d021rs-yolov5-ros2-subscription-node-limitationuk/.venv/bin/python3 -W ignore:setup.py install is deprecated -W ignore:easy_install command is deprecated setup.py develop --editable --build-directory /home/intel/repo/d021rs-yolov5-ros2-subscription-node-limitationuk/build/peripherals/build --no-deps symlink_data
[1.856s] Level 1:colcon.colcon_core.environment:checking '/home/intel/repo/d021rs-yolov5-ros2-subscription-node-limitationuk/install/peripherals/bin'
[1.856s] Level 1:colcon.colcon_core.environment:create_environment_scripts_only(peripherals)
[1.857s] INFO:colcon.colcon_core.shell:Creating package script '/home/intel/repo/d021rs-yolov5-ros2-subscription-node-limitationuk/install/peripherals/share/peripherals/package.ps1'
[1.857s] INFO:colcon.colcon_core.shell:Creating package descriptor '/home/intel/repo/d021rs-yolov5-ros2-subscription-node-limitationuk/install/peripherals/share/peripherals/package.dsv'
[1.858s] INFO:colcon.colcon_core.shell:Creating package script '/home/intel/repo/d021rs-yolov5-ros2-subscription-node-limitationuk/install/peripherals/share/peripherals/package.sh'
[1.858s] INFO:colcon.colcon_core.shell:Creating package script '/home/intel/repo/d021rs-yolov5-ros2-subscription-node-limitationuk/install/peripherals/share/peripherals/package.bash'
[1.859s] INFO:colcon.colcon_core.shell:Creating package script '/home/intel/repo/d021rs-yolov5-ros2-subscription-node-limitationuk/install/peripherals/share/peripherals/package.zsh'
[1.859s] Level 1:colcon.colcon_core.environment:create_file_with_runtime_dependencies(/home/intel/repo/d021rs-yolov5-ros2-subscription-node-limitationuk/install/peripherals/share/colcon-core/packages/peripherals)
[1.859s] INFO:colcon.colcon_ros.task.ament_python.build:Building ROS package in '/home/intel/repo/d021rs-yolov5-ros2-subscription-node-limitationuk/ros2_ws/src/driver/ros_robot_controller' with build type 'ament_python'
[1.860s] Level 1:colcon.colcon_core.shell:create_environment_hook('ros_robot_controller', 'ament_prefix_path')
[1.860s] INFO:colcon.colcon_core.shell:Creating environment hook '/home/intel/repo/d021rs-yolov5-ros2-subscription-node-limitationuk/install/ros_robot_controller/share/ros_robot_controller/hook/ament_prefix_path.ps1'
[1.860s] INFO:colcon.colcon_core.shell:Creating environment descriptor '/home/intel/repo/d021rs-yolov5-ros2-subscription-node-limitationuk/install/ros_robot_controller/share/ros_robot_controller/hook/ament_prefix_path.dsv'
[1.861s] INFO:colcon.colcon_core.shell:Creating environment hook '/home/intel/repo/d021rs-yolov5-ros2-subscription-node-limitationuk/install/ros_robot_controller/share/ros_robot_controller/hook/ament_prefix_path.sh'
[1.861s] INFO:colcon.colcon_core.shell:Skip shell extension 'powershell' for command environment: Not usable outside of PowerShell
[1.861s] DEBUG:colcon.colcon_core.shell:Skip shell extension 'dsv' for command environment
[1.864s] Level 1:colcon.colcon_core.shell:create_environment_hook('mentorpi_description', 'pythonpath_develop')
[1.864s] INFO:colcon.colcon_core.shell:Creating environment hook '/home/intel/repo/d021rs-yolov5-ros2-subscription-node-limitationuk/build/mentorpi_description/share/mentorpi_description/hook/pythonpath_develop.ps1'
[1.865s] INFO:colcon.colcon_core.shell:Creating environment descriptor '/home/intel/repo/d021rs-yolov5-ros2-subscription-node-limitationuk/build/mentorpi_description/share/mentorpi_description/hook/pythonpath_develop.dsv'
[1.866s] INFO:colcon.colcon_core.shell:Creating environment hook '/home/intel/repo/d021rs-yolov5-ros2-subscription-node-limitationuk/build/mentorpi_description/share/mentorpi_description/hook/pythonpath_develop.sh'
[1.866s] DEBUG:colcon.colcon_core.event_handler.log_command:Invoked command in '/home/intel/repo/d021rs-yolov5-ros2-subscription-node-limitationuk/build/mentorpi_description' returned '0': DEBUGINFOD_URLS=https://debuginfod.ubuntu.com PYTHONPATH=/home/intel/repo/d021rs-yolov5-ros2-subscription-node-limitationuk/build/mentorpi_description/prefix_override:/home/intel/repo/d021rs-yolov5-ros2-subscription-node-limitationuk/.venv/lib/python3.12/site-packages/colcon_core/task/python/colcon_distutils_commands:/home/intel/repo/d021rs-yolov5-ros2-subscription-node-limitationuk/install/mentorpi_description/lib/python3.12/site-packages:${PYTHONPATH} VIRTUAL_ENV_PROMPT=(.venv) /home/intel/repo/d021rs-yolov5-ros2-subscription-node-limitationuk/.venv/bin/python3 -W ignore:setup.py install is deprecated -W ignore:easy_install command is deprecated setup.py develop --editable --build-directory /home/intel/repo/d021rs-yolov5-ros2-subscription-node-limitationuk/build/mentorpi_description/build --no-deps symlink_data
[1.867s] Level 1:colcon.colcon_core.environment:checking '/home/intel/repo/d021rs-yolov5-ros2-subscription-node-limitationuk/install/mentorpi_description' for CMake module files
[1.867s] Level 1:colcon.colcon_core.environment:checking '/home/intel/repo/d021rs-yolov5-ros2-subscription-node-limitationuk/install/mentorpi_description' for CMake config files
[1.867s] Level 1:colcon.colcon_core.environment:checking '/home/intel/repo/d021rs-yolov5-ros2-subscription-node-limitationuk/install/mentorpi_description/lib'
[1.867s] Level 1:colcon.colcon_core.environment:checking '/home/intel/repo/d021rs-yolov5-ros2-subscription-node-limitationuk/install/mentorpi_description/bin'
[1.867s] Level 1:colcon.colcon_core.environment:checking '/home/intel/repo/d021rs-yolov5-ros2-subscription-node-limitationuk/install/mentorpi_description/lib/pkgconfig/mentorpi_description.pc'
[1.868s] Level 1:colcon.colcon_core.environment:checking '/home/intel/repo/d021rs-yolov5-ros2-subscription-node-limitationuk/install/mentorpi_description/lib/python3.12/site-packages'
[1.868s] Level 1:colcon.colcon_core.shell:create_environment_hook('mentorpi_description', 'pythonpath')
[1.868s] INFO:colcon.colcon_core.shell:Creating environment hook '/home/intel/repo/d021rs-yolov5-ros2-subscription-node-limitationuk/install/mentorpi_description/share/mentorpi_description/hook/pythonpath.ps1'
[1.868s] INFO:colcon.colcon_core.shell:Creating environment descriptor '/home/intel/repo/d021rs-yolov5-ros2-subscription-node-limitationuk/install/mentorpi_description/share/mentorpi_description/hook/pythonpath.dsv'
[1.868s] INFO:colcon.colcon_core.shell:Creating environment hook '/home/intel/repo/d021rs-yolov5-ros2-subscription-node-limitationuk/install/mentorpi_description/share/mentorpi_description/hook/pythonpath.sh'
[1.869s] Level 1:colcon.colcon_core.environment:checking '/home/intel/repo/d021rs-yolov5-ros2-subscription-node-limitationuk/install/mentorpi_description/bin'
[1.869s] Level 1:colcon.colcon_core.environment:create_environment_scripts_only(mentorpi_description)
[1.869s] INFO:colcon.colcon_core.shell:Creating package script '/home/intel/repo/d021rs-yolov5-ros2-subscription-node-limitationuk/install/mentorpi_description/share/mentorpi_description/package.ps1'
[1.869s] INFO:colcon.colcon_core.shell:Creating package descriptor '/home/intel/repo/d021rs-yolov5-ros2-subscription-node-limitationuk/install/mentorpi_description/share/mentorpi_description/package.dsv'
[1.869s] INFO:colcon.colcon_core.shell:Creating package script '/home/intel/repo/d021rs-yolov5-ros2-subscription-node-limitationuk/install/mentorpi_description/share/mentorpi_description/package.sh'
[1.871s] INFO:colcon.colcon_core.shell:Creating package script '/home/intel/repo/d021rs-yolov5-ros2-subscription-node-limitationuk/install/mentorpi_description/share/mentorpi_description/package.bash'
[1.871s] INFO:colcon.colcon_core.shell:Creating package script '/home/intel/repo/d021rs-yolov5-ros2-subscription-node-limitationuk/install/mentorpi_description/share/mentorpi_description/package.zsh'
[1.871s] Level 1:colcon.colcon_core.environment:create_file_with_runtime_dependencies(/home/intel/repo/d021rs-yolov5-ros2-subscription-node-limitationuk/install/mentorpi_description/share/colcon-core/packages/mentorpi_description)
[1.872s] INFO:colcon.colcon_ros.task.ament_cmake.build:Building ROS package in '/home/intel/repo/d021rs-yolov5-ros2-subscription-node-limitationuk/ros2_ws/src/driver/ros_robot_controller_msgs' with build type 'ament_cmake'
[1.872s] INFO:colcon.colcon_cmake.task.cmake.build:Building CMake package in '/home/intel/repo/d021rs-yolov5-ros2-subscription-node-limitationuk/ros2_ws/src/driver/ros_robot_controller_msgs'
[1.872s] INFO:colcon.colcon_core.shell:Skip shell extension 'powershell' for command environment: Not usable outside of PowerShell
[1.872s] DEBUG:colcon.colcon_core.shell:Skip shell extension 'dsv' for command environment
[2.001s] INFO:colcon.colcon_core.task.python.build:Building Python package in '/home/intel/repo/d021rs-yolov5-ros2-subscription-node-limitationuk/ros2_ws/src/driver/ros_robot_controller'
[2.001s] INFO:colcon.colcon_core.shell:Skip shell extension 'powershell' for command environment: Not usable outside of PowerShell
[2.001s] DEBUG:colcon.colcon_core.shell:Skip shell extension 'dsv' for command environment
[2.005s] Level 1:colcon.colcon_core.shell:create_environment_hook('app', 'pythonpath_develop')
[2.005s] INFO:colcon.colcon_core.shell:Creating environment hook '/home/intel/repo/d021rs-yolov5-ros2-subscription-node-limitationuk/build/app/share/app/hook/pythonpath_develop.ps1'
[2.006s] DEBUG:colcon.colcon_core.event_handler.log_command:Invoked command in '/home/intel/repo/d021rs-yolov5-ros2-subscription-node-limitationuk/build/app' returned '0': DEBUGINFOD_URLS=https://debuginfod.ubuntu.com PYTHONPATH=/home/intel/repo/d021rs-yolov5-ros2-subscription-node-limitationuk/build/app/prefix_override:/home/intel/repo/d021rs-yolov5-ros2-subscription-node-limitationuk/.venv/lib/python3.12/site-packages/colcon_core/task/python/colcon_distutils_commands:/home/intel/repo/d021rs-yolov5-ros2-subscription-node-limitationuk/install/app/lib/python3.12/site-packages:${PYTHONPATH} VIRTUAL_ENV_PROMPT=(.venv) /home/intel/repo/d021rs-yolov5-ros2-subscription-node-limitationuk/.venv/bin/python3 -W ignore:setup.py install is deprecated -W ignore:easy_install command is deprecated setup.py develop --editable --build-directory /home/intel/repo/d021rs-yolov5-ros2-subscription-node-limitationuk/build/app/build --no-deps symlink_data
[2.006s] INFO:colcon.colcon_core.shell:Creating environment descriptor '/home/intel/repo/d021rs-yolov5-ros2-subscription-node-limitationuk/build/app/share/app/hook/pythonpath_develop.dsv'
[2.006s] INFO:colcon.colcon_core.shell:Creating environment hook '/home/intel/repo/d021rs-yolov5-ros2-subscription-node-limitationuk/build/app/share/app/hook/pythonpath_develop.sh'
[2.006s] Level 1:colcon.colcon_core.environment:checking '/home/intel/repo/d021rs-yolov5-ros2-subscription-node-limitationuk/install/app' for CMake module files
[2.007s] Level 1:colcon.colcon_core.environment:checking '/home/intel/repo/d021rs-yolov5-ros2-subscription-node-limitationuk/install/app' for CMake config files
[2.007s] Level 1:colcon.colcon_core.environment:checking '/home/intel/repo/d021rs-yolov5-ros2-subscription-node-limitationuk/install/app/lib'
[2.007s] Level 1:colcon.colcon_core.environment:checking '/home/intel/repo/d021rs-yolov5-ros2-subscription-node-limitationuk/install/app/bin'
[2.007s] Level 1:colcon.colcon_core.environment:checking '/home/intel/repo/d021rs-yolov5-ros2-subscription-node-limitationuk/install/app/lib/pkgconfig/app.pc'
[2.007s] Level 1:colcon.colcon_core.environment:checking '/home/intel/repo/d021rs-yolov5-ros2-subscription-node-limitationuk/install/app/lib/python3.12/site-packages'
[2.007s] Level 1:colcon.colcon_core.shell:create_environment_hook('app', 'pythonpath')
[2.007s] INFO:colcon.colcon_core.shell:Creating environment hook '/home/intel/repo/d021rs-yolov5-ros2-subscription-node-limitationuk/install/app/share/app/hook/pythonpath.ps1'
[2.007s] INFO:colcon.colcon_core.shell:Creating environment descriptor '/home/intel/repo/d021rs-yolov5-ros2-subscription-node-limitationuk/install/app/share/app/hook/pythonpath.dsv'
[2.007s] INFO:colcon.colcon_core.shell:Creating environment hook '/home/intel/repo/d021rs-yolov5-ros2-subscription-node-limitationuk/install/app/share/app/hook/pythonpath.sh'
[2.008s] Level 1:colcon.colcon_core.environment:checking '/home/intel/repo/d021rs-yolov5-ros2-subscription-node-limitationuk/install/app/bin'
[2.008s] Level 1:colcon.colcon_core.environment:create_environment_scripts_only(app)
[2.008s] INFO:colcon.colcon_core.shell:Creating package script '/home/intel/repo/d021rs-yolov5-ros2-subscription-node-limitationuk/install/app/share/app/package.ps1'
[2.008s] INFO:colcon.colcon_core.shell:Creating package descriptor '/home/intel/repo/d021rs-yolov5-ros2-subscription-node-limitationuk/install/app/share/app/package.dsv'
[2.008s] INFO:colcon.colcon_core.shell:Creating package script '/home/intel/repo/d021rs-yolov5-ros2-subscription-node-limitationuk/install/app/share/app/package.sh'
[2.009s] INFO:colcon.colcon_core.shell:Creating package script '/home/intel/repo/d021rs-yolov5-ros2-subscription-node-limitationuk/install/app/share/app/package.bash'
[2.009s] INFO:colcon.colcon_core.shell:Creating package script '/home/intel/repo/d021rs-yolov5-ros2-subscription-node-limitationuk/install/app/share/app/package.zsh'
[2.009s] Level 1:colcon.colcon_core.environment:create_file_with_runtime_dependencies(/home/intel/repo/d021rs-yolov5-ros2-subscription-node-limitationuk/install/app/share/colcon-core/packages/app)
[2.009s] Level 1:colcon.colcon_core.shell:create_environment_hook('bringup', 'pythonpath_develop')
[2.009s] INFO:colcon.colcon_core.shell:Creating environment hook '/home/intel/repo/d021rs-yolov5-ros2-subscription-node-limitationuk/build/bringup/share/bringup/hook/pythonpath_develop.ps1'
[2.010s] DEBUG:colcon.colcon_core.event_handler.log_command:Invoked command in '/home/intel/repo/d021rs-yolov5-ros2-subscription-node-limitationuk/build/bringup' returned '0': DEBUGINFOD_URLS=https://debuginfod.ubuntu.com PYTHONPATH=/home/intel/repo/d021rs-yolov5-ros2-subscription-node-limitationuk/build/bringup/prefix_override:/home/intel/repo/d021rs-yolov5-ros2-subscription-node-limitationuk/.venv/lib/python3.12/site-packages/colcon_core/task/python/colcon_distutils_commands:/home/intel/repo/d021rs-yolov5-ros2-subscription-node-limitationuk/install/bringup/lib/python3.12/site-packages:${PYTHONPATH} VIRTUAL_ENV_PROMPT=(.venv) /home/intel/repo/d021rs-yolov5-ros2-subscription-node-limitationuk/.venv/bin/python3 -W ignore:setup.py install is deprecated -W ignore:easy_install command is deprecated setup.py develop --editable --build-directory /home/intel/repo/d021rs-yolov5-ros2-subscription-node-limitationuk/build/bringup/build --no-deps symlink_data
[2.010s] INFO:colcon.colcon_core.shell:Creating environment descriptor '/home/intel/repo/d021rs-yolov5-ros2-subscription-node-limitationuk/build/bringup/share/bringup/hook/pythonpath_develop.dsv'
[2.010s] INFO:colcon.colcon_core.shell:Creating environment hook '/home/intel/repo/d021rs-yolov5-ros2-subscription-node-limitationuk/build/bringup/share/bringup/hook/pythonpath_develop.sh'
[2.010s] Level 1:colcon.colcon_core.environment:checking '/home/intel/repo/d021rs-yolov5-ros2-subscription-node-limitationuk/install/bringup' for CMake module files
[2.011s] Level 1:colcon.colcon_core.environment:checking '/home/intel/repo/d021rs-yolov5-ros2-subscription-node-limitationuk/install/bringup' for CMake config files
[2.011s] Level 1:colcon.colcon_core.environment:checking '/home/intel/repo/d021rs-yolov5-ros2-subscription-node-limitationuk/install/bringup/lib'
[2.011s] Level 1:colcon.colcon_core.environment:checking '/home/intel/repo/d021rs-yolov5-ros2-subscription-node-limitationuk/install/bringup/bin'
[2.011s] Level 1:colcon.colcon_core.environment:checking '/home/intel/repo/d021rs-yolov5-ros2-subscription-node-limitationuk/install/bringup/lib/pkgconfig/bringup.pc'
[2.011s] Level 1:colcon.colcon_core.environment:checking '/home/intel/repo/d021rs-yolov5-ros2-subscription-node-limitationuk/install/bringup/lib/python3.12/site-packages'
[2.011s] Level 1:colcon.colcon_core.shell:create_environment_hook('bringup', 'pythonpath')
[2.011s] INFO:colcon.colcon_core.shell:Creating environment hook '/home/intel/repo/d021rs-yolov5-ros2-subscription-node-limitationuk/install/bringup/share/bringup/hook/pythonpath.ps1'
[2.011s] INFO:colcon.colcon_core.shell:Creating environment descriptor '/home/intel/repo/d021rs-yolov5-ros2-subscription-node-limitationuk/install/bringup/share/bringup/hook/pythonpath.dsv'
[2.011s] INFO:colcon.colcon_core.shell:Creating environment hook '/home/intel/repo/d021rs-yolov5-ros2-subscription-node-limitationuk/install/bringup/share/bringup/hook/pythonpath.sh'
[2.012s] Level 1:colcon.colcon_core.environment:checking '/home/intel/repo/d021rs-yolov5-ros2-subscription-node-limitationuk/install/bringup/bin'
[2.012s] Level 1:colcon.colcon_core.environment:create_environment_scripts_only(bringup)
[2.012s] INFO:colcon.colcon_core.shell:Creating package script '/home/intel/repo/d021rs-yolov5-ros2-subscription-node-limitationuk/install/bringup/share/bringup/package.ps1'
[2.012s] INFO:colcon.colcon_core.shell:Creating package descriptor '/home/intel/repo/d021rs-yolov5-ros2-subscription-node-limitationuk/install/bringup/share/bringup/package.dsv'
[2.013s] INFO:colcon.colcon_core.shell:Creating package script '/home/intel/repo/d021rs-yolov5-ros2-subscription-node-limitationuk/install/bringup/share/bringup/package.sh'
[2.013s] INFO:colcon.colcon_core.shell:Creating package script '/home/intel/repo/d021rs-yolov5-ros2-subscription-node-limitationuk/install/bringup/share/bringup/package.bash'
[2.013s] INFO:colcon.colcon_core.shell:Creating package script '/home/intel/repo/d021rs-yolov5-ros2-subscription-node-limitationuk/install/bringup/share/bringup/package.zsh'
[2.013s] Level 1:colcon.colcon_core.environment:create_file_with_runtime_dependencies(/home/intel/repo/d021rs-yolov5-ros2-subscription-node-limitationuk/install/bringup/share/colcon-core/packages/bringup)
[2.013s] Level 1:colcon.colcon_core.shell:create_environment_hook('navigation', 'pythonpath_develop')
[2.013s] INFO:colcon.colcon_core.shell:Creating environment hook '/home/intel/repo/d021rs-yolov5-ros2-subscription-node-limitationuk/build/navigation/share/navigation/hook/pythonpath_develop.ps1'
[2.014s] DEBUG:colcon.colcon_core.event_handler.log_command:Invoked command in '/home/intel/repo/d021rs-yolov5-ros2-subscription-node-limitationuk/build/navigation' returned '0': DEBUGINFOD_URLS=https://debuginfod.ubuntu.com PYTHONPATH=/home/intel/repo/d021rs-yolov5-ros2-subscription-node-limitationuk/build/navigation/prefix_override:/home/intel/repo/d021rs-yolov5-ros2-subscription-node-limitationuk/.venv/lib/python3.12/site-packages/colcon_core/task/python/colcon_distutils_commands:/home/intel/repo/d021rs-yolov5-ros2-subscription-node-limitationuk/install/navigation/lib/python3.12/site-packages:${PYTHONPATH} VIRTUAL_ENV_PROMPT=(.venv) /home/intel/repo/d021rs-yolov5-ros2-subscription-node-limitationuk/.venv/bin/python3 -W ignore:setup.py install is deprecated -W ignore:easy_install command is deprecated setup.py develop --editable --build-directory /home/intel/repo/d021rs-yolov5-ros2-subscription-node-limitationuk/build/navigation/build --no-deps symlink_data
[2.014s] INFO:colcon.colcon_core.shell:Creating environment descriptor '/home/intel/repo/d021rs-yolov5-ros2-subscription-node-limitationuk/build/navigation/share/navigation/hook/pythonpath_develop.dsv'
[2.014s] INFO:colcon.colcon_core.shell:Creating environment hook '/home/intel/repo/d021rs-yolov5-ros2-subscription-node-limitationuk/build/navigation/share/navigation/hook/pythonpath_develop.sh'
[2.014s] Level 1:colcon.colcon_core.environment:checking '/home/intel/repo/d021rs-yolov5-ros2-subscription-node-limitationuk/install/navigation' for CMake module files
[2.014s] Level 1:colcon.colcon_core.environment:checking '/home/intel/repo/d021rs-yolov5-ros2-subscription-node-limitationuk/install/navigation' for CMake config files
[2.015s] Level 1:colcon.colcon_core.environment:checking '/home/intel/repo/d021rs-yolov5-ros2-subscription-node-limitationuk/install/navigation/lib'
[2.015s] Level 1:colcon.colcon_core.environment:checking '/home/intel/repo/d021rs-yolov5-ros2-subscription-node-limitationuk/install/navigation/bin'
[2.015s] Level 1:colcon.colcon_core.environment:checking '/home/intel/repo/d021rs-yolov5-ros2-subscription-node-limitationuk/install/navigation/lib/pkgconfig/navigation.pc'
[2.015s] Level 1:colcon.colcon_core.environment:checking '/home/intel/repo/d021rs-yolov5-ros2-subscription-node-limitationuk/install/navigation/lib/python3.12/site-packages'
[2.015s] Level 1:colcon.colcon_core.shell:create_environment_hook('navigation', 'pythonpath')
[2.015s] INFO:colcon.colcon_core.shell:Creating environment hook '/home/intel/repo/d021rs-yolov5-ros2-subscription-node-limitationuk/install/navigation/share/navigation/hook/pythonpath.ps1'
[2.015s] INFO:colcon.colcon_core.shell:Creating environment descriptor '/home/intel/repo/d021rs-yolov5-ros2-subscription-node-limitationuk/install/navigation/share/navigation/hook/pythonpath.dsv'
[2.016s] INFO:colcon.colcon_core.shell:Creating environment hook '/home/intel/repo/d021rs-yolov5-ros2-subscription-node-limitationuk/install/navigation/share/navigation/hook/pythonpath.sh'
[2.016s] Level 1:colcon.colcon_core.environment:checking '/home/intel/repo/d021rs-yolov5-ros2-subscription-node-limitationuk/install/navigation/bin'
[2.016s] Level 1:colcon.colcon_core.environment:create_environment_scripts_only(navigation)
[2.016s] INFO:colcon.colcon_core.shell:Creating package script '/home/intel/repo/d021rs-yolov5-ros2-subscription-node-limitationuk/install/navigation/share/navigation/package.ps1'
[2.016s] INFO:colcon.colcon_core.shell:Creating package descriptor '/home/intel/repo/d021rs-yolov5-ros2-subscription-node-limitationuk/install/navigation/share/navigation/package.dsv'
[2.017s] INFO:colcon.colcon_core.shell:Creating package script '/home/intel/repo/d021rs-yolov5-ros2-subscription-node-limitationuk/install/navigation/share/navigation/package.sh'
[2.017s] INFO:colcon.colcon_core.shell:Creating package script '/home/intel/repo/d021rs-yolov5-ros2-subscription-node-limitationuk/install/navigation/share/navigation/package.bash'
[2.017s] INFO:colcon.colcon_core.shell:Creating package script '/home/intel/repo/d021rs-yolov5-ros2-subscription-node-limitationuk/install/navigation/share/navigation/package.zsh'
[2.017s] Level 1:colcon.colcon_core.environment:create_file_with_runtime_dependencies(/home/intel/repo/d021rs-yolov5-ros2-subscription-node-limitationuk/install/navigation/share/colcon-core/packages/navigation)
[2.018s] Level 1:colcon.colcon_core.shell:create_environment_hook('controller', 'pythonpath_develop')
[2.018s] INFO:colcon.colcon_core.shell:Creating environment hook '/home/intel/repo/d021rs-yolov5-ros2-subscription-node-limitationuk/build/controller/share/controller/hook/pythonpath_develop.ps1'
[2.018s] INFO:colcon.colcon_core.shell:Creating environment descriptor '/home/intel/repo/d021rs-yolov5-ros2-subscription-node-limitationuk/build/controller/share/controller/hook/pythonpath_develop.dsv'
[2.018s] DEBUG:colcon.colcon_core.event_handler.log_command:Invoked command in '/home/intel/repo/d021rs-yolov5-ros2-subscription-node-limitationuk/build/controller' returned '0': DEBUGINFOD_URLS=https://debuginfod.ubuntu.com PYTHONPATH=/home/intel/repo/d021rs-yolov5-ros2-subscription-node-limitationuk/build/controller/prefix_override:/home/intel/repo/d021rs-yolov5-ros2-subscription-node-limitationuk/.venv/lib/python3.12/site-packages/colcon_core/task/python/colcon_distutils_commands:/home/intel/repo/d021rs-yolov5-ros2-subscription-node-limitationuk/install/controller/lib/python3.12/site-packages:${PYTHONPATH} VIRTUAL_ENV_PROMPT=(.venv) /home/intel/repo/d021rs-yolov5-ros2-subscription-node-limitationuk/.venv/bin/python3 -W ignore:setup.py install is deprecated -W ignore:easy_install command is deprecated setup.py develop --editable --build-directory /home/intel/repo/d021rs-yolov5-ros2-subscription-node-limitationuk/build/controller/build --no-deps symlink_data
[2.019s] INFO:colcon.colcon_core.shell:Creating environment hook '/home/intel/repo/d021rs-yolov5-ros2-subscription-node-limitationuk/build/controller/share/controller/hook/pythonpath_develop.sh'
[2.019s] Level 1:colcon.colcon_core.environment:checking '/home/intel/repo/d021rs-yolov5-ros2-subscription-node-limitationuk/install/controller' for CMake module files
[2.019s] Level 1:colcon.colcon_core.environment:checking '/home/intel/repo/d021rs-yolov5-ros2-subscription-node-limitationuk/install/controller' for CMake config files
[2.019s] Level 1:colcon.colcon_core.environment:checking '/home/intel/repo/d021rs-yolov5-ros2-subscription-node-limitationuk/install/controller/lib'
[2.019s] Level 1:colcon.colcon_core.environment:checking '/home/intel/repo/d021rs-yolov5-ros2-subscription-node-limitationuk/install/controller/bin'
[2.019s] Level 1:colcon.colcon_core.environment:checking '/home/intel/repo/d021rs-yolov5-ros2-subscription-node-limitationuk/install/controller/lib/pkgconfig/controller.pc'
[2.019s] Level 1:colcon.colcon_core.environment:checking '/home/intel/repo/d021rs-yolov5-ros2-subscription-node-limitationuk/install/controller/lib/python3.12/site-packages'
[2.019s] Level 1:colcon.colcon_core.shell:create_environment_hook('controller', 'pythonpath')
[2.020s] INFO:colcon.colcon_core.shell:Creating environment hook '/home/intel/repo/d021rs-yolov5-ros2-subscription-node-limitationuk/install/controller/share/controller/hook/pythonpath.ps1'
[2.020s] INFO:colcon.colcon_core.shell:Creating environment descriptor '/home/intel/repo/d021rs-yolov5-ros2-subscription-node-limitationuk/install/controller/share/controller/hook/pythonpath.dsv'
[2.020s] INFO:colcon.colcon_core.shell:Creating environment hook '/home/intel/repo/d021rs-yolov5-ros2-subscription-node-limitationuk/install/controller/share/controller/hook/pythonpath.sh'
[2.020s] Level 1:colcon.colcon_core.environment:checking '/home/intel/repo/d021rs-yolov5-ros2-subscription-node-limitationuk/install/controller/bin'
[2.020s] Level 1:colcon.colcon_core.environment:create_environment_scripts_only(controller)
[2.020s] INFO:colcon.colcon_core.shell:Creating package script '/home/intel/repo/d021rs-yolov5-ros2-subscription-node-limitationuk/install/controller/share/controller/package.ps1'
[2.021s] INFO:colcon.colcon_core.shell:Creating package descriptor '/home/intel/repo/d021rs-yolov5-ros2-subscription-node-limitationuk/install/controller/share/controller/package.dsv'
[2.021s] INFO:colcon.colcon_core.shell:Creating package script '/home/intel/repo/d021rs-yolov5-ros2-subscription-node-limitationuk/install/controller/share/controller/package.sh'
[2.021s] INFO:colcon.colcon_core.shell:Creating package script '/home/intel/repo/d021rs-yolov5-ros2-subscription-node-limitationuk/install/controller/share/controller/package.bash'
[2.021s] INFO:colcon.colcon_core.shell:Creating package script '/home/intel/repo/d021rs-yolov5-ros2-subscription-node-limitationuk/install/controller/share/controller/package.zsh'
[2.021s] Level 1:colcon.colcon_core.environment:create_file_with_runtime_dependencies(/home/intel/repo/d021rs-yolov5-ros2-subscription-node-limitationuk/install/controller/share/colcon-core/packages/controller)
[2.022s] Level 1:colcon.colcon_core.shell:create_environment_hook('calibration', 'pythonpath_develop')
[2.022s] INFO:colcon.colcon_core.shell:Creating environment hook '/home/intel/repo/d021rs-yolov5-ros2-subscription-node-limitationuk/build/calibration/share/calibration/hook/pythonpath_develop.ps1'
[2.022s] INFO:colcon.colcon_core.shell:Creating environment descriptor '/home/intel/repo/d021rs-yolov5-ros2-subscription-node-limitationuk/build/calibration/share/calibration/hook/pythonpath_develop.dsv'
[2.022s] DEBUG:colcon.colcon_core.event_handler.log_command:Invoked command in '/home/intel/repo/d021rs-yolov5-ros2-subscription-node-limitationuk/build/calibration' returned '0': DEBUGINFOD_URLS=https://debuginfod.ubuntu.com PYTHONPATH=/home/intel/repo/d021rs-yolov5-ros2-subscription-node-limitationuk/build/calibration/prefix_override:/home/intel/repo/d021rs-yolov5-ros2-subscription-node-limitationuk/.venv/lib/python3.12/site-packages/colcon_core/task/python/colcon_distutils_commands:/home/intel/repo/d021rs-yolov5-ros2-subscription-node-limitationuk/install/calibration/lib/python3.12/site-packages:${PYTHONPATH} VIRTUAL_ENV_PROMPT=(.venv) /home/intel/repo/d021rs-yolov5-ros2-subscription-node-limitationuk/.venv/bin/python3 -W ignore:setup.py install is deprecated -W ignore:easy_install command is deprecated setup.py develop --editable --build-directory /home/intel/repo/d021rs-yolov5-ros2-subscription-node-limitationuk/build/calibration/build --no-deps symlink_data
[2.022s] INFO:colcon.colcon_core.shell:Creating environment hook '/home/intel/repo/d021rs-yolov5-ros2-subscription-node-limitationuk/build/calibration/share/calibration/hook/pythonpath_develop.sh'
[2.023s] Level 1:colcon.colcon_core.environment:checking '/home/intel/repo/d021rs-yolov5-ros2-subscription-node-limitationuk/install/calibration' for CMake module files
[2.023s] Level 1:colcon.colcon_core.environment:checking '/home/intel/repo/d021rs-yolov5-ros2-subscription-node-limitationuk/install/calibration' for CMake config files
[2.023s] Level 1:colcon.colcon_core.environment:checking '/home/intel/repo/d021rs-yolov5-ros2-subscription-node-limitationuk/install/calibration/lib'
[2.023s] Level 1:colcon.colcon_core.environment:checking '/home/intel/repo/d021rs-yolov5-ros2-subscription-node-limitationuk/install/calibration/bin'
[2.023s] Level 1:colcon.colcon_core.environment:checking '/home/intel/repo/d021rs-yolov5-ros2-subscription-node-limitationuk/install/calibration/lib/pkgconfig/calibration.pc'
[2.023s] Level 1:colcon.colcon_core.environment:checking '/home/intel/repo/d021rs-yolov5-ros2-subscription-node-limitationuk/install/calibration/lib/python3.12/site-packages'
[2.023s] Level 1:colcon.colcon_core.shell:create_environment_hook('calibration', 'pythonpath')
[2.023s] INFO:colcon.colcon_core.shell:Creating environment hook '/home/intel/repo/d021rs-yolov5-ros2-subscription-node-limitationuk/install/calibration/share/calibration/hook/pythonpath.ps1'
[2.024s] INFO:colcon.colcon_core.shell:Creating environment descriptor '/home/intel/repo/d021rs-yolov5-ros2-subscription-node-limitationuk/install/calibration/share/calibration/hook/pythonpath.dsv'
[2.024s] INFO:colcon.colcon_core.shell:Creating environment hook '/home/intel/repo/d021rs-yolov5-ros2-subscription-node-limitationuk/install/calibration/share/calibration/hook/pythonpath.sh'
[2.024s] Level 1:colcon.colcon_core.environment:checking '/home/intel/repo/d021rs-yolov5-ros2-subscription-node-limitationuk/install/calibration/bin'
[2.024s] Level 1:colcon.colcon_core.environment:create_environment_scripts_only(calibration)
[2.024s] INFO:colcon.colcon_core.shell:Creating package script '/home/intel/repo/d021rs-yolov5-ros2-subscription-node-limitationuk/install/calibration/share/calibration/package.ps1'
[2.025s] INFO:colcon.colcon_core.shell:Creating package descriptor '/home/intel/repo/d021rs-yolov5-ros2-subscription-node-limitationuk/install/calibration/share/calibration/package.dsv'
[2.025s] INFO:colcon.colcon_core.shell:Creating package script '/home/intel/repo/d021rs-yolov5-ros2-subscription-node-limitationuk/install/calibration/share/calibration/package.sh'
[2.025s] INFO:colcon.colcon_core.shell:Creating package script '/home/intel/repo/d021rs-yolov5-ros2-subscription-node-limitationuk/install/calibration/share/calibration/package.bash'
[2.025s] INFO:colcon.colcon_core.shell:Creating package script '/home/intel/repo/d021rs-yolov5-ros2-subscription-node-limitationuk/install/calibration/share/calibration/package.zsh'
[2.026s] Level 1:colcon.colcon_core.environment:create_file_with_runtime_dependencies(/home/intel/repo/d021rs-yolov5-ros2-subscription-node-limitationuk/install/calibration/share/colcon-core/packages/calibration)
[2.026s] Level 1:colcon.colcon_core.shell:create_environment_hook('multi', 'pythonpath_develop')
[2.026s] INFO:colcon.colcon_core.shell:Creating environment hook '/home/intel/repo/d021rs-yolov5-ros2-subscription-node-limitationuk/build/multi/share/multi/hook/pythonpath_develop.ps1'
[2.026s] INFO:colcon.colcon_core.shell:Creating environment descriptor '/home/intel/repo/d021rs-yolov5-ros2-subscription-node-limitationuk/build/multi/share/multi/hook/pythonpath_develop.dsv'
[2.027s] DEBUG:colcon.colcon_core.event_handler.log_command:Invoked command in '/home/intel/repo/d021rs-yolov5-ros2-subscription-node-limitationuk/build/multi' returned '0': DEBUGINFOD_URLS=https://debuginfod.ubuntu.com PYTHONPATH=/home/intel/repo/d021rs-yolov5-ros2-subscription-node-limitationuk/build/multi/prefix_override:/home/intel/repo/d021rs-yolov5-ros2-subscription-node-limitationuk/.venv/lib/python3.12/site-packages/colcon_core/task/python/colcon_distutils_commands:/home/intel/repo/d021rs-yolov5-ros2-subscription-node-limitationuk/install/multi/lib/python3.12/site-packages:${PYTHONPATH} VIRTUAL_ENV_PROMPT=(.venv) /home/intel/repo/d021rs-yolov5-ros2-subscription-node-limitationuk/.venv/bin/python3 -W ignore:setup.py install is deprecated -W ignore:easy_install command is deprecated setup.py develop --editable --build-directory /home/intel/repo/d021rs-yolov5-ros2-subscription-node-limitationuk/build/multi/build --no-deps symlink_data
[2.027s] INFO:colcon.colcon_core.shell:Creating environment hook '/home/intel/repo/d021rs-yolov5-ros2-subscription-node-limitationuk/build/multi/share/multi/hook/pythonpath_develop.sh'
[2.027s] Level 1:colcon.colcon_core.environment:checking '/home/intel/repo/d021rs-yolov5-ros2-subscription-node-limitationuk/install/multi' for CMake module files
[2.028s] Level 1:colcon.colcon_core.environment:checking '/home/intel/repo/d021rs-yolov5-ros2-subscription-node-limitationuk/install/multi' for CMake config files
[2.028s] Level 1:colcon.colcon_core.environment:checking '/home/intel/repo/d021rs-yolov5-ros2-subscription-node-limitationuk/install/multi/lib'
[2.028s] Level 1:colcon.colcon_core.environment:checking '/home/intel/repo/d021rs-yolov5-ros2-subscription-node-limitationuk/install/multi/bin'
[2.028s] Level 1:colcon.colcon_core.environment:checking '/home/intel/repo/d021rs-yolov5-ros2-subscription-node-limitationuk/install/multi/lib/pkgconfig/multi.pc'
[2.028s] Level 1:colcon.colcon_core.environment:checking '/home/intel/repo/d021rs-yolov5-ros2-subscription-node-limitationuk/install/multi/lib/python3.12/site-packages'
[2.028s] Level 1:colcon.colcon_core.shell:create_environment_hook('multi', 'pythonpath')
[2.028s] INFO:colcon.colcon_core.shell:Creating environment hook '/home/intel/repo/d021rs-yolov5-ros2-subscription-node-limitationuk/install/multi/share/multi/hook/pythonpath.ps1'
[2.028s] INFO:colcon.colcon_core.shell:Creating environment descriptor '/home/intel/repo/d021rs-yolov5-ros2-subscription-node-limitationuk/install/multi/share/multi/hook/pythonpath.dsv'
[2.029s] INFO:colcon.colcon_core.shell:Creating environment hook '/home/intel/repo/d021rs-yolov5-ros2-subscription-node-limitationuk/install/multi/share/multi/hook/pythonpath.sh'
[2.029s] Level 1:colcon.colcon_core.environment:checking '/home/intel/repo/d021rs-yolov5-ros2-subscription-node-limitationuk/install/multi/bin'
[2.029s] Level 1:colcon.colcon_core.environment:create_environment_scripts_only(multi)
[2.029s] INFO:colcon.colcon_core.shell:Creating package script '/home/intel/repo/d021rs-yolov5-ros2-subscription-node-limitationuk/install/multi/share/multi/package.ps1'
[2.029s] INFO:colcon.colcon_core.shell:Creating package descriptor '/home/intel/repo/d021rs-yolov5-ros2-subscription-node-limitationuk/install/multi/share/multi/package.dsv'
[2.029s] INFO:colcon.colcon_core.shell:Creating package script '/home/intel/repo/d021rs-yolov5-ros2-subscription-node-limitationuk/install/multi/share/multi/package.sh'
[2.030s] INFO:colcon.colcon_core.shell:Creating package script '/home/intel/repo/d021rs-yolov5-ros2-subscription-node-limitationuk/install/multi/share/multi/package.bash'
[2.030s] INFO:colcon.colcon_core.shell:Creating package script '/home/intel/repo/d021rs-yolov5-ros2-subscription-node-limitationuk/install/multi/share/multi/package.zsh'
[2.030s] Level 1:colcon.colcon_core.environment:create_file_with_runtime_dependencies(/home/intel/repo/d021rs-yolov5-ros2-subscription-node-limitationuk/install/multi/share/colcon-core/packages/multi)
[2.031s] DEBUG:colcon.colcon_core.event_handler.log_command:Invoking command in '/home/intel/repo/d021rs-yolov5-ros2-subscription-node-limitationuk/build/ros_robot_controller_msgs': CMAKE_PREFIX_PATH=${CMAKE_PREFIX_PATH}:/home/intel/repo/d021rs-yolov5-ros2-limitationuk/ros2_ws/install/yolov5_ros2:/home/intel/repo/d021rs-yolov5-ros2-limitationuk/ros2_ws/install/slam:/home/intel/repo/d021rs-yolov5-ros2-limitationuk/ros2_ws/install/sdk:/home/intel/repo/d021rs-yolov5-ros2-limitationuk/ros2_ws/install/ros_robot_controller:/home/intel/repo/d021rs-yolov5-ros2-limitationuk/ros2_ws/install/peripherals:/home/intel/repo/d021rs-yolov5-ros2-limitationuk/ros2_ws/install/navigation:/home/intel/repo/d021rs-yolov5-ros2-limitationuk/ros2_ws/install/multi:/home/intel/repo/d021rs-yolov5-ros2-limitationuk/ros2_ws/install/mentorpi_description:/home/intel/repo/d021rs-yolov5-ros2-limitationuk/ros2_ws/install/example:/home/intel/repo/d021rs-yolov5-ros2-limitationuk/ros2_ws/install/controller:/home/intel/repo/d021rs-yolov5-ros2-limitationuk/ros2_ws/install/calibration:/home/intel/repo/d021rs-yolov5-ros2-limitationuk/ros2_ws/install/bringup:/home/intel/repo/d021rs-yolov5-ros2-limitationuk/ros2_ws/install/app:/opt/ros/jazzy DEBUGINFOD_URLS=https://debuginfod.ubuntu.com VIRTUAL_ENV_PROMPT=(.venv) /usr/bin/cmake /home/intel/repo/d021rs-yolov5-ros2-subscription-node-limitationuk/ros2_ws/src/driver/ros_robot_controller_msgs -DPython3_EXECUTABLE=/home/intel/repo/d021rs-yolov5-ros2-subscription-node-limitationuk/.venv/bin/python3 -DPYTHON_EXECUTABLE=/home/intel/repo/d021rs-yolov5-ros2-subscription-node-limitationuk/.venv/bin/python3 -DAMENT_CMAKE_SYMLINK_INSTALL=1 -DCMAKE_INSTALL_PREFIX=/home/intel/repo/d021rs-yolov5-ros2-subscription-node-limitationuk/install/ros_robot_controller_msgs
[2.032s] Level 1:colcon.colcon_core.shell:create_environment_hook('example', 'pythonpath_develop')
[2.032s] INFO:colcon.colcon_core.shell:Creating environment hook '/home/intel/repo/d021rs-yolov5-ros2-subscription-node-limitationuk/build/example/share/example/hook/pythonpath_develop.ps1'
[2.032s] DEBUG:colcon.colcon_core.event_handler.log_command:Invoked command in '/home/intel/repo/d021rs-yolov5-ros2-subscription-node-limitationuk/build/example' returned '0': DEBUGINFOD_URLS=https://debuginfod.ubuntu.com PYTHONPATH=/home/intel/repo/d021rs-yolov5-ros2-subscription-node-limitationuk/build/example/prefix_override:/home/intel/repo/d021rs-yolov5-ros2-subscription-node-limitationuk/.venv/lib/python3.12/site-packages/colcon_core/task/python/colcon_distutils_commands:/home/intel/repo/d021rs-yolov5-ros2-subscription-node-limitationuk/install/example/lib/python3.12/site-packages:${PYTHONPATH} VIRTUAL_ENV_PROMPT=(.venv) /home/intel/repo/d021rs-yolov5-ros2-subscription-node-limitationuk/.venv/bin/python3 -W ignore:setup.py install is deprecated -W ignore:easy_install command is deprecated setup.py develop --editable --build-directory /home/intel/repo/d021rs-yolov5-ros2-subscription-node-limitationuk/build/example/build --no-deps symlink_data
[2.032s] INFO:colcon.colcon_core.shell:Creating environment descriptor '/home/intel/repo/d021rs-yolov5-ros2-subscription-node-limitationuk/build/example/share/example/hook/pythonpath_develop.dsv'
[2.032s] INFO:colcon.colcon_core.shell:Creating environment hook '/home/intel/repo/d021rs-yolov5-ros2-subscription-node-limitationuk/build/example/share/example/hook/pythonpath_develop.sh'
[2.033s] Level 1:colcon.colcon_core.environment:checking '/home/intel/repo/d021rs-yolov5-ros2-subscription-node-limitationuk/install/example' for CMake module files
[2.033s] Level 1:colcon.colcon_core.environment:checking '/home/intel/repo/d021rs-yolov5-ros2-subscription-node-limitationuk/install/example' for CMake config files
[2.033s] Level 1:colcon.colcon_core.environment:checking '/home/intel/repo/d021rs-yolov5-ros2-subscription-node-limitationuk/install/example/lib'
[2.033s] Level 1:colcon.colcon_core.environment:checking '/home/intel/repo/d021rs-yolov5-ros2-subscription-node-limitationuk/install/example/bin'
[2.033s] Level 1:colcon.colcon_core.environment:checking '/home/intel/repo/d021rs-yolov5-ros2-subscription-node-limitationuk/install/example/lib/pkgconfig/example.pc'
[2.033s] Level 1:colcon.colcon_core.environment:checking '/home/intel/repo/d021rs-yolov5-ros2-subscription-node-limitationuk/install/example/lib/python3.12/site-packages'
[2.034s] Level 1:colcon.colcon_core.shell:create_environment_hook('example', 'pythonpath')
[2.034s] INFO:colcon.colcon_core.shell:Creating environment hook '/home/intel/repo/d021rs-yolov5-ros2-subscription-node-limitationuk/install/example/share/example/hook/pythonpath.ps1'
[2.034s] INFO:colcon.colcon_core.shell:Creating environment descriptor '/home/intel/repo/d021rs-yolov5-ros2-subscription-node-limitationuk/install/example/share/example/hook/pythonpath.dsv'
[2.034s] INFO:colcon.colcon_core.shell:Creating environment hook '/home/intel/repo/d021rs-yolov5-ros2-subscription-node-limitationuk/install/example/share/example/hook/pythonpath.sh'
[2.034s] Level 1:colcon.colcon_core.environment:checking '/home/intel/repo/d021rs-yolov5-ros2-subscription-node-limitationuk/install/example/bin'
[2.034s] Level 1:colcon.colcon_core.environment:create_environment_scripts_only(example)
[2.034s] INFO:colcon.colcon_core.shell:Creating package script '/home/intel/repo/d021rs-yolov5-ros2-subscription-node-limitationuk/install/example/share/example/package.ps1'
[2.035s] INFO:colcon.colcon_core.shell:Creating package descriptor '/home/intel/repo/d021rs-yolov5-ros2-subscription-node-limitationuk/install/example/share/example/package.dsv'
[2.035s] INFO:colcon.colcon_core.shell:Creating package script '/home/intel/repo/d021rs-yolov5-ros2-subscription-node-limitationuk/install/example/share/example/package.sh'
[2.035s] INFO:colcon.colcon_core.shell:Creating package script '/home/intel/repo/d021rs-yolov5-ros2-subscription-node-limitationuk/install/example/share/example/package.bash'
[2.035s] INFO:colcon.colcon_core.shell:Creating package script '/home/intel/repo/d021rs-yolov5-ros2-subscription-node-limitationuk/install/example/share/example/package.zsh'
[2.036s] Level 1:colcon.colcon_core.environment:create_file_with_runtime_dependencies(/home/intel/repo/d021rs-yolov5-ros2-subscription-node-limitationuk/install/example/share/colcon-core/packages/example)
[2.036s] INFO:colcon.colcon_ros.task.ament_python.build:Building ROS package in '/home/intel/repo/d021rs-yolov5-ros2-subscription-node-limitationuk/ros2_ws/src/driver/sdk' with build type 'ament_python'
[2.036s] Level 1:colcon.colcon_core.shell:create_environment_hook('sdk', 'ament_prefix_path')
[2.036s] INFO:colcon.colcon_core.shell:Creating environment hook '/home/intel/repo/d021rs-yolov5-ros2-subscription-node-limitationuk/install/sdk/share/sdk/hook/ament_prefix_path.ps1'
[2.036s] INFO:colcon.colcon_core.shell:Creating environment descriptor '/home/intel/repo/d021rs-yolov5-ros2-subscription-node-limitationuk/install/sdk/share/sdk/hook/ament_prefix_path.dsv'
[2.037s] INFO:colcon.colcon_core.shell:Creating environment hook '/home/intel/repo/d021rs-yolov5-ros2-subscription-node-limitationuk/install/sdk/share/sdk/hook/ament_prefix_path.sh'
[2.037s] INFO:colcon.colcon_core.shell:Skip shell extension 'powershell' for command environment: Not usable outside of PowerShell
[2.037s] DEBUG:colcon.colcon_core.shell:Skip shell extension 'dsv' for command environment
[2.038s] INFO:colcon.colcon_ros.task.ament_python.build:Building ROS package in '/home/intel/repo/d021rs-yolov5-ros2-subscription-node-limitationuk/ros2_ws/src/slam' with build type 'ament_python'
[2.039s] Level 1:colcon.colcon_core.shell:create_environment_hook('slam', 'ament_prefix_path')
[2.039s] INFO:colcon.colcon_core.shell:Creating environment hook '/home/intel/repo/d021rs-yolov5-ros2-subscription-node-limitationuk/install/slam/share/slam/hook/ament_prefix_path.ps1'
[2.039s] INFO:colcon.colcon_core.shell:Creating environment descriptor '/home/intel/repo/d021rs-yolov5-ros2-subscription-node-limitationuk/install/slam/share/slam/hook/ament_prefix_path.dsv'
[2.039s] INFO:colcon.colcon_core.shell:Creating environment hook '/home/intel/repo/d021rs-yolov5-ros2-subscription-node-limitationuk/install/slam/share/slam/hook/ament_prefix_path.sh'
[2.040s] INFO:colcon.colcon_core.shell:Skip shell extension 'powershell' for command environment: Not usable outside of PowerShell
[2.040s] DEBUG:colcon.colcon_core.shell:Skip shell extension 'dsv' for command environment
[2.041s] INFO:colcon.colcon_ros.task.ament_python.build:Building ROS package in '/home/intel/repo/d021rs-yolov5-ros2-subscription-node-limitationuk/ros2_ws/src/yolosub' with build type 'ament_python'
[2.041s] Level 1:colcon.colcon_core.shell:create_environment_hook('yolosub', 'ament_prefix_path')
[2.041s] INFO:colcon.colcon_core.shell:Creating environment hook '/home/intel/repo/d021rs-yolov5-ros2-subscription-node-limitationuk/install/yolosub/share/yolosub/hook/ament_prefix_path.ps1'
[2.042s] INFO:colcon.colcon_core.shell:Creating environment descriptor '/home/intel/repo/d021rs-yolov5-ros2-subscription-node-limitationuk/install/yolosub/share/yolosub/hook/ament_prefix_path.dsv'
[2.042s] INFO:colcon.colcon_core.shell:Creating environment hook '/home/intel/repo/d021rs-yolov5-ros2-subscription-node-limitationuk/install/yolosub/share/yolosub/hook/ament_prefix_path.sh'
[2.042s] INFO:colcon.colcon_core.shell:Skip shell extension 'powershell' for command environment: Not usable outside of PowerShell
[2.042s] DEBUG:colcon.colcon_core.shell:Skip shell extension 'dsv' for command environment
[2.044s] INFO:colcon.colcon_ros.task.ament_python.build:Building ROS package in '/home/intel/repo/d021rs-yolov5-ros2-subscription-node-limitationuk/ros2_ws/src/yolov5_ros2' with build type 'ament_python'
[2.044s] Level 1:colcon.colcon_core.shell:create_environment_hook('yolov5_ros2', 'ament_prefix_path')
[2.044s] INFO:colcon.colcon_core.shell:Creating environment hook '/home/intel/repo/d021rs-yolov5-ros2-subscription-node-limitationuk/install/yolov5_ros2/share/yolov5_ros2/hook/ament_prefix_path.ps1'
[2.044s] INFO:colcon.colcon_core.shell:Creating environment descriptor '/home/intel/repo/d021rs-yolov5-ros2-subscription-node-limitationuk/install/yolov5_ros2/share/yolov5_ros2/hook/ament_prefix_path.dsv'
[2.044s] INFO:colcon.colcon_core.shell:Creating environment hook '/home/intel/repo/d021rs-yolov5-ros2-subscription-node-limitationuk/install/yolov5_ros2/share/yolov5_ros2/hook/ament_prefix_path.sh'
[2.045s] INFO:colcon.colcon_core.shell:Skip shell extension 'powershell' for command environment: Not usable outside of PowerShell
[2.045s] DEBUG:colcon.colcon_core.shell:Skip shell extension 'dsv' for command environment
[2.161s] INFO:colcon.colcon_core.task.python.build:Building Python package in '/home/intel/repo/d021rs-yolov5-ros2-subscription-node-limitationuk/ros2_ws/src/driver/sdk'
[2.161s] INFO:colcon.colcon_core.shell:Skip shell extension 'powershell' for command environment: Not usable outside of PowerShell
[2.161s] DEBUG:colcon.colcon_core.shell:Skip shell extension 'dsv' for command environment
[2.275s] INFO:colcon.colcon_core.task.python.build:Building Python package in '/home/intel/repo/d021rs-yolov5-ros2-subscription-node-limitationuk/ros2_ws/src/slam'
[2.275s] INFO:colcon.colcon_core.shell:Skip shell extension 'powershell' for command environment: Not usable outside of PowerShell
[2.275s] DEBUG:colcon.colcon_core.shell:Skip shell extension 'dsv' for command environment
[2.388s] INFO:colcon.colcon_core.task.python.build:Building Python package in '/home/intel/repo/d021rs-yolov5-ros2-subscription-node-limitationuk/ros2_ws/src/yolosub'
[2.388s] INFO:colcon.colcon_core.shell:Skip shell extension 'powershell' for command environment: Not usable outside of PowerShell
[2.388s] DEBUG:colcon.colcon_core.shell:Skip shell extension 'dsv' for command environment
[2.509s] WARNING:colcon.colcon_ros.task.ament_python.build:Package 'yolov5_ros2' doesn't explicitly install a marker in the package index (colcon-ros currently does it implicitly but that fallback will be removed in the future)
[2.509s] INFO:colcon.colcon_core.task.python.build:Building Python package in '/home/intel/repo/d021rs-yolov5-ros2-subscription-node-limitationuk/ros2_ws/src/yolov5_ros2'
[2.509s] INFO:colcon.colcon_core.shell:Skip shell extension 'powershell' for command environment: Not usable outside of PowerShell
[2.509s] DEBUG:colcon.colcon_core.shell:Skip shell extension 'dsv' for command environment
[2.512s] DEBUG:colcon.colcon_core.event_handler.log_command:Invoking command in '/home/intel/repo/d021rs-yolov5-ros2-subscription-node-limitationuk/build/ros_robot_controller': DEBUGINFOD_URLS=https://debuginfod.ubuntu.com PYTHONPATH=/home/intel/repo/d021rs-yolov5-ros2-subscription-node-limitationuk/build/ros_robot_controller/prefix_override:/home/intel/repo/d021rs-yolov5-ros2-subscription-node-limitationuk/.venv/lib/python3.12/site-packages/colcon_core/task/python/colcon_distutils_commands:/home/intel/repo/d021rs-yolov5-ros2-subscription-node-limitationuk/install/ros_robot_controller/lib/python3.12/site-packages:${PYTHONPATH} VIRTUAL_ENV_PROMPT=(.venv) /home/intel/repo/d021rs-yolov5-ros2-subscription-node-limitationuk/.venv/bin/python3 -W ignore:setup.py install is deprecated -W ignore:easy_install command is deprecated setup.py develop --editable --build-directory /home/intel/repo/d021rs-yolov5-ros2-subscription-node-limitationuk/build/ros_robot_controller/build --no-deps symlink_data
[2.745s] DEBUG:colcon.colcon_core.event_handler.log_command:Invoking command in '/home/intel/repo/d021rs-yolov5-ros2-subscription-node-limitationuk/build/slam': DEBUGINFOD_URLS=https://debuginfod.ubuntu.com PYTHONPATH=/home/intel/repo/d021rs-yolov5-ros2-subscription-node-limitationuk/build/slam/prefix_override:/home/intel/repo/d021rs-yolov5-ros2-subscription-node-limitationuk/.venv/lib/python3.12/site-packages/colcon_core/task/python/colcon_distutils_commands:/home/intel/repo/d021rs-yolov5-ros2-subscription-node-limitationuk/install/slam/lib/python3.12/site-packages:${PYTHONPATH} VIRTUAL_ENV_PROMPT=(.venv) /home/intel/repo/d021rs-yolov5-ros2-subscription-node-limitationuk/.venv/bin/python3 -W ignore:setup.py install is deprecated -W ignore:easy_install command is deprecated setup.py develop --editable --build-directory /home/intel/repo/d021rs-yolov5-ros2-subscription-node-limitationuk/build/slam/build --no-deps symlink_data
[2.746s] DEBUG:colcon.colcon_core.event_handler.log_command:Invoking command in '/home/intel/repo/d021rs-yolov5-ros2-subscription-node-limitationuk/build/yolosub': DEBUGINFOD_URLS=https://debuginfod.ubuntu.com PYTHONPATH=/home/intel/repo/d021rs-yolov5-ros2-subscription-node-limitationuk/build/yolosub/prefix_override:/home/intel/repo/d021rs-yolov5-ros2-subscription-node-limitationuk/.venv/lib/python3.12/site-packages/colcon_core/task/python/colcon_distutils_commands:/home/intel/repo/d021rs-yolov5-ros2-subscription-node-limitationuk/install/yolosub/lib/python3.12/site-packages:${PYTHONPATH} VIRTUAL_ENV_PROMPT=(.venv) /home/intel/repo/d021rs-yolov5-ros2-subscription-node-limitationuk/.venv/bin/python3 -W ignore:setup.py install is deprecated -W ignore:easy_install command is deprecated setup.py develop --editable --build-directory /home/intel/repo/d021rs-yolov5-ros2-subscription-node-limitationuk/build/yolosub/build --no-deps symlink_data
[2.753s] DEBUG:colcon.colcon_core.event_handler.log_command:Invoking command in '/home/intel/repo/d021rs-yolov5-ros2-subscription-node-limitationuk/build/sdk': DEBUGINFOD_URLS=https://debuginfod.ubuntu.com PYTHONPATH=/home/intel/repo/d021rs-yolov5-ros2-subscription-node-limitationuk/build/sdk/prefix_override:/home/intel/repo/d021rs-yolov5-ros2-subscription-node-limitationuk/.venv/lib/python3.12/site-packages/colcon_core/task/python/colcon_distutils_commands:/home/intel/repo/d021rs-yolov5-ros2-subscription-node-limitationuk/install/sdk/lib/python3.12/site-packages:${PYTHONPATH} VIRTUAL_ENV_PROMPT=(.venv) /home/intel/repo/d021rs-yolov5-ros2-subscription-node-limitationuk/.venv/bin/python3 -W ignore:setup.py install is deprecated -W ignore:easy_install command is deprecated setup.py develop --editable --build-directory /home/intel/repo/d021rs-yolov5-ros2-subscription-node-limitationuk/build/sdk/build --no-deps symlink_data
[2.755s] DEBUG:colcon.colcon_core.event_handler.log_command:Invoking command in '/home/intel/repo/d021rs-yolov5-ros2-subscription-node-limitationuk/build/yolov5_ros2': DEBUGINFOD_URLS=https://debuginfod.ubuntu.com PYTHONPATH=/home/intel/repo/d021rs-yolov5-ros2-subscription-node-limitationuk/build/yolov5_ros2/prefix_override:/home/intel/repo/d021rs-yolov5-ros2-subscription-node-limitationuk/.venv/lib/python3.12/site-packages/colcon_core/task/python/colcon_distutils_commands:/home/intel/repo/d021rs-yolov5-ros2-subscription-node-limitationuk/install/yolov5_ros2/lib/python3.12/site-packages:${PYTHONPATH} VIRTUAL_ENV_PROMPT=(.venv) /home/intel/repo/d021rs-yolov5-ros2-subscription-node-limitationuk/.venv/bin/python3 -W ignore:setup.py install is deprecated -W ignore:easy_install command is deprecated setup.py develop --editable --build-directory /home/intel/repo/d021rs-yolov5-ros2-subscription-node-limitationuk/build/yolov5_ros2/build --no-deps symlink_data
[2.796s] Level 1:colcon.colcon_core.shell:create_environment_hook('ros_robot_controller', 'pythonpath_develop')
[2.797s] INFO:colcon.colcon_core.shell:Creating environment hook '/home/intel/repo/d021rs-yolov5-ros2-subscription-node-limitationuk/build/ros_robot_controller/share/ros_robot_controller/hook/pythonpath_develop.ps1'
[2.797s] DEBUG:colcon.colcon_core.event_handler.log_command:Invoked command in '/home/intel/repo/d021rs-yolov5-ros2-subscription-node-limitationuk/build/ros_robot_controller' returned '0': DEBUGINFOD_URLS=https://debuginfod.ubuntu.com PYTHONPATH=/home/intel/repo/d021rs-yolov5-ros2-subscription-node-limitationuk/build/ros_robot_controller/prefix_override:/home/intel/repo/d021rs-yolov5-ros2-subscription-node-limitationuk/.venv/lib/python3.12/site-packages/colcon_core/task/python/colcon_distutils_commands:/home/intel/repo/d021rs-yolov5-ros2-subscription-node-limitationuk/install/ros_robot_controller/lib/python3.12/site-packages:${PYTHONPATH} VIRTUAL_ENV_PROMPT=(.venv) /home/intel/repo/d021rs-yolov5-ros2-subscription-node-limitationuk/.venv/bin/python3 -W ignore:setup.py install is deprecated -W ignore:easy_install command is deprecated setup.py develop --editable --build-directory /home/intel/repo/d021rs-yolov5-ros2-subscription-node-limitationuk/build/ros_robot_controller/build --no-deps symlink_data
[2.797s] INFO:colcon.colcon_core.shell:Creating environment descriptor '/home/intel/repo/d021rs-yolov5-ros2-subscription-node-limitationuk/build/ros_robot_controller/share/ros_robot_controller/hook/pythonpath_develop.dsv'
[2.797s] INFO:colcon.colcon_core.shell:Creating environment hook '/home/intel/repo/d021rs-yolov5-ros2-subscription-node-limitationuk/build/ros_robot_controller/share/ros_robot_controller/hook/pythonpath_develop.sh'
[2.798s] Level 1:colcon.colcon_core.environment:checking '/home/intel/repo/d021rs-yolov5-ros2-subscription-node-limitationuk/install/ros_robot_controller' for CMake module files
[2.798s] Level 1:colcon.colcon_core.environment:checking '/home/intel/repo/d021rs-yolov5-ros2-subscription-node-limitationuk/install/ros_robot_controller' for CMake config files
[2.798s] Level 1:colcon.colcon_core.environment:checking '/home/intel/repo/d021rs-yolov5-ros2-subscription-node-limitationuk/install/ros_robot_controller/lib'
[2.798s] Level 1:colcon.colcon_core.environment:checking '/home/intel/repo/d021rs-yolov5-ros2-subscription-node-limitationuk/install/ros_robot_controller/bin'
[2.798s] Level 1:colcon.colcon_core.environment:checking '/home/intel/repo/d021rs-yolov5-ros2-subscription-node-limitationuk/install/ros_robot_controller/lib/pkgconfig/ros_robot_controller.pc'
[2.798s] Level 1:colcon.colcon_core.environment:checking '/home/intel/repo/d021rs-yolov5-ros2-subscription-node-limitationuk/install/ros_robot_controller/lib/python3.12/site-packages'
[2.798s] Level 1:colcon.colcon_core.shell:create_environment_hook('ros_robot_controller', 'pythonpath')
[2.798s] INFO:colcon.colcon_core.shell:Creating environment hook '/home/intel/repo/d021rs-yolov5-ros2-subscription-node-limitationuk/install/ros_robot_controller/share/ros_robot_controller/hook/pythonpath.ps1'
[2.799s] INFO:colcon.colcon_core.shell:Creating environment descriptor '/home/intel/repo/d021rs-yolov5-ros2-subscription-node-limitationuk/install/ros_robot_controller/share/ros_robot_controller/hook/pythonpath.dsv'
[2.799s] INFO:colcon.colcon_core.shell:Creating environment hook '/home/intel/repo/d021rs-yolov5-ros2-subscription-node-limitationuk/install/ros_robot_controller/share/ros_robot_controller/hook/pythonpath.sh'
[2.799s] Level 1:colcon.colcon_core.environment:checking '/home/intel/repo/d021rs-yolov5-ros2-subscription-node-limitationuk/install/ros_robot_controller/bin'
[2.799s] Level 1:colcon.colcon_core.environment:create_environment_scripts_only(ros_robot_controller)
[2.799s] INFO:colcon.colcon_core.shell:Creating package script '/home/intel/repo/d021rs-yolov5-ros2-subscription-node-limitationuk/install/ros_robot_controller/share/ros_robot_controller/package.ps1'
[2.800s] INFO:colcon.colcon_core.shell:Creating package descriptor '/home/intel/repo/d021rs-yolov5-ros2-subscription-node-limitationuk/install/ros_robot_controller/share/ros_robot_controller/package.dsv'
[2.800s] INFO:colcon.colcon_core.shell:Creating package script '/home/intel/repo/d021rs-yolov5-ros2-subscription-node-limitationuk/install/ros_robot_controller/share/ros_robot_controller/package.sh'
[2.800s] INFO:colcon.colcon_core.shell:Creating package script '/home/intel/repo/d021rs-yolov5-ros2-subscription-node-limitationuk/install/ros_robot_controller/share/ros_robot_controller/package.bash'
[2.800s] INFO:colcon.colcon_core.shell:Creating package script '/home/intel/repo/d021rs-yolov5-ros2-subscription-node-limitationuk/install/ros_robot_controller/share/ros_robot_controller/package.zsh'
[2.801s] Level 1:colcon.colcon_core.environment:create_file_with_runtime_dependencies(/home/intel/repo/d021rs-yolov5-ros2-subscription-node-limitationuk/install/ros_robot_controller/share/colcon-core/packages/ros_robot_controller)
[3.024s] Level 1:colcon.colcon_core.shell:create_environment_hook('yolosub', 'pythonpath_develop')
[3.024s] INFO:colcon.colcon_core.shell:Creating environment hook '/home/intel/repo/d021rs-yolov5-ros2-subscription-node-limitationuk/build/yolosub/share/yolosub/hook/pythonpath_develop.ps1'
[3.024s] DEBUG:colcon.colcon_core.event_handler.log_command:Invoked command in '/home/intel/repo/d021rs-yolov5-ros2-subscription-node-limitationuk/build/yolosub' returned '0': DEBUGINFOD_URLS=https://debuginfod.ubuntu.com PYTHONPATH=/home/intel/repo/d021rs-yolov5-ros2-subscription-node-limitationuk/build/yolosub/prefix_override:/home/intel/repo/d021rs-yolov5-ros2-subscription-node-limitationuk/.venv/lib/python3.12/site-packages/colcon_core/task/python/colcon_distutils_commands:/home/intel/repo/d021rs-yolov5-ros2-subscription-node-limitationuk/install/yolosub/lib/python3.12/site-packages:${PYTHONPATH} VIRTUAL_ENV_PROMPT=(.venv) /home/intel/repo/d021rs-yolov5-ros2-subscription-node-limitationuk/.venv/bin/python3 -W ignore:setup.py install is deprecated -W ignore:easy_install command is deprecated setup.py develop --editable --build-directory /home/intel/repo/d021rs-yolov5-ros2-subscription-node-limitationuk/build/yolosub/build --no-deps symlink_data
[3.025s] INFO:colcon.colcon_core.shell:Creating environment descriptor '/home/intel/repo/d021rs-yolov5-ros2-subscription-node-limitationuk/build/yolosub/share/yolosub/hook/pythonpath_develop.dsv'
[3.025s] INFO:colcon.colcon_core.shell:Creating environment hook '/home/intel/repo/d021rs-yolov5-ros2-subscription-node-limitationuk/build/yolosub/share/yolosub/hook/pythonpath_develop.sh'
[3.025s] Level 1:colcon.colcon_core.environment:checking '/home/intel/repo/d021rs-yolov5-ros2-subscription-node-limitationuk/install/yolosub' for CMake module files
[3.025s] Level 1:colcon.colcon_core.environment:checking '/home/intel/repo/d021rs-yolov5-ros2-subscription-node-limitationuk/install/yolosub' for CMake config files
[3.026s] Level 1:colcon.colcon_core.environment:checking '/home/intel/repo/d021rs-yolov5-ros2-subscription-node-limitationuk/install/yolosub/lib'
[3.026s] Level 1:colcon.colcon_core.environment:checking '/home/intel/repo/d021rs-yolov5-ros2-subscription-node-limitationuk/install/yolosub/bin'
[3.026s] Level 1:colcon.colcon_core.environment:checking '/home/intel/repo/d021rs-yolov5-ros2-subscription-node-limitationuk/install/yolosub/lib/pkgconfig/yolosub.pc'
[3.026s] Level 1:colcon.colcon_core.environment:checking '/home/intel/repo/d021rs-yolov5-ros2-subscription-node-limitationuk/install/yolosub/lib/python3.12/site-packages'
[3.026s] Level 1:colcon.colcon_core.shell:create_environment_hook('yolosub', 'pythonpath')
[3.026s] INFO:colcon.colcon_core.shell:Creating environment hook '/home/intel/repo/d021rs-yolov5-ros2-subscription-node-limitationuk/install/yolosub/share/yolosub/hook/pythonpath.ps1'
[3.026s] INFO:colcon.colcon_core.shell:Creating environment descriptor '/home/intel/repo/d021rs-yolov5-ros2-subscription-node-limitationuk/install/yolosub/share/yolosub/hook/pythonpath.dsv'
[3.027s] INFO:colcon.colcon_core.shell:Creating environment hook '/home/intel/repo/d021rs-yolov5-ros2-subscription-node-limitationuk/install/yolosub/share/yolosub/hook/pythonpath.sh'
[3.027s] Level 1:colcon.colcon_core.environment:checking '/home/intel/repo/d021rs-yolov5-ros2-subscription-node-limitationuk/install/yolosub/bin'
[3.027s] Level 1:colcon.colcon_core.environment:create_environment_scripts_only(yolosub)
[3.027s] INFO:colcon.colcon_core.shell:Creating package script '/home/intel/repo/d021rs-yolov5-ros2-subscription-node-limitationuk/install/yolosub/share/yolosub/package.ps1'
[3.027s] INFO:colcon.colcon_core.shell:Creating package descriptor '/home/intel/repo/d021rs-yolov5-ros2-subscription-node-limitationuk/install/yolosub/share/yolosub/package.dsv'
[3.030s] INFO:colcon.colcon_core.shell:Creating package script '/home/intel/repo/d021rs-yolov5-ros2-subscription-node-limitationuk/install/yolosub/share/yolosub/package.sh'
[3.030s] INFO:colcon.colcon_core.shell:Creating package script '/home/intel/repo/d021rs-yolov5-ros2-subscription-node-limitationuk/install/yolosub/share/yolosub/package.bash'
[3.030s] INFO:colcon.colcon_core.shell:Creating package script '/home/intel/repo/d021rs-yolov5-ros2-subscription-node-limitationuk/install/yolosub/share/yolosub/package.zsh'
[3.030s] Level 1:colcon.colcon_core.environment:create_file_with_runtime_dependencies(/home/intel/repo/d021rs-yolov5-ros2-subscription-node-limitationuk/install/yolosub/share/colcon-core/packages/yolosub)
[3.031s] Level 1:colcon.colcon_core.shell:create_environment_hook('sdk', 'pythonpath_develop')
[3.031s] INFO:colcon.colcon_core.shell:Creating environment hook '/home/intel/repo/d021rs-yolov5-ros2-subscription-node-limitationuk/build/sdk/share/sdk/hook/pythonpath_develop.ps1'
[3.032s] DEBUG:colcon.colcon_core.event_handler.log_command:Invoked command in '/home/intel/repo/d021rs-yolov5-ros2-subscription-node-limitationuk/build/sdk' returned '0': DEBUGINFOD_URLS=https://debuginfod.ubuntu.com PYTHONPATH=/home/intel/repo/d021rs-yolov5-ros2-subscription-node-limitationuk/build/sdk/prefix_override:/home/intel/repo/d021rs-yolov5-ros2-subscription-node-limitationuk/.venv/lib/python3.12/site-packages/colcon_core/task/python/colcon_distutils_commands:/home/intel/repo/d021rs-yolov5-ros2-subscription-node-limitationuk/install/sdk/lib/python3.12/site-packages:${PYTHONPATH} VIRTUAL_ENV_PROMPT=(.venv) /home/intel/repo/d021rs-yolov5-ros2-subscription-node-limitationuk/.venv/bin/python3 -W ignore:setup.py install is deprecated -W ignore:easy_install command is deprecated setup.py develop --editable --build-directory /home/intel/repo/d021rs-yolov5-ros2-subscription-node-limitationuk/build/sdk/build --no-deps symlink_data
[3.032s] INFO:colcon.colcon_core.shell:Creating environment descriptor '/home/intel/repo/d021rs-yolov5-ros2-subscription-node-limitationuk/build/sdk/share/sdk/hook/pythonpath_develop.dsv'
[3.032s] INFO:colcon.colcon_core.shell:Creating environment hook '/home/intel/repo/d021rs-yolov5-ros2-subscription-node-limitationuk/build/sdk/share/sdk/hook/pythonpath_develop.sh'
[3.033s] Level 1:colcon.colcon_core.environment:checking '/home/intel/repo/d021rs-yolov5-ros2-subscription-node-limitationuk/install/sdk' for CMake module files
[3.033s] Level 1:colcon.colcon_core.environment:checking '/home/intel/repo/d021rs-yolov5-ros2-subscription-node-limitationuk/install/sdk' for CMake config files
[3.033s] Level 1:colcon.colcon_core.environment:checking '/home/intel/repo/d021rs-yolov5-ros2-subscription-node-limitationuk/install/sdk/lib'
[3.033s] Level 1:colcon.colcon_core.environment:checking '/home/intel/repo/d021rs-yolov5-ros2-subscription-node-limitationuk/install/sdk/bin'
[3.033s] Level 1:colcon.colcon_core.environment:checking '/home/intel/repo/d021rs-yolov5-ros2-subscription-node-limitationuk/install/sdk/lib/pkgconfig/sdk.pc'
[3.033s] Level 1:colcon.colcon_core.environment:checking '/home/intel/repo/d021rs-yolov5-ros2-subscription-node-limitationuk/install/sdk/lib/python3.12/site-packages'
[3.033s] Level 1:colcon.colcon_core.shell:create_environment_hook('sdk', 'pythonpath')
[3.033s] INFO:colcon.colcon_core.shell:Creating environment hook '/home/intel/repo/d021rs-yolov5-ros2-subscription-node-limitationuk/install/sdk/share/sdk/hook/pythonpath.ps1'
[3.033s] INFO:colcon.colcon_core.shell:Creating environment descriptor '/home/intel/repo/d021rs-yolov5-ros2-subscription-node-limitationuk/install/sdk/share/sdk/hook/pythonpath.dsv'
[3.034s] INFO:colcon.colcon_core.shell:Creating environment hook '/home/intel/repo/d021rs-yolov5-ros2-subscription-node-limitationuk/install/sdk/share/sdk/hook/pythonpath.sh'
[3.034s] Level 1:colcon.colcon_core.environment:checking '/home/intel/repo/d021rs-yolov5-ros2-subscription-node-limitationuk/install/sdk/bin'
[3.034s] Level 1:colcon.colcon_core.environment:create_environment_scripts_only(sdk)
[3.034s] INFO:colcon.colcon_core.shell:Creating package script '/home/intel/repo/d021rs-yolov5-ros2-subscription-node-limitationuk/install/sdk/share/sdk/package.ps1'
[3.034s] INFO:colcon.colcon_core.shell:Creating package descriptor '/home/intel/repo/d021rs-yolov5-ros2-subscription-node-limitationuk/install/sdk/share/sdk/package.dsv'
[3.035s] INFO:colcon.colcon_core.shell:Creating package script '/home/intel/repo/d021rs-yolov5-ros2-subscription-node-limitationuk/install/sdk/share/sdk/package.sh'
[3.035s] INFO:colcon.colcon_core.shell:Creating package script '/home/intel/repo/d021rs-yolov5-ros2-subscription-node-limitationuk/install/sdk/share/sdk/package.bash'
[3.035s] INFO:colcon.colcon_core.shell:Creating package script '/home/intel/repo/d021rs-yolov5-ros2-subscription-node-limitationuk/install/sdk/share/sdk/package.zsh'
[3.035s] Level 1:colcon.colcon_core.environment:create_file_with_runtime_dependencies(/home/intel/repo/d021rs-yolov5-ros2-subscription-node-limitationuk/install/sdk/share/colcon-core/packages/sdk)
[3.036s] Level 1:colcon.colcon_core.shell:create_environment_hook('slam', 'pythonpath_develop')
[3.036s] INFO:colcon.colcon_core.shell:Creating environment hook '/home/intel/repo/d021rs-yolov5-ros2-subscription-node-limitationuk/build/slam/share/slam/hook/pythonpath_develop.ps1'
[3.036s] INFO:colcon.colcon_core.shell:Creating environment descriptor '/home/intel/repo/d021rs-yolov5-ros2-subscription-node-limitationuk/build/slam/share/slam/hook/pythonpath_develop.dsv'
[3.036s] INFO:colcon.colcon_core.shell:Creating environment hook '/home/intel/repo/d021rs-yolov5-ros2-subscription-node-limitationuk/build/slam/share/slam/hook/pythonpath_develop.sh'
[3.037s] Level 1:colcon.colcon_core.environment:checking '/home/intel/repo/d021rs-yolov5-ros2-subscription-node-limitationuk/install/slam' for CMake module files
[3.037s] DEBUG:colcon.colcon_core.event_handler.log_command:Invoked command in '/home/intel/repo/d021rs-yolov5-ros2-subscription-node-limitationuk/build/slam' returned '0': DEBUGINFOD_URLS=https://debuginfod.ubuntu.com PYTHONPATH=/home/intel/repo/d021rs-yolov5-ros2-subscription-node-limitationuk/build/slam/prefix_override:/home/intel/repo/d021rs-yolov5-ros2-subscription-node-limitationuk/.venv/lib/python3.12/site-packages/colcon_core/task/python/colcon_distutils_commands:/home/intel/repo/d021rs-yolov5-ros2-subscription-node-limitationuk/install/slam/lib/python3.12/site-packages:${PYTHONPATH} VIRTUAL_ENV_PROMPT=(.venv) /home/intel/repo/d021rs-yolov5-ros2-subscription-node-limitationuk/.venv/bin/python3 -W ignore:setup.py install is deprecated -W ignore:easy_install command is deprecated setup.py develop --editable --build-directory /home/intel/repo/d021rs-yolov5-ros2-subscription-node-limitationuk/build/slam/build --no-deps symlink_data
[3.037s] Level 1:colcon.colcon_core.environment:checking '/home/intel/repo/d021rs-yolov5-ros2-subscription-node-limitationuk/install/slam' for CMake config files
[3.038s] Level 1:colcon.colcon_core.environment:checking '/home/intel/repo/d021rs-yolov5-ros2-subscription-node-limitationuk/install/slam/lib'
[3.038s] Level 1:colcon.colcon_core.environment:checking '/home/intel/repo/d021rs-yolov5-ros2-subscription-node-limitationuk/install/slam/bin'
[3.038s] Level 1:colcon.colcon_core.environment:checking '/home/intel/repo/d021rs-yolov5-ros2-subscription-node-limitationuk/install/slam/lib/pkgconfig/slam.pc'
[3.038s] Level 1:colcon.colcon_core.environment:checking '/home/intel/repo/d021rs-yolov5-ros2-subscription-node-limitationuk/install/slam/lib/python3.12/site-packages'
[3.038s] Level 1:colcon.colcon_core.shell:create_environment_hook('slam', 'pythonpath')
[3.038s] INFO:colcon.colcon_core.shell:Creating environment hook '/home/intel/repo/d021rs-yolov5-ros2-subscription-node-limitationuk/install/slam/share/slam/hook/pythonpath.ps1'
[3.038s] INFO:colcon.colcon_core.shell:Creating environment descriptor '/home/intel/repo/d021rs-yolov5-ros2-subscription-node-limitationuk/install/slam/share/slam/hook/pythonpath.dsv'
[3.038s] INFO:colcon.colcon_core.shell:Creating environment hook '/home/intel/repo/d021rs-yolov5-ros2-subscription-node-limitationuk/install/slam/share/slam/hook/pythonpath.sh'
[3.039s] Level 1:colcon.colcon_core.environment:checking '/home/intel/repo/d021rs-yolov5-ros2-subscription-node-limitationuk/install/slam/bin'
[3.039s] Level 1:colcon.colcon_core.environment:create_environment_scripts_only(slam)
[3.039s] INFO:colcon.colcon_core.shell:Creating package script '/home/intel/repo/d021rs-yolov5-ros2-subscription-node-limitationuk/install/slam/share/slam/package.ps1'
[3.039s] INFO:colcon.colcon_core.shell:Creating package descriptor '/home/intel/repo/d021rs-yolov5-ros2-subscription-node-limitationuk/install/slam/share/slam/package.dsv'
[3.040s] INFO:colcon.colcon_core.shell:Creating package script '/home/intel/repo/d021rs-yolov5-ros2-subscription-node-limitationuk/install/slam/share/slam/package.sh'
[3.040s] INFO:colcon.colcon_core.shell:Creating package script '/home/intel/repo/d021rs-yolov5-ros2-subscription-node-limitationuk/install/slam/share/slam/package.bash'
[3.040s] INFO:colcon.colcon_core.shell:Creating package script '/home/intel/repo/d021rs-yolov5-ros2-subscription-node-limitationuk/install/slam/share/slam/package.zsh'
[3.040s] Level 1:colcon.colcon_core.environment:create_file_with_runtime_dependencies(/home/intel/repo/d021rs-yolov5-ros2-subscription-node-limitationuk/install/slam/share/colcon-core/packages/slam)
[3.041s] Level 1:colcon.colcon_core.shell:create_environment_hook('yolov5_ros2', 'pythonpath_develop')
[3.041s] INFO:colcon.colcon_core.shell:Creating environment hook '/home/intel/repo/d021rs-yolov5-ros2-subscription-node-limitationuk/build/yolov5_ros2/share/yolov5_ros2/hook/pythonpath_develop.ps1'
[3.041s] DEBUG:colcon.colcon_core.event_handler.log_command:Invoked command in '/home/intel/repo/d021rs-yolov5-ros2-subscription-node-limitationuk/build/yolov5_ros2' returned '0': DEBUGINFOD_URLS=https://debuginfod.ubuntu.com PYTHONPATH=/home/intel/repo/d021rs-yolov5-ros2-subscription-node-limitationuk/build/yolov5_ros2/prefix_override:/home/intel/repo/d021rs-yolov5-ros2-subscription-node-limitationuk/.venv/lib/python3.12/site-packages/colcon_core/task/python/colcon_distutils_commands:/home/intel/repo/d021rs-yolov5-ros2-subscription-node-limitationuk/install/yolov5_ros2/lib/python3.12/site-packages:${PYTHONPATH} VIRTUAL_ENV_PROMPT=(.venv) /home/intel/repo/d021rs-yolov5-ros2-subscription-node-limitationuk/.venv/bin/python3 -W ignore:setup.py install is deprecated -W ignore:easy_install command is deprecated setup.py develop --editable --build-directory /home/intel/repo/d021rs-yolov5-ros2-subscription-node-limitationuk/build/yolov5_ros2/build --no-deps symlink_data
[3.041s] INFO:colcon.colcon_core.shell:Creating environment descriptor '/home/intel/repo/d021rs-yolov5-ros2-subscription-node-limitationuk/build/yolov5_ros2/share/yolov5_ros2/hook/pythonpath_develop.dsv'
[3.043s] INFO:colcon.colcon_core.shell:Creating environment hook '/home/intel/repo/d021rs-yolov5-ros2-subscription-node-limitationuk/build/yolov5_ros2/share/yolov5_ros2/hook/pythonpath_develop.sh'
[3.043s] Level 1:colcon.colcon_core.environment:checking '/home/intel/repo/d021rs-yolov5-ros2-subscription-node-limitationuk/install/yolov5_ros2' for CMake module files
[3.044s] Level 1:colcon.colcon_core.environment:checking '/home/intel/repo/d021rs-yolov5-ros2-subscription-node-limitationuk/install/yolov5_ros2' for CMake config files
[3.044s] Level 1:colcon.colcon_core.environment:checking '/home/intel/repo/d021rs-yolov5-ros2-subscription-node-limitationuk/install/yolov5_ros2/lib'
[3.044s] Level 1:colcon.colcon_core.environment:checking '/home/intel/repo/d021rs-yolov5-ros2-subscription-node-limitationuk/install/yolov5_ros2/bin'
[3.044s] Level 1:colcon.colcon_core.environment:checking '/home/intel/repo/d021rs-yolov5-ros2-subscription-node-limitationuk/install/yolov5_ros2/lib/pkgconfig/yolov5_ros2.pc'
[3.044s] Level 1:colcon.colcon_core.environment:checking '/home/intel/repo/d021rs-yolov5-ros2-subscription-node-limitationuk/install/yolov5_ros2/lib/python3.12/site-packages'
[3.044s] Level 1:colcon.colcon_core.shell:create_environment_hook('yolov5_ros2', 'pythonpath')
[3.044s] INFO:colcon.colcon_core.shell:Creating environment hook '/home/intel/repo/d021rs-yolov5-ros2-subscription-node-limitationuk/install/yolov5_ros2/share/yolov5_ros2/hook/pythonpath.ps1'
[3.044s] INFO:colcon.colcon_core.shell:Creating environment descriptor '/home/intel/repo/d021rs-yolov5-ros2-subscription-node-limitationuk/install/yolov5_ros2/share/yolov5_ros2/hook/pythonpath.dsv'
[3.045s] INFO:colcon.colcon_core.shell:Creating environment hook '/home/intel/repo/d021rs-yolov5-ros2-subscription-node-limitationuk/install/yolov5_ros2/share/yolov5_ros2/hook/pythonpath.sh'
[3.045s] Level 1:colcon.colcon_core.environment:checking '/home/intel/repo/d021rs-yolov5-ros2-subscription-node-limitationuk/install/yolov5_ros2/bin'
[3.045s] Level 1:colcon.colcon_core.environment:create_environment_scripts_only(yolov5_ros2)
[3.045s] INFO:colcon.colcon_core.shell:Creating package script '/home/intel/repo/d021rs-yolov5-ros2-subscription-node-limitationuk/install/yolov5_ros2/share/yolov5_ros2/package.ps1'
[3.045s] INFO:colcon.colcon_core.shell:Creating package descriptor '/home/intel/repo/d021rs-yolov5-ros2-subscription-node-limitationuk/install/yolov5_ros2/share/yolov5_ros2/package.dsv'
[3.046s] INFO:colcon.colcon_core.shell:Creating package script '/home/intel/repo/d021rs-yolov5-ros2-subscription-node-limitationuk/install/yolov5_ros2/share/yolov5_ros2/package.sh'
[3.046s] INFO:colcon.colcon_core.shell:Creating package script '/home/intel/repo/d021rs-yolov5-ros2-subscription-node-limitationuk/install/yolov5_ros2/share/yolov5_ros2/package.bash'
[3.046s] INFO:colcon.colcon_core.shell:Creating package script '/home/intel/repo/d021rs-yolov5-ros2-subscription-node-limitationuk/install/yolov5_ros2/share/yolov5_ros2/package.zsh'
[3.046s] Level 1:colcon.colcon_core.environment:create_file_with_runtime_dependencies(/home/intel/repo/d021rs-yolov5-ros2-subscription-node-limitationuk/install/yolov5_ros2/share/colcon-core/packages/yolov5_ros2)
[3.228s] DEBUG:colcon.colcon_core.event_handler.log_command:Invoked command in '/home/intel/repo/d021rs-yolov5-ros2-subscription-node-limitationuk/build/interfaces' returned '0': CMAKE_PREFIX_PATH=${CMAKE_PREFIX_PATH}:/home/intel/repo/d021rs-yolov5-ros2-limitationuk/ros2_ws/install/yolov5_ros2:/home/intel/repo/d021rs-yolov5-ros2-limitationuk/ros2_ws/install/slam:/home/intel/repo/d021rs-yolov5-ros2-limitationuk/ros2_ws/install/sdk:/home/intel/repo/d021rs-yolov5-ros2-limitationuk/ros2_ws/install/ros_robot_controller:/home/intel/repo/d021rs-yolov5-ros2-limitationuk/ros2_ws/install/peripherals:/home/intel/repo/d021rs-yolov5-ros2-limitationuk/ros2_ws/install/navigation:/home/intel/repo/d021rs-yolov5-ros2-limitationuk/ros2_ws/install/multi:/home/intel/repo/d021rs-yolov5-ros2-limitationuk/ros2_ws/install/mentorpi_description:/home/intel/repo/d021rs-yolov5-ros2-limitationuk/ros2_ws/install/example:/home/intel/repo/d021rs-yolov5-ros2-limitationuk/ros2_ws/install/controller:/home/intel/repo/d021rs-yolov5-ros2-limitationuk/ros2_ws/install/calibration:/home/intel/repo/d021rs-yolov5-ros2-limitationuk/ros2_ws/install/bringup:/home/intel/repo/d021rs-yolov5-ros2-limitationuk/ros2_ws/install/app:/opt/ros/jazzy DEBUGINFOD_URLS=https://debuginfod.ubuntu.com VIRTUAL_ENV_PROMPT=(.venv) /usr/bin/cmake /home/intel/repo/d021rs-yolov5-ros2-subscription-node-limitationuk/ros2_ws/src/interfaces -DPython3_EXECUTABLE=/home/intel/repo/d021rs-yolov5-ros2-subscription-node-limitationuk/.venv/bin/python3 -DPYTHON_EXECUTABLE=/home/intel/repo/d021rs-yolov5-ros2-subscription-node-limitationuk/.venv/bin/python3 -DAMENT_CMAKE_SYMLINK_INSTALL=1 -DCMAKE_INSTALL_PREFIX=/home/intel/repo/d021rs-yolov5-ros2-subscription-node-limitationuk/install/interfaces
[3.229s] DEBUG:colcon.colcon_core.event_handler.log_command:Invoking command in '/home/intel/repo/d021rs-yolov5-ros2-subscription-node-limitationuk/build/interfaces': CMAKE_PREFIX_PATH=${CMAKE_PREFIX_PATH}:/home/intel/repo/d021rs-yolov5-ros2-limitationuk/ros2_ws/install/yolov5_ros2:/home/intel/repo/d021rs-yolov5-ros2-limitationuk/ros2_ws/install/slam:/home/intel/repo/d021rs-yolov5-ros2-limitationuk/ros2_ws/install/sdk:/home/intel/repo/d021rs-yolov5-ros2-limitationuk/ros2_ws/install/ros_robot_controller:/home/intel/repo/d021rs-yolov5-ros2-limitationuk/ros2_ws/install/peripherals:/home/intel/repo/d021rs-yolov5-ros2-limitationuk/ros2_ws/install/navigation:/home/intel/repo/d021rs-yolov5-ros2-limitationuk/ros2_ws/install/multi:/home/intel/repo/d021rs-yolov5-ros2-limitationuk/ros2_ws/install/mentorpi_description:/home/intel/repo/d021rs-yolov5-ros2-limitationuk/ros2_ws/install/example:/home/intel/repo/d021rs-yolov5-ros2-limitationuk/ros2_ws/install/controller:/home/intel/repo/d021rs-yolov5-ros2-limitationuk/ros2_ws/install/calibration:/home/intel/repo/d021rs-yolov5-ros2-limitationuk/ros2_ws/install/bringup:/home/intel/repo/d021rs-yolov5-ros2-limitationuk/ros2_ws/install/app:/opt/ros/jazzy DEBUGINFOD_URLS=https://debuginfod.ubuntu.com VIRTUAL_ENV_PROMPT=(.venv) /usr/bin/cmake --build /home/intel/repo/d021rs-yolov5-ros2-subscription-node-limitationuk/build/interfaces -- -j10 -l10
[4.182s] DEBUG:colcon.colcon_core.event_handler.log_command:Invoked command in '/home/intel/repo/d021rs-yolov5-ros2-subscription-node-limitationuk/build/ros_robot_controller_msgs' returned '0': CMAKE_PREFIX_PATH=${CMAKE_PREFIX_PATH}:/home/intel/repo/d021rs-yolov5-ros2-limitationuk/ros2_ws/install/yolov5_ros2:/home/intel/repo/d021rs-yolov5-ros2-limitationuk/ros2_ws/install/slam:/home/intel/repo/d021rs-yolov5-ros2-limitationuk/ros2_ws/install/sdk:/home/intel/repo/d021rs-yolov5-ros2-limitationuk/ros2_ws/install/ros_robot_controller:/home/intel/repo/d021rs-yolov5-ros2-limitationuk/ros2_ws/install/peripherals:/home/intel/repo/d021rs-yolov5-ros2-limitationuk/ros2_ws/install/navigation:/home/intel/repo/d021rs-yolov5-ros2-limitationuk/ros2_ws/install/multi:/home/intel/repo/d021rs-yolov5-ros2-limitationuk/ros2_ws/install/mentorpi_description:/home/intel/repo/d021rs-yolov5-ros2-limitationuk/ros2_ws/install/example:/home/intel/repo/d021rs-yolov5-ros2-limitationuk/ros2_ws/install/controller:/home/intel/repo/d021rs-yolov5-ros2-limitationuk/ros2_ws/install/calibration:/home/intel/repo/d021rs-yolov5-ros2-limitationuk/ros2_ws/install/bringup:/home/intel/repo/d021rs-yolov5-ros2-limitationuk/ros2_ws/install/app:/opt/ros/jazzy DEBUGINFOD_URLS=https://debuginfod.ubuntu.com VIRTUAL_ENV_PROMPT=(.venv) /usr/bin/cmake /home/intel/repo/d021rs-yolov5-ros2-subscription-node-limitationuk/ros2_ws/src/driver/ros_robot_controller_msgs -DPython3_EXECUTABLE=/home/intel/repo/d021rs-yolov5-ros2-subscription-node-limitationuk/.venv/bin/python3 -DPYTHON_EXECUTABLE=/home/intel/repo/d021rs-yolov5-ros2-subscription-node-limitationuk/.venv/bin/python3 -DAMENT_CMAKE_SYMLINK_INSTALL=1 -DCMAKE_INSTALL_PREFIX=/home/intel/repo/d021rs-yolov5-ros2-subscription-node-limitationuk/install/ros_robot_controller_msgs
[4.182s] DEBUG:colcon.colcon_core.event_handler.log_command:Invoking command in '/home/intel/repo/d021rs-yolov5-ros2-subscription-node-limitationuk/build/ros_robot_controller_msgs': CMAKE_PREFIX_PATH=${CMAKE_PREFIX_PATH}:/home/intel/repo/d021rs-yolov5-ros2-limitationuk/ros2_ws/install/yolov5_ros2:/home/intel/repo/d021rs-yolov5-ros2-limitationuk/ros2_ws/install/slam:/home/intel/repo/d021rs-yolov5-ros2-limitationuk/ros2_ws/install/sdk:/home/intel/repo/d021rs-yolov5-ros2-limitationuk/ros2_ws/install/ros_robot_controller:/home/intel/repo/d021rs-yolov5-ros2-limitationuk/ros2_ws/install/peripherals:/home/intel/repo/d021rs-yolov5-ros2-limitationuk/ros2_ws/install/navigation:/home/intel/repo/d021rs-yolov5-ros2-limitationuk/ros2_ws/install/multi:/home/intel/repo/d021rs-yolov5-ros2-limitationuk/ros2_ws/install/mentorpi_description:/home/intel/repo/d021rs-yolov5-ros2-limitationuk/ros2_ws/install/example:/home/intel/repo/d021rs-yolov5-ros2-limitationuk/ros2_ws/install/controller:/home/intel/repo/d021rs-yolov5-ros2-limitationuk/ros2_ws/install/calibration:/home/intel/repo/d021rs-yolov5-ros2-limitationuk/ros2_ws/install/bringup:/home/intel/repo/d021rs-yolov5-ros2-limitationuk/ros2_ws/install/app:/opt/ros/jazzy DEBUGINFOD_URLS=https://debuginfod.ubuntu.com VIRTUAL_ENV_PROMPT=(.venv) /usr/bin/cmake --build /home/intel/repo/d021rs-yolov5-ros2-subscription-node-limitationuk/build/ros_robot_controller_msgs -- -j10 -l10
[12.368s] DEBUG:colcon.colcon_core.event_handler.log_command:Invoked command in '/home/intel/repo/d021rs-yolov5-ros2-subscription-node-limitationuk/build/ros_robot_controller_msgs' returned '0': CMAKE_PREFIX_PATH=${CMAKE_PREFIX_PATH}:/home/intel/repo/d021rs-yolov5-ros2-limitationuk/ros2_ws/install/yolov5_ros2:/home/intel/repo/d021rs-yolov5-ros2-limitationuk/ros2_ws/install/slam:/home/intel/repo/d021rs-yolov5-ros2-limitationuk/ros2_ws/install/sdk:/home/intel/repo/d021rs-yolov5-ros2-limitationuk/ros2_ws/install/ros_robot_controller:/home/intel/repo/d021rs-yolov5-ros2-limitationuk/ros2_ws/install/peripherals:/home/intel/repo/d021rs-yolov5-ros2-limitationuk/ros2_ws/install/navigation:/home/intel/repo/d021rs-yolov5-ros2-limitationuk/ros2_ws/install/multi:/home/intel/repo/d021rs-yolov5-ros2-limitationuk/ros2_ws/install/mentorpi_description:/home/intel/repo/d021rs-yolov5-ros2-limitationuk/ros2_ws/install/example:/home/intel/repo/d021rs-yolov5-ros2-limitationuk/ros2_ws/install/controller:/home/intel/repo/d021rs-yolov5-ros2-limitationuk/ros2_ws/install/calibration:/home/intel/repo/d021rs-yolov5-ros2-limitationuk/ros2_ws/install/bringup:/home/intel/repo/d021rs-yolov5-ros2-limitationuk/ros2_ws/install/app:/opt/ros/jazzy DEBUGINFOD_URLS=https://debuginfod.ubuntu.com VIRTUAL_ENV_PROMPT=(.venv) /usr/bin/cmake --build /home/intel/repo/d021rs-yolov5-ros2-subscription-node-limitationuk/build/ros_robot_controller_msgs -- -j10 -l10
[12.375s] DEBUG:colcon.colcon_core.event_handler.log_command:Invoking command in '/home/intel/repo/d021rs-yolov5-ros2-subscription-node-limitationuk/build/ros_robot_controller_msgs': CMAKE_PREFIX_PATH=${CMAKE_PREFIX_PATH}:/home/intel/repo/d021rs-yolov5-ros2-limitationuk/ros2_ws/install/yolov5_ros2:/home/intel/repo/d021rs-yolov5-ros2-limitationuk/ros2_ws/install/slam:/home/intel/repo/d021rs-yolov5-ros2-limitationuk/ros2_ws/install/sdk:/home/intel/repo/d021rs-yolov5-ros2-limitationuk/ros2_ws/install/ros_robot_controller:/home/intel/repo/d021rs-yolov5-ros2-limitationuk/ros2_ws/install/peripherals:/home/intel/repo/d021rs-yolov5-ros2-limitationuk/ros2_ws/install/navigation:/home/intel/repo/d021rs-yolov5-ros2-limitationuk/ros2_ws/install/multi:/home/intel/repo/d021rs-yolov5-ros2-limitationuk/ros2_ws/install/mentorpi_description:/home/intel/repo/d021rs-yolov5-ros2-limitationuk/ros2_ws/install/example:/home/intel/repo/d021rs-yolov5-ros2-limitationuk/ros2_ws/install/controller:/home/intel/repo/d021rs-yolov5-ros2-limitationuk/ros2_ws/install/calibration:/home/intel/repo/d021rs-yolov5-ros2-limitationuk/ros2_ws/install/bringup:/home/intel/repo/d021rs-yolov5-ros2-limitationuk/ros2_ws/install/app:/opt/ros/jazzy DEBUGINFOD_URLS=https://debuginfod.ubuntu.com VIRTUAL_ENV_PROMPT=(.venv) /usr/bin/cmake --install /home/intel/repo/d021rs-yolov5-ros2-subscription-node-limitationuk/build/ros_robot_controller_msgs
[13.953s] DEBUG:colcon.colcon_core.event_handler.log_command:Invoked command in '/home/intel/repo/d021rs-yolov5-ros2-subscription-node-limitationuk/build/interfaces' returned '0': CMAKE_PREFIX_PATH=${CMAKE_PREFIX_PATH}:/home/intel/repo/d021rs-yolov5-ros2-limitationuk/ros2_ws/install/yolov5_ros2:/home/intel/repo/d021rs-yolov5-ros2-limitationuk/ros2_ws/install/slam:/home/intel/repo/d021rs-yolov5-ros2-limitationuk/ros2_ws/install/sdk:/home/intel/repo/d021rs-yolov5-ros2-limitationuk/ros2_ws/install/ros_robot_controller:/home/intel/repo/d021rs-yolov5-ros2-limitationuk/ros2_ws/install/peripherals:/home/intel/repo/d021rs-yolov5-ros2-limitationuk/ros2_ws/install/navigation:/home/intel/repo/d021rs-yolov5-ros2-limitationuk/ros2_ws/install/multi:/home/intel/repo/d021rs-yolov5-ros2-limitationuk/ros2_ws/install/mentorpi_description:/home/intel/repo/d021rs-yolov5-ros2-limitationuk/ros2_ws/install/example:/home/intel/repo/d021rs-yolov5-ros2-limitationuk/ros2_ws/install/controller:/home/intel/repo/d021rs-yolov5-ros2-limitationuk/ros2_ws/install/calibration:/home/intel/repo/d021rs-yolov5-ros2-limitationuk/ros2_ws/install/bringup:/home/intel/repo/d021rs-yolov5-ros2-limitationuk/ros2_ws/install/app:/opt/ros/jazzy DEBUGINFOD_URLS=https://debuginfod.ubuntu.com VIRTUAL_ENV_PROMPT=(.venv) /usr/bin/cmake --build /home/intel/repo/d021rs-yolov5-ros2-subscription-node-limitationuk/build/interfaces -- -j10 -l10
[13.954s] DEBUG:colcon.colcon_core.event_handler.log_command:Invoking command in '/home/intel/repo/d021rs-yolov5-ros2-subscription-node-limitationuk/build/interfaces': CMAKE_PREFIX_PATH=${CMAKE_PREFIX_PATH}:/home/intel/repo/d021rs-yolov5-ros2-limitationuk/ros2_ws/install/yolov5_ros2:/home/intel/repo/d021rs-yolov5-ros2-limitationuk/ros2_ws/install/slam:/home/intel/repo/d021rs-yolov5-ros2-limitationuk/ros2_ws/install/sdk:/home/intel/repo/d021rs-yolov5-ros2-limitationuk/ros2_ws/install/ros_robot_controller:/home/intel/repo/d021rs-yolov5-ros2-limitationuk/ros2_ws/install/peripherals:/home/intel/repo/d021rs-yolov5-ros2-limitationuk/ros2_ws/install/navigation:/home/intel/repo/d021rs-yolov5-ros2-limitationuk/ros2_ws/install/multi:/home/intel/repo/d021rs-yolov5-ros2-limitationuk/ros2_ws/install/mentorpi_description:/home/intel/repo/d021rs-yolov5-ros2-limitationuk/ros2_ws/install/example:/home/intel/repo/d021rs-yolov5-ros2-limitationuk/ros2_ws/install/controller:/home/intel/repo/d021rs-yolov5-ros2-limitationuk/ros2_ws/install/calibration:/home/intel/repo/d021rs-yolov5-ros2-limitationuk/ros2_ws/install/bringup:/home/intel/repo/d021rs-yolov5-ros2-limitationuk/ros2_ws/install/app:/opt/ros/jazzy DEBUGINFOD_URLS=https://debuginfod.ubuntu.com VIRTUAL_ENV_PROMPT=(.venv) /usr/bin/cmake --install /home/intel/repo/d021rs-yolov5-ros2-subscription-node-limitationuk/build/interfaces
[14.584s] Level 1:colcon.colcon_core.environment:create_environment_scripts_only(ros_robot_controller_msgs)
[14.584s] Level 1:colcon.colcon_core.environment:checking '/home/intel/repo/d021rs-yolov5-ros2-subscription-node-limitationuk/install/ros_robot_controller_msgs' for CMake module files
[14.585s] DEBUG:colcon.colcon_core.event_handler.log_command:Invoked command in '/home/intel/repo/d021rs-yolov5-ros2-subscription-node-limitationuk/build/ros_robot_controller_msgs' returned '0': CMAKE_PREFIX_PATH=${CMAKE_PREFIX_PATH}:/home/intel/repo/d021rs-yolov5-ros2-limitationuk/ros2_ws/install/yolov5_ros2:/home/intel/repo/d021rs-yolov5-ros2-limitationuk/ros2_ws/install/slam:/home/intel/repo/d021rs-yolov5-ros2-limitationuk/ros2_ws/install/sdk:/home/intel/repo/d021rs-yolov5-ros2-limitationuk/ros2_ws/install/ros_robot_controller:/home/intel/repo/d021rs-yolov5-ros2-limitationuk/ros2_ws/install/peripherals:/home/intel/repo/d021rs-yolov5-ros2-limitationuk/ros2_ws/install/navigation:/home/intel/repo/d021rs-yolov5-ros2-limitationuk/ros2_ws/install/multi:/home/intel/repo/d021rs-yolov5-ros2-limitationuk/ros2_ws/install/mentorpi_description:/home/intel/repo/d021rs-yolov5-ros2-limitationuk/ros2_ws/install/example:/home/intel/repo/d021rs-yolov5-ros2-limitationuk/ros2_ws/install/controller:/home/intel/repo/d021rs-yolov5-ros2-limitationuk/ros2_ws/install/calibration:/home/intel/repo/d021rs-yolov5-ros2-limitationuk/ros2_ws/install/bringup:/home/intel/repo/d021rs-yolov5-ros2-limitationuk/ros2_ws/install/app:/opt/ros/jazzy DEBUGINFOD_URLS=https://debuginfod.ubuntu.com VIRTUAL_ENV_PROMPT=(.venv) /usr/bin/cmake --install /home/intel/repo/d021rs-yolov5-ros2-subscription-node-limitationuk/build/ros_robot_controller_msgs
[14.586s] Level 1:colcon.colcon_core.environment:checking '/home/intel/repo/d021rs-yolov5-ros2-subscription-node-limitationuk/install/ros_robot_controller_msgs' for CMake config files
[14.586s] Level 1:colcon.colcon_core.shell:create_environment_hook('ros_robot_controller_msgs', 'cmake_prefix_path')
[14.586s] INFO:colcon.colcon_core.shell:Creating environment hook '/home/intel/repo/d021rs-yolov5-ros2-subscription-node-limitationuk/install/ros_robot_controller_msgs/share/ros_robot_controller_msgs/hook/cmake_prefix_path.ps1'
[14.587s] INFO:colcon.colcon_core.shell:Creating environment descriptor '/home/intel/repo/d021rs-yolov5-ros2-subscription-node-limitationuk/install/ros_robot_controller_msgs/share/ros_robot_controller_msgs/hook/cmake_prefix_path.dsv'
[14.587s] INFO:colcon.colcon_core.shell:Creating environment hook '/home/intel/repo/d021rs-yolov5-ros2-subscription-node-limitationuk/install/ros_robot_controller_msgs/share/ros_robot_controller_msgs/hook/cmake_prefix_path.sh'
[14.588s] Level 1:colcon.colcon_core.environment:checking '/home/intel/repo/d021rs-yolov5-ros2-subscription-node-limitationuk/install/ros_robot_controller_msgs/lib'
[14.588s] Level 1:colcon.colcon_core.shell:create_environment_hook('ros_robot_controller_msgs', 'ld_library_path_lib')
[14.588s] INFO:colcon.colcon_core.shell:Creating environment hook '/home/intel/repo/d021rs-yolov5-ros2-subscription-node-limitationuk/install/ros_robot_controller_msgs/share/ros_robot_controller_msgs/hook/ld_library_path_lib.ps1'
[14.588s] INFO:colcon.colcon_core.shell:Creating environment descriptor '/home/intel/repo/d021rs-yolov5-ros2-subscription-node-limitationuk/install/ros_robot_controller_msgs/share/ros_robot_controller_msgs/hook/ld_library_path_lib.dsv'
[14.588s] INFO:colcon.colcon_core.shell:Creating environment hook '/home/intel/repo/d021rs-yolov5-ros2-subscription-node-limitationuk/install/ros_robot_controller_msgs/share/ros_robot_controller_msgs/hook/ld_library_path_lib.sh'
[14.588s] Level 1:colcon.colcon_core.environment:checking '/home/intel/repo/d021rs-yolov5-ros2-subscription-node-limitationuk/install/ros_robot_controller_msgs/bin'
[14.588s] Level 1:colcon.colcon_core.environment:checking '/home/intel/repo/d021rs-yolov5-ros2-subscription-node-limitationuk/install/ros_robot_controller_msgs/lib/pkgconfig/ros_robot_controller_msgs.pc'
[14.589s] Level 1:colcon.colcon_core.environment:checking '/home/intel/repo/d021rs-yolov5-ros2-subscription-node-limitationuk/install/ros_robot_controller_msgs/lib/python3.12/site-packages'
[14.589s] Level 1:colcon.colcon_core.shell:create_environment_hook('ros_robot_controller_msgs', 'pythonpath')
[14.589s] INFO:colcon.colcon_core.shell:Creating environment hook '/home/intel/repo/d021rs-yolov5-ros2-subscription-node-limitationuk/install/ros_robot_controller_msgs/share/ros_robot_controller_msgs/hook/pythonpath.ps1'
[14.589s] INFO:colcon.colcon_core.shell:Creating environment descriptor '/home/intel/repo/d021rs-yolov5-ros2-subscription-node-limitationuk/install/ros_robot_controller_msgs/share/ros_robot_controller_msgs/hook/pythonpath.dsv'
[14.589s] INFO:colcon.colcon_core.shell:Creating environment hook '/home/intel/repo/d021rs-yolov5-ros2-subscription-node-limitationuk/install/ros_robot_controller_msgs/share/ros_robot_controller_msgs/hook/pythonpath.sh'
[14.589s] Level 1:colcon.colcon_core.environment:checking '/home/intel/repo/d021rs-yolov5-ros2-subscription-node-limitationuk/install/ros_robot_controller_msgs/bin'
[14.589s] INFO:colcon.colcon_core.shell:Creating package script '/home/intel/repo/d021rs-yolov5-ros2-subscription-node-limitationuk/install/ros_robot_controller_msgs/share/ros_robot_controller_msgs/package.ps1'
[14.590s] INFO:colcon.colcon_core.shell:Creating package descriptor '/home/intel/repo/d021rs-yolov5-ros2-subscription-node-limitationuk/install/ros_robot_controller_msgs/share/ros_robot_controller_msgs/package.dsv'
[14.590s] INFO:colcon.colcon_core.shell:Creating package script '/home/intel/repo/d021rs-yolov5-ros2-subscription-node-limitationuk/install/ros_robot_controller_msgs/share/ros_robot_controller_msgs/package.sh'
[14.591s] INFO:colcon.colcon_core.shell:Creating package script '/home/intel/repo/d021rs-yolov5-ros2-subscription-node-limitationuk/install/ros_robot_controller_msgs/share/ros_robot_controller_msgs/package.bash'
[14.591s] INFO:colcon.colcon_core.shell:Creating package script '/home/intel/repo/d021rs-yolov5-ros2-subscription-node-limitationuk/install/ros_robot_controller_msgs/share/ros_robot_controller_msgs/package.zsh'
[14.591s] Level 1:colcon.colcon_core.environment:create_file_with_runtime_dependencies(/home/intel/repo/d021rs-yolov5-ros2-subscription-node-limitationuk/install/ros_robot_controller_msgs/share/colcon-core/packages/ros_robot_controller_msgs)
[14.591s] Level 1:colcon.colcon_core.environment:create_environment_scripts_only(ros_robot_controller_msgs)
[14.592s] Level 1:colcon.colcon_core.environment:checking '/home/intel/repo/d021rs-yolov5-ros2-subscription-node-limitationuk/install/ros_robot_controller_msgs' for CMake module files
[14.592s] Level 1:colcon.colcon_core.environment:checking '/home/intel/repo/d021rs-yolov5-ros2-subscription-node-limitationuk/install/ros_robot_controller_msgs' for CMake config files
[14.592s] Level 1:colcon.colcon_core.shell:create_environment_hook('ros_robot_controller_msgs', 'cmake_prefix_path')
[14.592s] INFO:colcon.colcon_core.shell:Creating environment hook '/home/intel/repo/d021rs-yolov5-ros2-subscription-node-limitationuk/install/ros_robot_controller_msgs/share/ros_robot_controller_msgs/hook/cmake_prefix_path.ps1'
[14.593s] INFO:colcon.colcon_core.shell:Creating environment descriptor '/home/intel/repo/d021rs-yolov5-ros2-subscription-node-limitationuk/install/ros_robot_controller_msgs/share/ros_robot_controller_msgs/hook/cmake_prefix_path.dsv'
[14.593s] INFO:colcon.colcon_core.shell:Creating environment hook '/home/intel/repo/d021rs-yolov5-ros2-subscription-node-limitationuk/install/ros_robot_controller_msgs/share/ros_robot_controller_msgs/hook/cmake_prefix_path.sh'
[14.593s] Level 1:colcon.colcon_core.environment:checking '/home/intel/repo/d021rs-yolov5-ros2-subscription-node-limitationuk/install/ros_robot_controller_msgs/lib'
[14.593s] Level 1:colcon.colcon_core.shell:create_environment_hook('ros_robot_controller_msgs', 'ld_library_path_lib')
[14.593s] INFO:colcon.colcon_core.shell:Creating environment hook '/home/intel/repo/d021rs-yolov5-ros2-subscription-node-limitationuk/install/ros_robot_controller_msgs/share/ros_robot_controller_msgs/hook/ld_library_path_lib.ps1'
[14.593s] INFO:colcon.colcon_core.shell:Creating environment descriptor '/home/intel/repo/d021rs-yolov5-ros2-subscription-node-limitationuk/install/ros_robot_controller_msgs/share/ros_robot_controller_msgs/hook/ld_library_path_lib.dsv'
[14.594s] INFO:colcon.colcon_core.shell:Creating environment hook '/home/intel/repo/d021rs-yolov5-ros2-subscription-node-limitationuk/install/ros_robot_controller_msgs/share/ros_robot_controller_msgs/hook/ld_library_path_lib.sh'
[14.594s] Level 1:colcon.colcon_core.environment:checking '/home/intel/repo/d021rs-yolov5-ros2-subscription-node-limitationuk/install/ros_robot_controller_msgs/bin'
[14.594s] Level 1:colcon.colcon_core.environment:checking '/home/intel/repo/d021rs-yolov5-ros2-subscription-node-limitationuk/install/ros_robot_controller_msgs/lib/pkgconfig/ros_robot_controller_msgs.pc'
[14.594s] Level 1:colcon.colcon_core.environment:checking '/home/intel/repo/d021rs-yolov5-ros2-subscription-node-limitationuk/install/ros_robot_controller_msgs/lib/python3.12/site-packages'
[14.594s] Level 1:colcon.colcon_core.shell:create_environment_hook('ros_robot_controller_msgs', 'pythonpath')
[14.594s] INFO:colcon.colcon_core.shell:Creating environment hook '/home/intel/repo/d021rs-yolov5-ros2-subscription-node-limitationuk/install/ros_robot_controller_msgs/share/ros_robot_controller_msgs/hook/pythonpath.ps1'
[14.594s] INFO:colcon.colcon_core.shell:Creating environment descriptor '/home/intel/repo/d021rs-yolov5-ros2-subscription-node-limitationuk/install/ros_robot_controller_msgs/share/ros_robot_controller_msgs/hook/pythonpath.dsv'
[14.595s] INFO:colcon.colcon_core.shell:Creating environment hook '/home/intel/repo/d021rs-yolov5-ros2-subscription-node-limitationuk/install/ros_robot_controller_msgs/share/ros_robot_controller_msgs/hook/pythonpath.sh'
[14.595s] Level 1:colcon.colcon_core.environment:checking '/home/intel/repo/d021rs-yolov5-ros2-subscription-node-limitationuk/install/ros_robot_controller_msgs/bin'
[14.595s] INFO:colcon.colcon_core.shell:Creating package script '/home/intel/repo/d021rs-yolov5-ros2-subscription-node-limitationuk/install/ros_robot_controller_msgs/share/ros_robot_controller_msgs/package.ps1'
[14.596s] INFO:colcon.colcon_core.shell:Creating package descriptor '/home/intel/repo/d021rs-yolov5-ros2-subscription-node-limitationuk/install/ros_robot_controller_msgs/share/ros_robot_controller_msgs/package.dsv'
[14.596s] INFO:colcon.colcon_core.shell:Creating package script '/home/intel/repo/d021rs-yolov5-ros2-subscription-node-limitationuk/install/ros_robot_controller_msgs/share/ros_robot_controller_msgs/package.sh'
[14.596s] INFO:colcon.colcon_core.shell:Creating package script '/home/intel/repo/d021rs-yolov5-ros2-subscription-node-limitationuk/install/ros_robot_controller_msgs/share/ros_robot_controller_msgs/package.bash'
[14.596s] INFO:colcon.colcon_core.shell:Creating package script '/home/intel/repo/d021rs-yolov5-ros2-subscription-node-limitationuk/install/ros_robot_controller_msgs/share/ros_robot_controller_msgs/package.zsh'
[14.597s] Level 1:colcon.colcon_core.environment:create_file_with_runtime_dependencies(/home/intel/repo/d021rs-yolov5-ros2-subscription-node-limitationuk/install/ros_robot_controller_msgs/share/colcon-core/packages/ros_robot_controller_msgs)
[16.628s] Level 1:colcon.colcon_core.environment:create_environment_scripts_only(interfaces)
[16.629s] Level 1:colcon.colcon_core.environment:checking '/home/intel/repo/d021rs-yolov5-ros2-subscription-node-limitationuk/install/interfaces' for CMake module files
[16.629s] DEBUG:colcon.colcon_core.event_handler.log_command:Invoked command in '/home/intel/repo/d021rs-yolov5-ros2-subscription-node-limitationuk/build/interfaces' returned '0': CMAKE_PREFIX_PATH=${CMAKE_PREFIX_PATH}:/home/intel/repo/d021rs-yolov5-ros2-limitationuk/ros2_ws/install/yolov5_ros2:/home/intel/repo/d021rs-yolov5-ros2-limitationuk/ros2_ws/install/slam:/home/intel/repo/d021rs-yolov5-ros2-limitationuk/ros2_ws/install/sdk:/home/intel/repo/d021rs-yolov5-ros2-limitationuk/ros2_ws/install/ros_robot_controller:/home/intel/repo/d021rs-yolov5-ros2-limitationuk/ros2_ws/install/peripherals:/home/intel/repo/d021rs-yolov5-ros2-limitationuk/ros2_ws/install/navigation:/home/intel/repo/d021rs-yolov5-ros2-limitationuk/ros2_ws/install/multi:/home/intel/repo/d021rs-yolov5-ros2-limitationuk/ros2_ws/install/mentorpi_description:/home/intel/repo/d021rs-yolov5-ros2-limitationuk/ros2_ws/install/example:/home/intel/repo/d021rs-yolov5-ros2-limitationuk/ros2_ws/install/controller:/home/intel/repo/d021rs-yolov5-ros2-limitationuk/ros2_ws/install/calibration:/home/intel/repo/d021rs-yolov5-ros2-limitationuk/ros2_ws/install/bringup:/home/intel/repo/d021rs-yolov5-ros2-limitationuk/ros2_ws/install/app:/opt/ros/jazzy DEBUGINFOD_URLS=https://debuginfod.ubuntu.com VIRTUAL_ENV_PROMPT=(.venv) /usr/bin/cmake --install /home/intel/repo/d021rs-yolov5-ros2-subscription-node-limitationuk/build/interfaces
[16.629s] Level 1:colcon.colcon_core.environment:checking '/home/intel/repo/d021rs-yolov5-ros2-subscription-node-limitationuk/install/interfaces' for CMake config files
[16.629s] Level 1:colcon.colcon_core.shell:create_environment_hook('interfaces', 'cmake_prefix_path')
[16.630s] INFO:colcon.colcon_core.shell:Creating environment hook '/home/intel/repo/d021rs-yolov5-ros2-subscription-node-limitationuk/install/interfaces/share/interfaces/hook/cmake_prefix_path.ps1'
[16.630s] INFO:colcon.colcon_core.shell:Creating environment descriptor '/home/intel/repo/d021rs-yolov5-ros2-subscription-node-limitationuk/install/interfaces/share/interfaces/hook/cmake_prefix_path.dsv'
[16.630s] INFO:colcon.colcon_core.shell:Creating environment hook '/home/intel/repo/d021rs-yolov5-ros2-subscription-node-limitationuk/install/interfaces/share/interfaces/hook/cmake_prefix_path.sh'
[16.630s] Level 1:colcon.colcon_core.environment:checking '/home/intel/repo/d021rs-yolov5-ros2-subscription-node-limitationuk/install/interfaces/lib'
[16.630s] Level 1:colcon.colcon_core.shell:create_environment_hook('interfaces', 'ld_library_path_lib')
[16.631s] INFO:colcon.colcon_core.shell:Creating environment hook '/home/intel/repo/d021rs-yolov5-ros2-subscription-node-limitationuk/install/interfaces/share/interfaces/hook/ld_library_path_lib.ps1'
[16.631s] INFO:colcon.colcon_core.shell:Creating environment descriptor '/home/intel/repo/d021rs-yolov5-ros2-subscription-node-limitationuk/install/interfaces/share/interfaces/hook/ld_library_path_lib.dsv'
[16.631s] INFO:colcon.colcon_core.shell:Creating environment hook '/home/intel/repo/d021rs-yolov5-ros2-subscription-node-limitationuk/install/interfaces/share/interfaces/hook/ld_library_path_lib.sh'
[16.631s] Level 1:colcon.colcon_core.environment:checking '/home/intel/repo/d021rs-yolov5-ros2-subscription-node-limitationuk/install/interfaces/bin'
[16.631s] Level 1:colcon.colcon_core.environment:checking '/home/intel/repo/d021rs-yolov5-ros2-subscription-node-limitationuk/install/interfaces/lib/pkgconfig/interfaces.pc'
[16.631s] Level 1:colcon.colcon_core.environment:checking '/home/intel/repo/d021rs-yolov5-ros2-subscription-node-limitationuk/install/interfaces/lib/python3.12/site-packages'
[16.631s] Level 1:colcon.colcon_core.shell:create_environment_hook('interfaces', 'pythonpath')
[16.631s] INFO:colcon.colcon_core.shell:Creating environment hook '/home/intel/repo/d021rs-yolov5-ros2-subscription-node-limitationuk/install/interfaces/share/interfaces/hook/pythonpath.ps1'
[16.632s] INFO:colcon.colcon_core.shell:Creating environment descriptor '/home/intel/repo/d021rs-yolov5-ros2-subscription-node-limitationuk/install/interfaces/share/interfaces/hook/pythonpath.dsv'
[16.632s] INFO:colcon.colcon_core.shell:Creating environment hook '/home/intel/repo/d021rs-yolov5-ros2-subscription-node-limitationuk/install/interfaces/share/interfaces/hook/pythonpath.sh'
[16.632s] Level 1:colcon.colcon_core.environment:checking '/home/intel/repo/d021rs-yolov5-ros2-subscription-node-limitationuk/install/interfaces/bin'
[16.632s] INFO:colcon.colcon_core.shell:Creating package script '/home/intel/repo/d021rs-yolov5-ros2-subscription-node-limitationuk/install/interfaces/share/interfaces/package.ps1'
[16.633s] INFO:colcon.colcon_core.shell:Creating package descriptor '/home/intel/repo/d021rs-yolov5-ros2-subscription-node-limitationuk/install/interfaces/share/interfaces/package.dsv'
[16.633s] INFO:colcon.colcon_core.shell:Creating package script '/home/intel/repo/d021rs-yolov5-ros2-subscription-node-limitationuk/install/interfaces/share/interfaces/package.sh'
[16.633s] INFO:colcon.colcon_core.shell:Creating package script '/home/intel/repo/d021rs-yolov5-ros2-subscription-node-limitationuk/install/interfaces/share/interfaces/package.bash'
[16.633s] INFO:colcon.colcon_core.shell:Creating package script '/home/intel/repo/d021rs-yolov5-ros2-subscription-node-limitationuk/install/interfaces/share/interfaces/package.zsh'
[16.634s] Level 1:colcon.colcon_core.environment:create_file_with_runtime_dependencies(/home/intel/repo/d021rs-yolov5-ros2-subscription-node-limitationuk/install/interfaces/share/colcon-core/packages/interfaces)
[16.634s] Level 1:colcon.colcon_core.environment:create_environment_scripts_only(interfaces)
[16.634s] Level 1:colcon.colcon_core.environment:checking '/home/intel/repo/d021rs-yolov5-ros2-subscription-node-limitationuk/install/interfaces' for CMake module files
[16.634s] Level 1:colcon.colcon_core.environment:checking '/home/intel/repo/d021rs-yolov5-ros2-subscription-node-limitationuk/install/interfaces' for CMake config files
[16.634s] Level 1:colcon.colcon_core.shell:create_environment_hook('interfaces', 'cmake_prefix_path')
[16.634s] INFO:colcon.colcon_core.shell:Creating environment hook '/home/intel/repo/d021rs-yolov5-ros2-subscription-node-limitationuk/install/interfaces/share/interfaces/hook/cmake_prefix_path.ps1'
[16.635s] INFO:colcon.colcon_core.shell:Creating environment descriptor '/home/intel/repo/d021rs-yolov5-ros2-subscription-node-limitationuk/install/interfaces/share/interfaces/hook/cmake_prefix_path.dsv'
[16.635s] INFO:colcon.colcon_core.shell:Creating environment hook '/home/intel/repo/d021rs-yolov5-ros2-subscription-node-limitationuk/install/interfaces/share/interfaces/hook/cmake_prefix_path.sh'
[16.635s] Level 1:colcon.colcon_core.environment:checking '/home/intel/repo/d021rs-yolov5-ros2-subscription-node-limitationuk/install/interfaces/lib'
[16.635s] Level 1:colcon.colcon_core.shell:create_environment_hook('interfaces', 'ld_library_path_lib')
[16.635s] INFO:colcon.colcon_core.shell:Creating environment hook '/home/intel/repo/d021rs-yolov5-ros2-subscription-node-limitationuk/install/interfaces/share/interfaces/hook/ld_library_path_lib.ps1'
[16.635s] INFO:colcon.colcon_core.shell:Creating environment descriptor '/home/intel/repo/d021rs-yolov5-ros2-subscription-node-limitationuk/install/interfaces/share/interfaces/hook/ld_library_path_lib.dsv'
[16.636s] INFO:colcon.colcon_core.shell:Creating environment hook '/home/intel/repo/d021rs-yolov5-ros2-subscription-node-limitationuk/install/interfaces/share/interfaces/hook/ld_library_path_lib.sh'
[16.636s] Level 1:colcon.colcon_core.environment:checking '/home/intel/repo/d021rs-yolov5-ros2-subscription-node-limitationuk/install/interfaces/bin'
[16.636s] Level 1:colcon.colcon_core.environment:checking '/home/intel/repo/d021rs-yolov5-ros2-subscription-node-limitationuk/install/interfaces/lib/pkgconfig/interfaces.pc'
[16.636s] Level 1:colcon.colcon_core.environment:checking '/home/intel/repo/d021rs-yolov5-ros2-subscription-node-limitationuk/install/interfaces/lib/python3.12/site-packages'
[16.636s] Level 1:colcon.colcon_core.shell:create_environment_hook('interfaces', 'pythonpath')
[16.636s] INFO:colcon.colcon_core.shell:Creating environment hook '/home/intel/repo/d021rs-yolov5-ros2-subscription-node-limitationuk/install/interfaces/share/interfaces/hook/pythonpath.ps1'
[16.636s] INFO:colcon.colcon_core.shell:Creating environment descriptor '/home/intel/repo/d021rs-yolov5-ros2-subscription-node-limitationuk/install/interfaces/share/interfaces/hook/pythonpath.dsv'
[16.637s] INFO:colcon.colcon_core.shell:Creating environment hook '/home/intel/repo/d021rs-yolov5-ros2-subscription-node-limitationuk/install/interfaces/share/interfaces/hook/pythonpath.sh'
[16.637s] Level 1:colcon.colcon_core.environment:checking '/home/intel/repo/d021rs-yolov5-ros2-subscription-node-limitationuk/install/interfaces/bin'
[16.637s] INFO:colcon.colcon_core.shell:Creating package script '/home/intel/repo/d021rs-yolov5-ros2-subscription-node-limitationuk/install/interfaces/share/interfaces/package.ps1'
[16.637s] INFO:colcon.colcon_core.shell:Creating package descriptor '/home/intel/repo/d021rs-yolov5-ros2-subscription-node-limitationuk/install/interfaces/share/interfaces/package.dsv'
[16.637s] INFO:colcon.colcon_core.shell:Creating package script '/home/intel/repo/d021rs-yolov5-ros2-subscription-node-limitationuk/install/interfaces/share/interfaces/package.sh'
[16.638s] INFO:colcon.colcon_core.shell:Creating package script '/home/intel/repo/d021rs-yolov5-ros2-subscription-node-limitationuk/install/interfaces/share/interfaces/package.bash'
[16.638s] INFO:colcon.colcon_core.shell:Creating package script '/home/intel/repo/d021rs-yolov5-ros2-subscription-node-limitationuk/install/interfaces/share/interfaces/package.zsh'
[16.638s] Level 1:colcon.colcon_core.environment:create_file_with_runtime_dependencies(/home/intel/repo/d021rs-yolov5-ros2-subscription-node-limitationuk/install/interfaces/share/colcon-core/packages/interfaces)
[16.638s] DEBUG:colcon.colcon_parallel_executor.executor.parallel:closing loop
[16.638s] DEBUG:colcon.colcon_parallel_executor.executor.parallel:loop closed
[16.638s] DEBUG:colcon.colcon_parallel_executor.executor.parallel:run_until_complete finished with '0'
[16.638s] DEBUG:colcon.colcon_core.event_reactor:joining thread
[16.642s] INFO:colcon.colcon_core.plugin_system:Skipping extension 'colcon_notification.desktop_notification.notify2': 'notify2' not found
[16.642s] INFO:colcon.colcon_core.plugin_system:Skipping extension 'colcon_notification.desktop_notification.terminal_notifier': Not used on non-Darwin systems
[16.642s] INFO:colcon.colcon_core.plugin_system:Skipping extension 'colcon_notification.desktop_notification.win32': Not used on non-Windows systems
[16.642s] INFO:colcon.colcon_notification.desktop_notification:Sending desktop notification using 'notify_send'
[16.659s] DEBUG:colcon.colcon_core.event_reactor:joined thread
[16.659s] INFO:colcon.colcon_core.shell:Creating prefix script '/home/intel/repo/d021rs-yolov5-ros2-subscription-node-limitationuk/install/local_setup.ps1'
[16.660s] INFO:colcon.colcon_core.shell:Creating prefix util module '/home/intel/repo/d021rs-yolov5-ros2-subscription-node-limitationuk/install/_local_setup_util_ps1.py'
[16.661s] INFO:colcon.colcon_core.shell:Creating prefix chain script '/home/intel/repo/d021rs-yolov5-ros2-subscription-node-limitationuk/install/setup.ps1'
[16.662s] INFO:colcon.colcon_core.shell:Creating prefix script '/home/intel/repo/d021rs-yolov5-ros2-subscription-node-limitationuk/install/local_setup.sh'
[16.662s] INFO:colcon.colcon_core.shell:Creating prefix util module '/home/intel/repo/d021rs-yolov5-ros2-subscription-node-limitationuk/install/_local_setup_util_sh.py'
[16.662s] INFO:colcon.colcon_core.shell:Creating prefix chain script '/home/intel/repo/d021rs-yolov5-ros2-subscription-node-limitationuk/install/setup.sh'
[16.663s] INFO:colcon.colcon_core.shell:Creating prefix script '/home/intel/repo/d021rs-yolov5-ros2-subscription-node-limitationuk/install/local_setup.bash'
[16.663s] INFO:colcon.colcon_core.shell:Creating prefix chain script '/home/intel/repo/d021rs-yolov5-ros2-subscription-node-limitationuk/install/setup.bash'
[16.664s] INFO:colcon.colcon_core.shell:Creating prefix script '/home/intel/repo/d021rs-yolov5-ros2-subscription-node-limitationuk/install/local_setup.zsh'
[16.664s] INFO:colcon.colcon_core.shell:Creating prefix chain script '/home/intel/repo/d021rs-yolov5-ros2-subscription-node-limitationuk/install/setup.zsh'
