-- The C compiler identification is GNU 13.3.0
-- The CXX compiler identification is GNU 13.3.0
-- Detecting C compiler ABI info
-- Detecting C compiler ABI info - done
-- Check for working C compiler: /usr/bin/cc - skipped
-- Detecting C compile features
-- Detecting C compile features - done
-- Detecting CXX compiler ABI info
-- Detecting CXX compiler ABI info - done
-- Check for working CXX compiler: /usr/bin/c++ - skipped
-- Detecting CXX compile features
-- Detecting CXX compile features - done
-- Found ament_cmake: 2.5.4 (/opt/ros/jazzy/share/ament_cmake/cmake)
-- Found Python3: /home/intel/repo/d021rs-yolov5-ros2-subscription-node-limitationuk/.venv/bin/python3 (found version "3.12.3") found components: Interpreter 
-- Override CMake install command with custom implementation using symlinks instead of copying resources
-- Found std_msgs: 5.3.6 (/opt/ros/jazzy/share/std_msgs/cmake)
-- Found rosidl_generator_c: 4.6.6 (/opt/ros/jazzy/share/rosidl_generator_c/cmake)
-- Found rosidl_generator_cpp: 4.6.6 (/opt/ros/jazzy/share/rosidl_generator_cpp/cmake)
-- Using all available rosidl_typesupport_c: rosidl_typesupport_fastrtps_c;rosidl_typesupport_introspection_c
-- Using all available rosidl_typesupport_cpp: rosidl_typesupport_fastrtps_cpp;rosidl_typesupport_introspection_cpp
-- Found rosidl_default_generators: 1.6.0 (/opt/ros/jazzy/share/rosidl_default_generators/cmake)
-- Found rosidl_adapter: 4.6.6 (/opt/ros/jazzy/share/rosidl_adapter/cmake)
-- Found ament_cmake_ros: 0.12.0 (/opt/ros/jazzy/share/ament_cmake_ros/cmake)
-- Using all available rosidl_typesupport_c: rosidl_typesupport_fastrtps_c;rosidl_typesupport_introspection_c
-- Using all available rosidl_typesupport_cpp: rosidl_typesupport_fastrtps_cpp;rosidl_typesupport_introspection_cpp
-- Found python_cmake_module: 0.11.1 (/opt/ros/jazzy/share/python_cmake_module/cmake)
-- Found PythonExtra: /home/intel/repo/d021rs-yolov5-ros2-subscription-node-limitationuk/.venv/bin/python3  
-- Found Python3: /home/intel/repo/d021rs-yolov5-ros2-subscription-node-limitationuk/.venv/bin/python3 (found version "3.12.3") found components: Interpreter Development NumPy Development.Module Development.Embed 
-- Found ament_lint_auto: 0.17.3 (/opt/ros/jazzy/share/ament_lint_auto/cmake)
-- Added test 'copyright' to check source files copyright and LICENSE
-- Added test 'lint_cmake' to check CMake code style
-- Added test 'xmllint' to check XML markup files
-- Configuring done (2.1s)
-- Generating done (0.0s)
-- Build files have been written to: /home/intel/repo/d021rs-yolov5-ros2-subscription-node-limitationuk/build/ros_robot_controller_msgs
[  1%] [34m[1mGenerating type hashes for ROS interfaces[0m
[  1%] Built target ament_cmake_python_symlink_ros_robot_controller_msgs
running egg_info
creating ros_robot_controller_msgs.egg-info
writing ros_robot_controller_msgs.egg-info/PKG-INFO
writing dependency_links to ros_robot_controller_msgs.egg-info/dependency_links.txt
writing top-level names to ros_robot_controller_msgs.egg-info/top_level.txt
writing manifest file 'ros_robot_controller_msgs.egg-info/SOURCES.txt'
reading manifest file 'ros_robot_controller_msgs.egg-info/SOURCES.txt'
writing manifest file 'ros_robot_controller_msgs.egg-info/SOURCES.txt'
[  1%] Built target ament_cmake_python_build_ros_robot_controller_msgs_egg
[  1%] Built target ros_robot_controller_msgs__rosidl_generator_type_description
[  2%] [34m[1mGenerating C code for ROS interfaces[0m
[  2%] [34m[1mGenerating C++ code for ROS interfaces[0m
[  2%] Built target ros_robot_controller_msgs__cpp
[  3%] [32mBuilding C object CMakeFiles/ros_robot_controller_msgs__rosidl_generator_c.dir/rosidl_generator_c/ros_robot_controller_msgs/msg/detail/bus_servo_state__description.c.o[0m
[  3%] [32mBuilding C object CMakeFiles/ros_robot_controller_msgs__rosidl_generator_c.dir/rosidl_generator_c/ros_robot_controller_msgs/msg/detail/bus_servo_state__functions.c.o[0m
[  3%] [32mBuilding C object CMakeFiles/ros_robot_controller_msgs__rosidl_generator_c.dir/rosidl_generator_c/ros_robot_controller_msgs/msg/detail/bus_servo_state__type_support.c.o[0m
[  4%] [32mBuilding C object CMakeFiles/ros_robot_controller_msgs__rosidl_generator_c.dir/rosidl_generator_c/ros_robot_controller_msgs/msg/detail/button_state__description.c.o[0m
[  4%] [32mBuilding C object CMakeFiles/ros_robot_controller_msgs__rosidl_generator_c.dir/rosidl_generator_c/ros_robot_controller_msgs/msg/detail/button_state__functions.c.o[0m
[  4%] [32mBuilding C object CMakeFiles/ros_robot_controller_msgs__rosidl_generator_c.dir/rosidl_generator_c/ros_robot_controller_msgs/msg/detail/buzzer_state__description.c.o[0m
[  5%] [32mBuilding C object CMakeFiles/ros_robot_controller_msgs__rosidl_generator_c.dir/rosidl_generator_c/ros_robot_controller_msgs/msg/detail/button_state__type_support.c.o[0m
[  5%] [32mBuilding C object CMakeFiles/ros_robot_controller_msgs__rosidl_generator_c.dir/rosidl_generator_c/ros_robot_controller_msgs/msg/detail/buzzer_state__type_support.c.o[0m
[  6%] [32mBuilding C object CMakeFiles/ros_robot_controller_msgs__rosidl_generator_c.dir/rosidl_generator_c/ros_robot_controller_msgs/msg/detail/buzzer_state__functions.c.o[0m
[  7%] [32mBuilding C object CMakeFiles/ros_robot_controller_msgs__rosidl_generator_c.dir/rosidl_generator_c/ros_robot_controller_msgs/msg/detail/led_state__description.c.o[0m
[  8%] [32mBuilding C object CMakeFiles/ros_robot_controller_msgs__rosidl_generator_c.dir/rosidl_generator_c/ros_robot_controller_msgs/msg/detail/motor_state__type_support.c.o[0m
[  8%] [32mBuilding C object CMakeFiles/ros_robot_controller_msgs__rosidl_generator_c.dir/rosidl_generator_c/ros_robot_controller_msgs/msg/detail/motor_state__description.c.o[0m
[  8%] [32mBuilding C object CMakeFiles/ros_robot_controller_msgs__rosidl_generator_c.dir/rosidl_generator_c/ros_robot_controller_msgs/msg/detail/led_state__functions.c.o[0m
[  8%] [32mBuilding C object CMakeFiles/ros_robot_controller_msgs__rosidl_generator_c.dir/rosidl_generator_c/ros_robot_controller_msgs/msg/detail/motor_state__functions.c.o[0m
[  8%] [32mBuilding C object CMakeFiles/ros_robot_controller_msgs__rosidl_generator_c.dir/rosidl_generator_c/ros_robot_controller_msgs/msg/detail/motors_state__type_support.c.o[0m
[  9%] [32mBuilding C object CMakeFiles/ros_robot_controller_msgs__rosidl_generator_c.dir/rosidl_generator_c/ros_robot_controller_msgs/msg/detail/pwm_servo_state__functions.c.o[0m
[  9%] [32mBuilding C object CMakeFiles/ros_robot_controller_msgs__rosidl_generator_c.dir/rosidl_generator_c/ros_robot_controller_msgs/msg/detail/motors_state__description.c.o[0m
[ 10%] [32mBuilding C object CMakeFiles/ros_robot_controller_msgs__rosidl_generator_c.dir/rosidl_generator_c/ros_robot_controller_msgs/msg/detail/led_state__type_support.c.o[0m
[ 11%] [32mBuilding C object CMakeFiles/ros_robot_controller_msgs__rosidl_generator_c.dir/rosidl_generator_c/ros_robot_controller_msgs/msg/detail/motors_state__functions.c.o[0m
[  9%] [32mBuilding C object CMakeFiles/ros_robot_controller_msgs__rosidl_generator_c.dir/rosidl_generator_c/ros_robot_controller_msgs/msg/detail/pwm_servo_state__description.c.o[0m
[ 12%] [32mBuilding C object CMakeFiles/ros_robot_controller_msgs__rosidl_generator_c.dir/rosidl_generator_c/ros_robot_controller_msgs/msg/detail/pwm_servo_state__type_support.c.o[0m
[ 12%] [32mBuilding C object CMakeFiles/ros_robot_controller_msgs__rosidl_generator_c.dir/rosidl_generator_c/ros_robot_controller_msgs/msg/detail/sbus__description.c.o[0m
[ 13%] [32mBuilding C object CMakeFiles/ros_robot_controller_msgs__rosidl_generator_c.dir/rosidl_generator_c/ros_robot_controller_msgs/msg/detail/sbus__functions.c.o[0m
[ 13%] [32mBuilding C object CMakeFiles/ros_robot_controller_msgs__rosidl_generator_c.dir/rosidl_generator_c/ros_robot_controller_msgs/msg/detail/sbus__type_support.c.o[0m
[ 13%] [32mBuilding C object CMakeFiles/ros_robot_controller_msgs__rosidl_generator_c.dir/rosidl_generator_c/ros_robot_controller_msgs/msg/detail/oled_state__functions.c.o[0m
[ 14%] [32mBuilding C object CMakeFiles/ros_robot_controller_msgs__rosidl_generator_c.dir/rosidl_generator_c/ros_robot_controller_msgs/msg/detail/oled_state__description.c.o[0m
[ 15%] [32mBuilding C object CMakeFiles/ros_robot_controller_msgs__rosidl_generator_c.dir/rosidl_generator_c/ros_robot_controller_msgs/msg/detail/oled_state__type_support.c.o[0m
[ 15%] [32mBuilding C object CMakeFiles/ros_robot_controller_msgs__rosidl_generator_c.dir/rosidl_generator_c/ros_robot_controller_msgs/msg/detail/set_bus_servo_state__functions.c.o[0m
[ 15%] [32mBuilding C object CMakeFiles/ros_robot_controller_msgs__rosidl_generator_c.dir/rosidl_generator_c/ros_robot_controller_msgs/msg/detail/set_bus_servo_state__description.c.o[0m
[ 16%] [32mBuilding C object CMakeFiles/ros_robot_controller_msgs__rosidl_generator_c.dir/rosidl_generator_c/ros_robot_controller_msgs/msg/detail/set_bus_servo_state__type_support.c.o[0m
[ 16%] [32mBuilding C object CMakeFiles/ros_robot_controller_msgs__rosidl_generator_c.dir/rosidl_generator_c/ros_robot_controller_msgs/msg/detail/rgb_states__description.c.o[0m
[ 17%] [32mBuilding C object CMakeFiles/ros_robot_controller_msgs__rosidl_generator_c.dir/rosidl_generator_c/ros_robot_controller_msgs/msg/detail/rgb_states__functions.c.o[0m
[ 17%] [32mBuilding C object CMakeFiles/ros_robot_controller_msgs__rosidl_generator_c.dir/rosidl_generator_c/ros_robot_controller_msgs/msg/detail/rgb_states__type_support.c.o[0m
[ 17%] [32mBuilding C object CMakeFiles/ros_robot_controller_msgs__rosidl_generator_c.dir/rosidl_generator_c/ros_robot_controller_msgs/msg/detail/rgb_state__functions.c.o[0m
[ 18%] [32mBuilding C object CMakeFiles/ros_robot_controller_msgs__rosidl_generator_c.dir/rosidl_generator_c/ros_robot_controller_msgs/msg/detail/rgb_state__description.c.o[0m
[ 19%] [32mBuilding C object CMakeFiles/ros_robot_controller_msgs__rosidl_generator_c.dir/rosidl_generator_c/ros_robot_controller_msgs/msg/detail/rgb_state__type_support.c.o[0m
[ 19%] [32mBuilding C object CMakeFiles/ros_robot_controller_msgs__rosidl_generator_c.dir/rosidl_generator_c/ros_robot_controller_msgs/msg/detail/servo_position__description.c.o[0m
[ 20%] [32mBuilding C object CMakeFiles/ros_robot_controller_msgs__rosidl_generator_c.dir/rosidl_generator_c/ros_robot_controller_msgs/msg/detail/servo_position__functions.c.o[0m
[ 21%] [32mBuilding C object CMakeFiles/ros_robot_controller_msgs__rosidl_generator_c.dir/rosidl_generator_c/ros_robot_controller_msgs/msg/detail/servos_position__description.c.o[0m
[ 21%] [32mBuilding C object CMakeFiles/ros_robot_controller_msgs__rosidl_generator_c.dir/rosidl_generator_c/ros_robot_controller_msgs/msg/detail/servo_position__type_support.c.o[0m
[ 21%] [32mBuilding C object CMakeFiles/ros_robot_controller_msgs__rosidl_generator_c.dir/rosidl_generator_c/ros_robot_controller_msgs/msg/detail/servos_position__functions.c.o[0m
[ 22%] [32mBuilding C object CMakeFiles/ros_robot_controller_msgs__rosidl_generator_c.dir/rosidl_generator_c/ros_robot_controller_msgs/msg/detail/servos_position__type_support.c.o[0m
[ 22%] [32mBuilding C object CMakeFiles/ros_robot_controller_msgs__rosidl_generator_c.dir/rosidl_generator_c/ros_robot_controller_msgs/msg/detail/set_pwm_servo_state__description.c.o[0m
[ 22%] [32mBuilding C object CMakeFiles/ros_robot_controller_msgs__rosidl_generator_c.dir/rosidl_generator_c/ros_robot_controller_msgs/msg/detail/set_pwm_servo_state__functions.c.o[0m
[ 23%] [32mBuilding C object CMakeFiles/ros_robot_controller_msgs__rosidl_generator_c.dir/rosidl_generator_c/ros_robot_controller_msgs/msg/detail/set_pwm_servo_state__type_support.c.o[0m
[ 24%] [32mBuilding C object CMakeFiles/ros_robot_controller_msgs__rosidl_generator_c.dir/rosidl_generator_c/ros_robot_controller_msgs/msg/detail/get_bus_servo_cmd__type_support.c.o[0m
[ 24%] [32mBuilding C object CMakeFiles/ros_robot_controller_msgs__rosidl_generator_c.dir/rosidl_generator_c/ros_robot_controller_msgs/msg/detail/get_bus_servo_cmd__functions.c.o[0m
[ 24%] [32mBuilding C object CMakeFiles/ros_robot_controller_msgs__rosidl_generator_c.dir/rosidl_generator_c/ros_robot_controller_msgs/msg/detail/get_bus_servo_cmd__description.c.o[0m
[ 25%] [32mBuilding C object CMakeFiles/ros_robot_controller_msgs__rosidl_generator_c.dir/rosidl_generator_c/ros_robot_controller_msgs/msg/detail/get_pwm_servo_cmd__description.c.o[0m
[ 25%] [32mBuilding C object CMakeFiles/ros_robot_controller_msgs__rosidl_generator_c.dir/rosidl_generator_c/ros_robot_controller_msgs/msg/detail/get_pwm_servo_cmd__functions.c.o[0m
[ 26%] [32mBuilding C object CMakeFiles/ros_robot_controller_msgs__rosidl_generator_c.dir/rosidl_generator_c/ros_robot_controller_msgs/srv/detail/get_bus_servo_state__functions.c.o[0m
[ 27%] [32mBuilding C object CMakeFiles/ros_robot_controller_msgs__rosidl_generator_c.dir/rosidl_generator_c/ros_robot_controller_msgs/msg/detail/get_pwm_servo_cmd__type_support.c.o[0m
[ 27%] [32mBuilding C object CMakeFiles/ros_robot_controller_msgs__rosidl_generator_c.dir/rosidl_generator_c/ros_robot_controller_msgs/srv/detail/get_bus_servo_state__description.c.o[0m
[ 27%] [32mBuilding C object CMakeFiles/ros_robot_controller_msgs__rosidl_generator_c.dir/rosidl_generator_c/ros_robot_controller_msgs/srv/detail/get_bus_servo_state__type_support.c.o[0m
[ 28%] [32mBuilding C object CMakeFiles/ros_robot_controller_msgs__rosidl_generator_c.dir/rosidl_generator_c/ros_robot_controller_msgs/srv/detail/get_pwm_servo_state__description.c.o[0m
[ 28%] [32mBuilding C object CMakeFiles/ros_robot_controller_msgs__rosidl_generator_c.dir/rosidl_generator_c/ros_robot_controller_msgs/srv/detail/get_pwm_servo_state__functions.c.o[0m
[ 29%] [32mBuilding C object CMakeFiles/ros_robot_controller_msgs__rosidl_generator_c.dir/rosidl_generator_c/ros_robot_controller_msgs/srv/detail/get_pwm_servo_state__type_support.c.o[0m
[ 29%] [32m[1mLinking C shared library libros_robot_controller_msgs__rosidl_generator_c.so[0m
[ 29%] Built target ros_robot_controller_msgs__rosidl_generator_c
[ 29%] [34m[1mGenerating C++ type support dispatch for ROS interfaces[0m
[ 30%] [34m[1mGenerating C++ type support for eProsima Fast-RTPS[0m
[ 31%] [34m[1mGenerating C type support for eProsima Fast-RTPS[0m
[ 32%] [34m[1mGenerating C introspection for ROS interfaces[0m
[ 32%] [34m[1mGenerating C type support dispatch for ROS interfaces[0m
[ 32%] [34m[1mGenerating C++ introspection for ROS interfaces[0m
[ 33%] [32mBuilding CXX object CMakeFiles/ros_robot_controller_msgs__rosidl_typesupport_cpp.dir/rosidl_typesupport_cpp/ros_robot_controller_msgs/msg/bus_servo_state__type_support.cpp.o[0m
[ 33%] [32mBuilding CXX object CMakeFiles/ros_robot_controller_msgs__rosidl_typesupport_cpp.dir/rosidl_typesupport_cpp/ros_robot_controller_msgs/msg/button_state__type_support.cpp.o[0m
[ 34%] [32mBuilding CXX object CMakeFiles/ros_robot_controller_msgs__rosidl_typesupport_cpp.dir/rosidl_typesupport_cpp/ros_robot_controller_msgs/msg/buzzer_state__type_support.cpp.o[0m
[ 34%] [32mBuilding CXX object CMakeFiles/ros_robot_controller_msgs__rosidl_typesupport_cpp.dir/rosidl_typesupport_cpp/ros_robot_controller_msgs/msg/led_state__type_support.cpp.o[0m
[ 34%] [32mBuilding CXX object CMakeFiles/ros_robot_controller_msgs__rosidl_typesupport_cpp.dir/rosidl_typesupport_cpp/ros_robot_controller_msgs/msg/motor_state__type_support.cpp.o[0m
[ 35%] [32mBuilding CXX object CMakeFiles/ros_robot_controller_msgs__rosidl_typesupport_cpp.dir/rosidl_typesupport_cpp/ros_robot_controller_msgs/msg/motors_state__type_support.cpp.o[0m
[ 36%] [32mBuilding CXX object CMakeFiles/ros_robot_controller_msgs__rosidl_typesupport_c.dir/rosidl_typesupport_c/ros_robot_controller_msgs/msg/bus_servo_state__type_support.cpp.o[0m
[ 36%] [32mBuilding CXX object CMakeFiles/ros_robot_controller_msgs__rosidl_typesupport_c.dir/rosidl_typesupport_c/ros_robot_controller_msgs/msg/button_state__type_support.cpp.o[0m
[ 37%] [32mBuilding CXX object CMakeFiles/ros_robot_controller_msgs__rosidl_typesupport_c.dir/rosidl_typesupport_c/ros_robot_controller_msgs/msg/buzzer_state__type_support.cpp.o[0m
[ 37%] [32mBuilding CXX object CMakeFiles/ros_robot_controller_msgs__rosidl_typesupport_cpp.dir/rosidl_typesupport_cpp/ros_robot_controller_msgs/msg/pwm_servo_state__type_support.cpp.o[0m
[ 37%] [32mBuilding CXX object CMakeFiles/ros_robot_controller_msgs__rosidl_typesupport_c.dir/rosidl_typesupport_c/ros_robot_controller_msgs/msg/led_state__type_support.cpp.o[0m
[ 38%] [32mBuilding CXX object CMakeFiles/ros_robot_controller_msgs__rosidl_typesupport_cpp.dir/rosidl_typesupport_cpp/ros_robot_controller_msgs/msg/sbus__type_support.cpp.o[0m
[ 39%] [32mBuilding CXX object CMakeFiles/ros_robot_controller_msgs__rosidl_typesupport_c.dir/rosidl_typesupport_c/ros_robot_controller_msgs/msg/motor_state__type_support.cpp.o[0m
[ 39%] [32mBuilding CXX object CMakeFiles/ros_robot_controller_msgs__rosidl_typesupport_cpp.dir/rosidl_typesupport_cpp/ros_robot_controller_msgs/msg/oled_state__type_support.cpp.o[0m
[ 39%] [32mBuilding CXX object CMakeFiles/ros_robot_controller_msgs__rosidl_typesupport_c.dir/rosidl_typesupport_c/ros_robot_controller_msgs/msg/motors_state__type_support.cpp.o[0m
[ 40%] [32mBuilding CXX object CMakeFiles/ros_robot_controller_msgs__rosidl_typesupport_c.dir/rosidl_typesupport_c/ros_robot_controller_msgs/msg/pwm_servo_state__type_support.cpp.o[0m
[ 41%] [32mBuilding CXX object CMakeFiles/ros_robot_controller_msgs__rosidl_typesupport_cpp.dir/rosidl_typesupport_cpp/ros_robot_controller_msgs/msg/set_bus_servo_state__type_support.cpp.o[0m
[ 41%] [32mBuilding CXX object CMakeFiles/ros_robot_controller_msgs__rosidl_typesupport_c.dir/rosidl_typesupport_c/ros_robot_controller_msgs/msg/sbus__type_support.cpp.o[0m
[ 41%] [32mBuilding C object CMakeFiles/ros_robot_controller_msgs__rosidl_typesupport_introspection_c.dir/rosidl_typesupport_introspection_c/ros_robot_controller_msgs/msg/detail/bus_servo_state__type_support.c.o[0m
[ 41%] [32mBuilding C object CMakeFiles/ros_robot_controller_msgs__rosidl_typesupport_introspection_c.dir/rosidl_typesupport_introspection_c/ros_robot_controller_msgs/msg/detail/button_state__type_support.c.o[0m
[ 42%] [32mBuilding CXX object CMakeFiles/ros_robot_controller_msgs__rosidl_typesupport_c.dir/rosidl_typesupport_c/ros_robot_controller_msgs/msg/set_bus_servo_state__type_support.cpp.o[0m
[ 42%] [32mBuilding CXX object CMakeFiles/ros_robot_controller_msgs__rosidl_typesupport_c.dir/rosidl_typesupport_c/ros_robot_controller_msgs/msg/oled_state__type_support.cpp.o[0m
[ 43%] [32mBuilding C object CMakeFiles/ros_robot_controller_msgs__rosidl_typesupport_introspection_c.dir/rosidl_typesupport_introspection_c/ros_robot_controller_msgs/msg/detail/buzzer_state__type_support.c.o[0m
[ 43%] [32mBuilding CXX object CMakeFiles/ros_robot_controller_msgs__rosidl_typesupport_c.dir/rosidl_typesupport_c/ros_robot_controller_msgs/msg/rgb_states__type_support.cpp.o[0m
[ 43%] [32mBuilding C object CMakeFiles/ros_robot_controller_msgs__rosidl_typesupport_introspection_c.dir/rosidl_typesupport_introspection_c/ros_robot_controller_msgs/msg/detail/led_state__type_support.c.o[0m
[ 43%] [32mBuilding CXX object CMakeFiles/ros_robot_controller_msgs__rosidl_typesupport_cpp.dir/rosidl_typesupport_cpp/ros_robot_controller_msgs/msg/rgb_states__type_support.cpp.o[0m
[ 44%] [32mBuilding C object CMakeFiles/ros_robot_controller_msgs__rosidl_typesupport_introspection_c.dir/rosidl_typesupport_introspection_c/ros_robot_controller_msgs/msg/detail/motor_state__type_support.c.o[0m
[ 45%] [32mBuilding CXX object CMakeFiles/ros_robot_controller_msgs__rosidl_typesupport_c.dir/rosidl_typesupport_c/ros_robot_controller_msgs/msg/rgb_state__type_support.cpp.o[0m
[ 46%] [32mBuilding CXX object CMakeFiles/ros_robot_controller_msgs__rosidl_typesupport_cpp.dir/rosidl_typesupport_cpp/ros_robot_controller_msgs/msg/rgb_state__type_support.cpp.o[0m
[ 46%] [32mBuilding C object CMakeFiles/ros_robot_controller_msgs__rosidl_typesupport_introspection_c.dir/rosidl_typesupport_introspection_c/ros_robot_controller_msgs/msg/detail/motors_state__type_support.c.o[0m
[ 46%] [32mBuilding CXX object CMakeFiles/ros_robot_controller_msgs__rosidl_typesupport_fastrtps_c.dir/rosidl_typesupport_fastrtps_c/ros_robot_controller_msgs/msg/detail/bus_servo_state__type_support_c.cpp.o[0m
[ 48%] [32mBuilding C object CMakeFiles/ros_robot_controller_msgs__rosidl_typesupport_introspection_c.dir/rosidl_typesupport_introspection_c/ros_robot_controller_msgs/msg/detail/pwm_servo_state__type_support.c.o[0m
[ 48%] [32mBuilding CXX object CMakeFiles/ros_robot_controller_msgs__rosidl_typesupport_fastrtps_c.dir/rosidl_typesupport_fastrtps_c/ros_robot_controller_msgs/msg/detail/button_state__type_support_c.cpp.o[0m
[ 48%] [32mBuilding CXX object CMakeFiles/ros_robot_controller_msgs__rosidl_typesupport_c.dir/rosidl_typesupport_c/ros_robot_controller_msgs/msg/servo_position__type_support.cpp.o[0m
[ 48%] [32mBuilding C object CMakeFiles/ros_robot_controller_msgs__rosidl_typesupport_introspection_c.dir/rosidl_typesupport_introspection_c/ros_robot_controller_msgs/msg/detail/sbus__type_support.c.o[0m
[ 49%] [32mBuilding CXX object CMakeFiles/ros_robot_controller_msgs__rosidl_typesupport_c.dir/rosidl_typesupport_c/ros_robot_controller_msgs/msg/servos_position__type_support.cpp.o[0m
[ 49%] [32mBuilding CXX object CMakeFiles/ros_robot_controller_msgs__rosidl_typesupport_cpp.dir/rosidl_typesupport_cpp/ros_robot_controller_msgs/msg/servo_position__type_support.cpp.o[0m
[ 50%] [32mBuilding CXX object CMakeFiles/ros_robot_controller_msgs__rosidl_typesupport_introspection_cpp.dir/rosidl_typesupport_introspection_cpp/ros_robot_controller_msgs/msg/detail/bus_servo_state__type_support.cpp.o[0m
[ 50%] [32mBuilding CXX object CMakeFiles/ros_robot_controller_msgs__rosidl_typesupport_c.dir/rosidl_typesupport_c/ros_robot_controller_msgs/msg/set_pwm_servo_state__type_support.cpp.o[0m
[ 51%] [32mBuilding CXX object CMakeFiles/ros_robot_controller_msgs__rosidl_typesupport_c.dir/rosidl_typesupport_c/ros_robot_controller_msgs/msg/get_bus_servo_cmd__type_support.cpp.o[0m
[ 52%] [32mBuilding C object CMakeFiles/ros_robot_controller_msgs__rosidl_typesupport_introspection_c.dir/rosidl_typesupport_introspection_c/ros_robot_controller_msgs/msg/detail/oled_state__type_support.c.o[0m
[ 52%] [32mBuilding CXX object CMakeFiles/ros_robot_controller_msgs__rosidl_typesupport_fastrtps_cpp.dir/rosidl_typesupport_fastrtps_cpp/ros_robot_controller_msgs/msg/detail/dds_fastrtps/bus_servo_state__type_support.cpp.o[0m
[ 52%] [32mBuilding C object CMakeFiles/ros_robot_controller_msgs__rosidl_typesupport_introspection_c.dir/rosidl_typesupport_introspection_c/ros_robot_controller_msgs/msg/detail/set_bus_servo_state__type_support.c.o[0m
[ 52%] [32mBuilding CXX object CMakeFiles/ros_robot_controller_msgs__rosidl_typesupport_fastrtps_c.dir/rosidl_typesupport_fastrtps_c/ros_robot_controller_msgs/msg/detail/buzzer_state__type_support_c.cpp.o[0m
[ 52%] [32mBuilding CXX object CMakeFiles/ros_robot_controller_msgs__rosidl_typesupport_c.dir/rosidl_typesupport_c/ros_robot_controller_msgs/msg/get_pwm_servo_cmd__type_support.cpp.o[0m
[ 53%] [32mBuilding C object CMakeFiles/ros_robot_controller_msgs__rosidl_typesupport_introspection_c.dir/rosidl_typesupport_introspection_c/ros_robot_controller_msgs/msg/detail/rgb_states__type_support.c.o[0m
[ 54%] [32mBuilding CXX object CMakeFiles/ros_robot_controller_msgs__rosidl_typesupport_c.dir/rosidl_typesupport_c/ros_robot_controller_msgs/srv/get_bus_servo_state__type_support.cpp.o[0m
[ 54%] [32mBuilding C object CMakeFiles/ros_robot_controller_msgs__rosidl_typesupport_introspection_c.dir/rosidl_typesupport_introspection_c/ros_robot_controller_msgs/msg/detail/rgb_state__type_support.c.o[0m
[ 54%] [32mBuilding CXX object CMakeFiles/ros_robot_controller_msgs__rosidl_typesupport_c.dir/rosidl_typesupport_c/ros_robot_controller_msgs/srv/get_pwm_servo_state__type_support.cpp.o[0m
[ 55%] [32mBuilding C object CMakeFiles/ros_robot_controller_msgs__rosidl_typesupport_introspection_c.dir/rosidl_typesupport_introspection_c/ros_robot_controller_msgs/msg/detail/servo_position__type_support.c.o[0m
[ 56%] [32mBuilding CXX object CMakeFiles/ros_robot_controller_msgs__rosidl_typesupport_cpp.dir/rosidl_typesupport_cpp/ros_robot_controller_msgs/msg/servos_position__type_support.cpp.o[0m
[ 57%] [32m[1mLinking CXX shared library libros_robot_controller_msgs__rosidl_typesupport_c.so[0m
[ 57%] [32mBuilding C object CMakeFiles/ros_robot_controller_msgs__rosidl_typesupport_introspection_c.dir/rosidl_typesupport_introspection_c/ros_robot_controller_msgs/msg/detail/servos_position__type_support.c.o[0m
[ 57%] [32mBuilding CXX object CMakeFiles/ros_robot_controller_msgs__rosidl_typesupport_cpp.dir/rosidl_typesupport_cpp/ros_robot_controller_msgs/msg/set_pwm_servo_state__type_support.cpp.o[0m
[ 58%] [32mBuilding CXX object CMakeFiles/ros_robot_controller_msgs__rosidl_typesupport_cpp.dir/rosidl_typesupport_cpp/ros_robot_controller_msgs/msg/get_bus_servo_cmd__type_support.cpp.o[0m
[ 58%] Built target ros_robot_controller_msgs__rosidl_typesupport_c
[ 59%] [32mBuilding C object CMakeFiles/ros_robot_controller_msgs__rosidl_typesupport_introspection_c.dir/rosidl_typesupport_introspection_c/ros_robot_controller_msgs/msg/detail/set_pwm_servo_state__type_support.c.o[0m
[ 59%] [32mBuilding CXX object CMakeFiles/ros_robot_controller_msgs__rosidl_typesupport_cpp.dir/rosidl_typesupport_cpp/ros_robot_controller_msgs/msg/get_pwm_servo_cmd__type_support.cpp.o[0m
[ 59%] [32mBuilding CXX object CMakeFiles/ros_robot_controller_msgs__rosidl_typesupport_introspection_cpp.dir/rosidl_typesupport_introspection_cpp/ros_robot_controller_msgs/msg/detail/button_state__type_support.cpp.o[0m
[ 59%] [32mBuilding C object CMakeFiles/ros_robot_controller_msgs__rosidl_typesupport_introspection_c.dir/rosidl_typesupport_introspection_c/ros_robot_controller_msgs/msg/detail/get_bus_servo_cmd__type_support.c.o[0m
[ 60%] [32mBuilding CXX object CMakeFiles/ros_robot_controller_msgs__rosidl_typesupport_cpp.dir/rosidl_typesupport_cpp/ros_robot_controller_msgs/srv/get_bus_servo_state__type_support.cpp.o[0m
[ 60%] [32mBuilding CXX object CMakeFiles/ros_robot_controller_msgs__rosidl_typesupport_cpp.dir/rosidl_typesupport_cpp/ros_robot_controller_msgs/srv/get_pwm_servo_state__type_support.cpp.o[0m
[ 60%] [32mBuilding C object CMakeFiles/ros_robot_controller_msgs__rosidl_typesupport_introspection_c.dir/rosidl_typesupport_introspection_c/ros_robot_controller_msgs/msg/detail/get_pwm_servo_cmd__type_support.c.o[0m
[ 61%] [32mBuilding C object CMakeFiles/ros_robot_controller_msgs__rosidl_typesupport_introspection_c.dir/rosidl_typesupport_introspection_c/ros_robot_controller_msgs/srv/detail/get_bus_servo_state__type_support.c.o[0m
[ 62%] [32mBuilding CXX object CMakeFiles/ros_robot_controller_msgs__rosidl_typesupport_fastrtps_c.dir/rosidl_typesupport_fastrtps_c/ros_robot_controller_msgs/msg/detail/led_state__type_support_c.cpp.o[0m
[ 63%] [32mBuilding CXX object CMakeFiles/ros_robot_controller_msgs__rosidl_typesupport_fastrtps_cpp.dir/rosidl_typesupport_fastrtps_cpp/ros_robot_controller_msgs/msg/detail/dds_fastrtps/button_state__type_support.cpp.o[0m
[ 64%] [32mBuilding CXX object CMakeFiles/ros_robot_controller_msgs__rosidl_typesupport_introspection_cpp.dir/rosidl_typesupport_introspection_cpp/ros_robot_controller_msgs/msg/detail/buzzer_state__type_support.cpp.o[0m
[ 64%] [32mBuilding C object CMakeFiles/ros_robot_controller_msgs__rosidl_typesupport_introspection_c.dir/rosidl_typesupport_introspection_c/ros_robot_controller_msgs/srv/detail/get_pwm_servo_state__type_support.c.o[0m
[ 64%] [32mBuilding CXX object CMakeFiles/ros_robot_controller_msgs__rosidl_typesupport_fastrtps_c.dir/rosidl_typesupport_fastrtps_c/ros_robot_controller_msgs/msg/detail/motor_state__type_support_c.cpp.o[0m
[ 65%] [32m[1mLinking C shared library libros_robot_controller_msgs__rosidl_typesupport_introspection_c.so[0m
[ 65%] [32mBuilding CXX object CMakeFiles/ros_robot_controller_msgs__rosidl_typesupport_introspection_cpp.dir/rosidl_typesupport_introspection_cpp/ros_robot_controller_msgs/msg/detail/led_state__type_support.cpp.o[0m
[ 66%] [32mBuilding CXX object CMakeFiles/ros_robot_controller_msgs__rosidl_typesupport_fastrtps_c.dir/rosidl_typesupport_fastrtps_c/ros_robot_controller_msgs/msg/detail/motors_state__type_support_c.cpp.o[0m
[ 66%] Built target ros_robot_controller_msgs__rosidl_typesupport_introspection_c
[ 66%] [32mBuilding CXX object CMakeFiles/ros_robot_controller_msgs__rosidl_typesupport_fastrtps_c.dir/rosidl_typesupport_fastrtps_c/ros_robot_controller_msgs/msg/detail/pwm_servo_state__type_support_c.cpp.o[0m
[ 67%] [32mBuilding CXX object CMakeFiles/ros_robot_controller_msgs__rosidl_typesupport_fastrtps_c.dir/rosidl_typesupport_fastrtps_c/ros_robot_controller_msgs/msg/detail/sbus__type_support_c.cpp.o[0m
[ 67%] [32mBuilding CXX object CMakeFiles/ros_robot_controller_msgs__rosidl_typesupport_fastrtps_cpp.dir/rosidl_typesupport_fastrtps_cpp/ros_robot_controller_msgs/msg/detail/dds_fastrtps/buzzer_state__type_support.cpp.o[0m
[ 68%] [32mBuilding CXX object CMakeFiles/ros_robot_controller_msgs__rosidl_typesupport_fastrtps_cpp.dir/rosidl_typesupport_fastrtps_cpp/ros_robot_controller_msgs/msg/detail/dds_fastrtps/led_state__type_support.cpp.o[0m
[ 68%] [32mBuilding CXX object CMakeFiles/ros_robot_controller_msgs__rosidl_typesupport_fastrtps_c.dir/rosidl_typesupport_fastrtps_c/ros_robot_controller_msgs/msg/detail/oled_state__type_support_c.cpp.o[0m
[ 69%] [32mBuilding CXX object CMakeFiles/ros_robot_controller_msgs__rosidl_typesupport_introspection_cpp.dir/rosidl_typesupport_introspection_cpp/ros_robot_controller_msgs/msg/detail/motor_state__type_support.cpp.o[0m
[ 69%] [32mBuilding CXX object CMakeFiles/ros_robot_controller_msgs__rosidl_typesupport_fastrtps_cpp.dir/rosidl_typesupport_fastrtps_cpp/ros_robot_controller_msgs/msg/detail/dds_fastrtps/motor_state__type_support.cpp.o[0m
[ 69%] [32mBuilding CXX object CMakeFiles/ros_robot_controller_msgs__rosidl_typesupport_introspection_cpp.dir/rosidl_typesupport_introspection_cpp/ros_robot_controller_msgs/msg/detail/motors_state__type_support.cpp.o[0m
[ 69%] [32m[1mLinking CXX shared library libros_robot_controller_msgs__rosidl_typesupport_cpp.so[0m
[ 70%] [32mBuilding CXX object CMakeFiles/ros_robot_controller_msgs__rosidl_typesupport_fastrtps_cpp.dir/rosidl_typesupport_fastrtps_cpp/ros_robot_controller_msgs/msg/detail/dds_fastrtps/motors_state__type_support.cpp.o[0m
[ 70%] Built target ros_robot_controller_msgs__rosidl_typesupport_cpp
[ 71%] [32mBuilding CXX object CMakeFiles/ros_robot_controller_msgs__rosidl_typesupport_introspection_cpp.dir/rosidl_typesupport_introspection_cpp/ros_robot_controller_msgs/msg/detail/pwm_servo_state__type_support.cpp.o[0m
[ 71%] [32mBuilding CXX object CMakeFiles/ros_robot_controller_msgs__rosidl_typesupport_fastrtps_cpp.dir/rosidl_typesupport_fastrtps_cpp/ros_robot_controller_msgs/msg/detail/dds_fastrtps/pwm_servo_state__type_support.cpp.o[0m
[ 72%] [32mBuilding CXX object CMakeFiles/ros_robot_controller_msgs__rosidl_typesupport_fastrtps_c.dir/rosidl_typesupport_fastrtps_c/ros_robot_controller_msgs/msg/detail/set_bus_servo_state__type_support_c.cpp.o[0m
[ 72%] [32mBuilding CXX object CMakeFiles/ros_robot_controller_msgs__rosidl_typesupport_introspection_cpp.dir/rosidl_typesupport_introspection_cpp/ros_robot_controller_msgs/msg/detail/sbus__type_support.cpp.o[0m
[ 72%] [32mBuilding CXX object CMakeFiles/ros_robot_controller_msgs__rosidl_typesupport_fastrtps_cpp.dir/rosidl_typesupport_fastrtps_cpp/ros_robot_controller_msgs/msg/detail/dds_fastrtps/sbus__type_support.cpp.o[0m
[ 72%] [32mBuilding CXX object CMakeFiles/ros_robot_controller_msgs__rosidl_typesupport_fastrtps_c.dir/rosidl_typesupport_fastrtps_c/ros_robot_controller_msgs/msg/detail/rgb_states__type_support_c.cpp.o[0m
[ 73%] [32mBuilding CXX object CMakeFiles/ros_robot_controller_msgs__rosidl_typesupport_introspection_cpp.dir/rosidl_typesupport_introspection_cpp/ros_robot_controller_msgs/msg/detail/oled_state__type_support.cpp.o[0m
[ 74%] [32mBuilding CXX object CMakeFiles/ros_robot_controller_msgs__rosidl_typesupport_fastrtps_cpp.dir/rosidl_typesupport_fastrtps_cpp/ros_robot_controller_msgs/msg/detail/dds_fastrtps/oled_state__type_support.cpp.o[0m
[ 74%] [32mBuilding CXX object CMakeFiles/ros_robot_controller_msgs__rosidl_typesupport_introspection_cpp.dir/rosidl_typesupport_introspection_cpp/ros_robot_controller_msgs/msg/detail/set_bus_servo_state__type_support.cpp.o[0m
[ 74%] [32mBuilding CXX object CMakeFiles/ros_robot_controller_msgs__rosidl_typesupport_introspection_cpp.dir/rosidl_typesupport_introspection_cpp/ros_robot_controller_msgs/msg/detail/rgb_states__type_support.cpp.o[0m
[ 75%] [32mBuilding CXX object CMakeFiles/ros_robot_controller_msgs__rosidl_typesupport_fastrtps_c.dir/rosidl_typesupport_fastrtps_c/ros_robot_controller_msgs/msg/detail/rgb_state__type_support_c.cpp.o[0m
[ 75%] [32mBuilding CXX object CMakeFiles/ros_robot_controller_msgs__rosidl_typesupport_fastrtps_cpp.dir/rosidl_typesupport_fastrtps_cpp/ros_robot_controller_msgs/msg/detail/dds_fastrtps/set_bus_servo_state__type_support.cpp.o[0m
[ 76%] [32mBuilding CXX object CMakeFiles/ros_robot_controller_msgs__rosidl_typesupport_introspection_cpp.dir/rosidl_typesupport_introspection_cpp/ros_robot_controller_msgs/msg/detail/rgb_state__type_support.cpp.o[0m
[ 77%] [32mBuilding CXX object CMakeFiles/ros_robot_controller_msgs__rosidl_typesupport_fastrtps_cpp.dir/rosidl_typesupport_fastrtps_cpp/ros_robot_controller_msgs/msg/detail/dds_fastrtps/rgb_states__type_support.cpp.o[0m
[ 77%] [32mBuilding CXX object CMakeFiles/ros_robot_controller_msgs__rosidl_typesupport_fastrtps_c.dir/rosidl_typesupport_fastrtps_c/ros_robot_controller_msgs/msg/detail/servo_position__type_support_c.cpp.o[0m
[ 77%] [32mBuilding CXX object CMakeFiles/ros_robot_controller_msgs__rosidl_typesupport_fastrtps_c.dir/rosidl_typesupport_fastrtps_c/ros_robot_controller_msgs/msg/detail/servos_position__type_support_c.cpp.o[0m
[ 78%] [32mBuilding CXX object CMakeFiles/ros_robot_controller_msgs__rosidl_typesupport_fastrtps_c.dir/rosidl_typesupport_fastrtps_c/ros_robot_controller_msgs/msg/detail/set_pwm_servo_state__type_support_c.cpp.o[0m
[ 78%] [32mBuilding CXX object CMakeFiles/ros_robot_controller_msgs__rosidl_typesupport_introspection_cpp.dir/rosidl_typesupport_introspection_cpp/ros_robot_controller_msgs/msg/detail/servo_position__type_support.cpp.o[0m
[ 78%] [32mBuilding CXX object CMakeFiles/ros_robot_controller_msgs__rosidl_typesupport_fastrtps_c.dir/rosidl_typesupport_fastrtps_c/ros_robot_controller_msgs/msg/detail/get_bus_servo_cmd__type_support_c.cpp.o[0m
[ 78%] [32mBuilding CXX object CMakeFiles/ros_robot_controller_msgs__rosidl_typesupport_fastrtps_cpp.dir/rosidl_typesupport_fastrtps_cpp/ros_robot_controller_msgs/msg/detail/dds_fastrtps/rgb_state__type_support.cpp.o[0m
[ 79%] [32mBuilding CXX object CMakeFiles/ros_robot_controller_msgs__rosidl_typesupport_fastrtps_c.dir/rosidl_typesupport_fastrtps_c/ros_robot_controller_msgs/msg/detail/get_pwm_servo_cmd__type_support_c.cpp.o[0m
[ 80%] [32mBuilding CXX object CMakeFiles/ros_robot_controller_msgs__rosidl_typesupport_introspection_cpp.dir/rosidl_typesupport_introspection_cpp/ros_robot_controller_msgs/msg/detail/servos_position__type_support.cpp.o[0m
[ 80%] [32mBuilding CXX object CMakeFiles/ros_robot_controller_msgs__rosidl_typesupport_fastrtps_c.dir/rosidl_typesupport_fastrtps_c/ros_robot_controller_msgs/srv/detail/get_bus_servo_state__type_support_c.cpp.o[0m
[ 80%] [32mBuilding CXX object CMakeFiles/ros_robot_controller_msgs__rosidl_typesupport_introspection_cpp.dir/rosidl_typesupport_introspection_cpp/ros_robot_controller_msgs/msg/detail/set_pwm_servo_state__type_support.cpp.o[0m
[ 81%] [32mBuilding CXX object CMakeFiles/ros_robot_controller_msgs__rosidl_typesupport_introspection_cpp.dir/rosidl_typesupport_introspection_cpp/ros_robot_controller_msgs/msg/detail/get_bus_servo_cmd__type_support.cpp.o[0m
[ 81%] [32mBuilding CXX object CMakeFiles/ros_robot_controller_msgs__rosidl_typesupport_introspection_cpp.dir/rosidl_typesupport_introspection_cpp/ros_robot_controller_msgs/msg/detail/get_pwm_servo_cmd__type_support.cpp.o[0m
[ 82%] [32mBuilding CXX object CMakeFiles/ros_robot_controller_msgs__rosidl_typesupport_fastrtps_cpp.dir/rosidl_typesupport_fastrtps_cpp/ros_robot_controller_msgs/msg/detail/dds_fastrtps/servo_position__type_support.cpp.o[0m
[ 83%] [32mBuilding CXX object CMakeFiles/ros_robot_controller_msgs__rosidl_typesupport_fastrtps_c.dir/rosidl_typesupport_fastrtps_c/ros_robot_controller_msgs/srv/detail/get_pwm_servo_state__type_support_c.cpp.o[0m
[ 83%] [32mBuilding CXX object CMakeFiles/ros_robot_controller_msgs__rosidl_typesupport_fastrtps_cpp.dir/rosidl_typesupport_fastrtps_cpp/ros_robot_controller_msgs/msg/detail/dds_fastrtps/servos_position__type_support.cpp.o[0m
[ 84%] [32mBuilding CXX object CMakeFiles/ros_robot_controller_msgs__rosidl_typesupport_introspection_cpp.dir/rosidl_typesupport_introspection_cpp/ros_robot_controller_msgs/srv/detail/get_bus_servo_state__type_support.cpp.o[0m
[ 85%] [32mBuilding CXX object CMakeFiles/ros_robot_controller_msgs__rosidl_typesupport_fastrtps_cpp.dir/rosidl_typesupport_fastrtps_cpp/ros_robot_controller_msgs/msg/detail/dds_fastrtps/set_pwm_servo_state__type_support.cpp.o[0m
[ 85%] [32mBuilding CXX object CMakeFiles/ros_robot_controller_msgs__rosidl_typesupport_introspection_cpp.dir/rosidl_typesupport_introspection_cpp/ros_robot_controller_msgs/srv/detail/get_pwm_servo_state__type_support.cpp.o[0m
[ 85%] [32mBuilding CXX object CMakeFiles/ros_robot_controller_msgs__rosidl_typesupport_fastrtps_cpp.dir/rosidl_typesupport_fastrtps_cpp/ros_robot_controller_msgs/msg/detail/dds_fastrtps/get_bus_servo_cmd__type_support.cpp.o[0m
[ 86%] [32mBuilding CXX object CMakeFiles/ros_robot_controller_msgs__rosidl_typesupport_fastrtps_cpp.dir/rosidl_typesupport_fastrtps_cpp/ros_robot_controller_msgs/msg/detail/dds_fastrtps/get_pwm_servo_cmd__type_support.cpp.o[0m
[ 86%] [32mBuilding CXX object CMakeFiles/ros_robot_controller_msgs__rosidl_typesupport_fastrtps_cpp.dir/rosidl_typesupport_fastrtps_cpp/ros_robot_controller_msgs/srv/detail/dds_fastrtps/get_bus_servo_state__type_support.cpp.o[0m
[ 87%] [32mBuilding CXX object CMakeFiles/ros_robot_controller_msgs__rosidl_typesupport_fastrtps_cpp.dir/rosidl_typesupport_fastrtps_cpp/ros_robot_controller_msgs/srv/detail/dds_fastrtps/get_pwm_servo_state__type_support.cpp.o[0m
[ 87%] [32m[1mLinking CXX shared library libros_robot_controller_msgs__rosidl_typesupport_fastrtps_c.so[0m
[ 87%] Built target ros_robot_controller_msgs__rosidl_typesupport_fastrtps_c
[ 88%] [32m[1mLinking CXX shared library libros_robot_controller_msgs__rosidl_typesupport_introspection_cpp.so[0m
[ 88%] [32m[1mLinking CXX shared library libros_robot_controller_msgs__rosidl_typesupport_fastrtps_cpp.so[0m
[ 88%] Built target ros_robot_controller_msgs__rosidl_typesupport_introspection_cpp
[ 88%] Built target ros_robot_controller_msgs__rosidl_typesupport_fastrtps_cpp
[ 88%] Built target ros_robot_controller_msgs
[ 88%] [34m[1mGenerating Python code for ROS interfaces[0m
[ 88%] Built target ros_robot_controller_msgs__py
[ 88%] [32mBuilding C object CMakeFiles/ros_robot_controller_msgs__rosidl_generator_py.dir/rosidl_generator_py/ros_robot_controller_msgs/msg/_bus_servo_state_s.c.o[0m
[ 88%] [32mBuilding C object CMakeFiles/ros_robot_controller_msgs__rosidl_generator_py.dir/rosidl_generator_py/ros_robot_controller_msgs/msg/_motor_state_s.c.o[0m
[ 89%] [32mBuilding C object CMakeFiles/ros_robot_controller_msgs__rosidl_generator_py.dir/rosidl_generator_py/ros_robot_controller_msgs/msg/_button_state_s.c.o[0m
[ 90%] [32mBuilding C object CMakeFiles/ros_robot_controller_msgs__rosidl_generator_py.dir/rosidl_generator_py/ros_robot_controller_msgs/msg/_led_state_s.c.o[0m
[ 91%] [32mBuilding C object CMakeFiles/ros_robot_controller_msgs__rosidl_generator_py.dir/rosidl_generator_py/ros_robot_controller_msgs/msg/_motors_state_s.c.o[0m
[ 91%] [32mBuilding C object CMakeFiles/ros_robot_controller_msgs__rosidl_generator_py.dir/rosidl_generator_py/ros_robot_controller_msgs/msg/_oled_state_s.c.o[0m
[ 89%] [32mBuilding C object CMakeFiles/ros_robot_controller_msgs__rosidl_generator_py.dir/rosidl_generator_py/ros_robot_controller_msgs/msg/_pwm_servo_state_s.c.o[0m
[ 88%] [32mBuilding C object CMakeFiles/ros_robot_controller_msgs__rosidl_generator_py.dir/rosidl_generator_py/ros_robot_controller_msgs/msg/_buzzer_state_s.c.o[0m
[ 92%] [32mBuilding C object CMakeFiles/ros_robot_controller_msgs__rosidl_generator_py.dir/rosidl_generator_py/ros_robot_controller_msgs/msg/_sbus_s.c.o[0m
[ 93%] [32mBuilding C object CMakeFiles/ros_robot_controller_msgs__rosidl_generator_py.dir/rosidl_generator_py/ros_robot_controller_msgs/msg/_set_bus_servo_state_s.c.o[0m
[ 96%] [32mBuilding C object CMakeFiles/ros_robot_controller_msgs__rosidl_generator_py.dir/rosidl_generator_py/ros_robot_controller_msgs/msg/_servos_position_s.c.o[0m
[ 96%] [32mBuilding C object CMakeFiles/ros_robot_controller_msgs__rosidl_generator_py.dir/rosidl_generator_py/ros_robot_controller_msgs/msg/_rgb_state_s.c.o[0m
[ 96%] [32mBuilding C object CMakeFiles/ros_robot_controller_msgs__rosidl_generator_py.dir/rosidl_generator_py/ros_robot_controller_msgs/msg/_rgb_states_s.c.o[0m
[ 96%] [32mBuilding C object CMakeFiles/ros_robot_controller_msgs__rosidl_generator_py.dir/rosidl_generator_py/ros_robot_controller_msgs/msg/_servo_position_s.c.o[0m
[ 96%] [32mBuilding C object CMakeFiles/ros_robot_controller_msgs__rosidl_generator_py.dir/rosidl_generator_py/ros_robot_controller_msgs/msg/_set_pwm_servo_state_s.c.o[0m
[ 96%] [32mBuilding C object CMakeFiles/ros_robot_controller_msgs__rosidl_generator_py.dir/rosidl_generator_py/ros_robot_controller_msgs/msg/_get_bus_servo_cmd_s.c.o[0m
[ 96%] [32mBuilding C object CMakeFiles/ros_robot_controller_msgs__rosidl_generator_py.dir/rosidl_generator_py/ros_robot_controller_msgs/msg/_get_pwm_servo_cmd_s.c.o[0m
[ 97%] [32mBuilding C object CMakeFiles/ros_robot_controller_msgs__rosidl_generator_py.dir/rosidl_generator_py/ros_robot_controller_msgs/srv/_get_pwm_servo_state_s.c.o[0m
[ 97%] [32mBuilding C object CMakeFiles/ros_robot_controller_msgs__rosidl_generator_py.dir/rosidl_generator_py/ros_robot_controller_msgs/srv/_get_bus_servo_state_s.c.o[0m
[ 97%] [32m[1mLinking C shared library libros_robot_controller_msgs__rosidl_generator_py.so[0m
[ 97%] Built target ros_robot_controller_msgs__rosidl_generator_py
[ 97%] [32mBuilding C object CMakeFiles/ros_robot_controller_msgs_s__rosidl_typesupport_fastrtps_c.dir/rosidl_generator_py/ros_robot_controller_msgs/_ros_robot_controller_msgs_s.ep.rosidl_typesupport_fastrtps_c.c.o[0m
[ 97%] [32mBuilding C object CMakeFiles/ros_robot_controller_msgs_s__rosidl_typesupport_c.dir/rosidl_generator_py/ros_robot_controller_msgs/_ros_robot_controller_msgs_s.ep.rosidl_typesupport_c.c.o[0m
[ 97%] [32mBuilding C object CMakeFiles/ros_robot_controller_msgs_s__rosidl_typesupport_introspection_c.dir/rosidl_generator_py/ros_robot_controller_msgs/_ros_robot_controller_msgs_s.ep.rosidl_typesupport_introspection_c.c.o[0m
[ 99%] [32m[1mLinking C shared module rosidl_generator_py/ros_robot_controller_msgs/ros_robot_controller_msgs_s__rosidl_typesupport_c.so[0m
[ 99%] [32m[1mLinking C shared module rosidl_generator_py/ros_robot_controller_msgs/ros_robot_controller_msgs_s__rosidl_typesupport_introspection_c.so[0m
[100%] [32m[1mLinking C shared module rosidl_generator_py/ros_robot_controller_msgs/ros_robot_controller_msgs_s__rosidl_typesupport_fastrtps_c.so[0m
[100%] Built target ros_robot_controller_msgs_s__rosidl_typesupport_introspection_c
[100%] Built target ros_robot_controller_msgs_s__rosidl_typesupport_fastrtps_c
[100%] Built target ros_robot_controller_msgs_s__rosidl_typesupport_c
-- Install configuration: ""
-- Execute custom install script
-- Symlinking: /home/intel/repo/d021rs-yolov5-ros2-subscription-node-limitationuk/install/ros_robot_controller_msgs/share/ament_index/resource_index/rosidl_interfaces/ros_robot_controller_msgs
-- Symlinking: /home/intel/repo/d021rs-yolov5-ros2-subscription-node-limitationuk/install/ros_robot_controller_msgs/share/ros_robot_controller_msgs/msg/BusServoState.json
-- Symlinking: /home/intel/repo/d021rs-yolov5-ros2-subscription-node-limitationuk/install/ros_robot_controller_msgs/share/ros_robot_controller_msgs/msg/ButtonState.json
-- Symlinking: /home/intel/repo/d021rs-yolov5-ros2-subscription-node-limitationuk/install/ros_robot_controller_msgs/share/ros_robot_controller_msgs/msg/BuzzerState.json
-- Symlinking: /home/intel/repo/d021rs-yolov5-ros2-subscription-node-limitationuk/install/ros_robot_controller_msgs/share/ros_robot_controller_msgs/msg/LedState.json
-- Symlinking: /home/intel/repo/d021rs-yolov5-ros2-subscription-node-limitationuk/install/ros_robot_controller_msgs/share/ros_robot_controller_msgs/msg/MotorState.json
-- Symlinking: /home/intel/repo/d021rs-yolov5-ros2-subscription-node-limitationuk/install/ros_robot_controller_msgs/share/ros_robot_controller_msgs/msg/MotorsState.json
-- Symlinking: /home/intel/repo/d021rs-yolov5-ros2-subscription-node-limitationuk/install/ros_robot_controller_msgs/share/ros_robot_controller_msgs/msg/PWMServoState.json
-- Symlinking: /home/intel/repo/d021rs-yolov5-ros2-subscription-node-limitationuk/install/ros_robot_controller_msgs/share/ros_robot_controller_msgs/msg/Sbus.json
-- Symlinking: /home/intel/repo/d021rs-yolov5-ros2-subscription-node-limitationuk/install/ros_robot_controller_msgs/share/ros_robot_controller_msgs/msg/OLEDState.json
-- Symlinking: /home/intel/repo/d021rs-yolov5-ros2-subscription-node-limitationuk/install/ros_robot_controller_msgs/share/ros_robot_controller_msgs/msg/SetBusServoState.json
-- Symlinking: /home/intel/repo/d021rs-yolov5-ros2-subscription-node-limitationuk/install/ros_robot_controller_msgs/share/ros_robot_controller_msgs/msg/RGBStates.json
-- Symlinking: /home/intel/repo/d021rs-yolov5-ros2-subscription-node-limitationuk/install/ros_robot_controller_msgs/share/ros_robot_controller_msgs/msg/RGBState.json
-- Symlinking: /home/intel/repo/d021rs-yolov5-ros2-subscription-node-limitationuk/install/ros_robot_controller_msgs/share/ros_robot_controller_msgs/msg/ServoPosition.json
-- Symlinking: /home/intel/repo/d021rs-yolov5-ros2-subscription-node-limitationuk/install/ros_robot_controller_msgs/share/ros_robot_controller_msgs/msg/ServosPosition.json
-- Symlinking: /home/intel/repo/d021rs-yolov5-ros2-subscription-node-limitationuk/install/ros_robot_controller_msgs/share/ros_robot_controller_msgs/msg/SetPWMServoState.json
-- Symlinking: /home/intel/repo/d021rs-yolov5-ros2-subscription-node-limitationuk/install/ros_robot_controller_msgs/share/ros_robot_controller_msgs/msg/GetBusServoCmd.json
-- Symlinking: /home/intel/repo/d021rs-yolov5-ros2-subscription-node-limitationuk/install/ros_robot_controller_msgs/share/ros_robot_controller_msgs/msg/GetPWMServoCmd.json
-- Symlinking: /home/intel/repo/d021rs-yolov5-ros2-subscription-node-limitationuk/install/ros_robot_controller_msgs/share/ros_robot_controller_msgs/srv/GetBusServoState.json
-- Symlinking: /home/intel/repo/d021rs-yolov5-ros2-subscription-node-limitationuk/install/ros_robot_controller_msgs/share/ros_robot_controller_msgs/srv/GetPWMServoState.json
-- Symlinking: /home/intel/repo/d021rs-yolov5-ros2-subscription-node-limitationuk/install/ros_robot_controller_msgs/include/ros_robot_controller_msgs/ros_robot_controller_msgs/msg/bus_servo_state.h
-- Symlinking: /home/intel/repo/d021rs-yolov5-ros2-subscription-node-limitationuk/install/ros_robot_controller_msgs/include/ros_robot_controller_msgs/ros_robot_controller_msgs/msg/button_state.h
-- Symlinking: /home/intel/repo/d021rs-yolov5-ros2-subscription-node-limitationuk/install/ros_robot_controller_msgs/include/ros_robot_controller_msgs/ros_robot_controller_msgs/msg/buzzer_state.h
-- Symlinking: /home/intel/repo/d021rs-yolov5-ros2-subscription-node-limitationuk/install/ros_robot_controller_msgs/include/ros_robot_controller_msgs/ros_robot_controller_msgs/msg/detail/bus_servo_state__functions.h
-- Symlinking: /home/intel/repo/d021rs-yolov5-ros2-subscription-node-limitationuk/install/ros_robot_controller_msgs/include/ros_robot_controller_msgs/ros_robot_controller_msgs/msg/detail/bus_servo_state__struct.h
-- Symlinking: /home/intel/repo/d021rs-yolov5-ros2-subscription-node-limitationuk/install/ros_robot_controller_msgs/include/ros_robot_controller_msgs/ros_robot_controller_msgs/msg/detail/bus_servo_state__type_support.h
-- Symlinking: /home/intel/repo/d021rs-yolov5-ros2-subscription-node-limitationuk/install/ros_robot_controller_msgs/include/ros_robot_controller_msgs/ros_robot_controller_msgs/msg/detail/button_state__functions.h
-- Symlinking: /home/intel/repo/d021rs-yolov5-ros2-subscription-node-limitationuk/install/ros_robot_controller_msgs/include/ros_robot_controller_msgs/ros_robot_controller_msgs/msg/detail/button_state__struct.h
-- Symlinking: /home/intel/repo/d021rs-yolov5-ros2-subscription-node-limitationuk/install/ros_robot_controller_msgs/include/ros_robot_controller_msgs/ros_robot_controller_msgs/msg/detail/button_state__type_support.h
-- Symlinking: /home/intel/repo/d021rs-yolov5-ros2-subscription-node-limitationuk/install/ros_robot_controller_msgs/include/ros_robot_controller_msgs/ros_robot_controller_msgs/msg/detail/buzzer_state__functions.h
-- Symlinking: /home/intel/repo/d021rs-yolov5-ros2-subscription-node-limitationuk/install/ros_robot_controller_msgs/include/ros_robot_controller_msgs/ros_robot_controller_msgs/msg/detail/buzzer_state__struct.h
-- Symlinking: /home/intel/repo/d021rs-yolov5-ros2-subscription-node-limitationuk/install/ros_robot_controller_msgs/include/ros_robot_controller_msgs/ros_robot_controller_msgs/msg/detail/buzzer_state__type_support.h
-- Symlinking: /home/intel/repo/d021rs-yolov5-ros2-subscription-node-limitationuk/install/ros_robot_controller_msgs/include/ros_robot_controller_msgs/ros_robot_controller_msgs/msg/detail/get_bus_servo_cmd__functions.h
-- Symlinking: /home/intel/repo/d021rs-yolov5-ros2-subscription-node-limitationuk/install/ros_robot_controller_msgs/include/ros_robot_controller_msgs/ros_robot_controller_msgs/msg/detail/get_bus_servo_cmd__struct.h
-- Symlinking: /home/intel/repo/d021rs-yolov5-ros2-subscription-node-limitationuk/install/ros_robot_controller_msgs/include/ros_robot_controller_msgs/ros_robot_controller_msgs/msg/detail/get_bus_servo_cmd__type_support.h
-- Symlinking: /home/intel/repo/d021rs-yolov5-ros2-subscription-node-limitationuk/install/ros_robot_controller_msgs/include/ros_robot_controller_msgs/ros_robot_controller_msgs/msg/detail/get_pwm_servo_cmd__functions.h
-- Symlinking: /home/intel/repo/d021rs-yolov5-ros2-subscription-node-limitationuk/install/ros_robot_controller_msgs/include/ros_robot_controller_msgs/ros_robot_controller_msgs/msg/detail/get_pwm_servo_cmd__struct.h
-- Symlinking: /home/intel/repo/d021rs-yolov5-ros2-subscription-node-limitationuk/install/ros_robot_controller_msgs/include/ros_robot_controller_msgs/ros_robot_controller_msgs/msg/detail/get_pwm_servo_cmd__type_support.h
-- Symlinking: /home/intel/repo/d021rs-yolov5-ros2-subscription-node-limitationuk/install/ros_robot_controller_msgs/include/ros_robot_controller_msgs/ros_robot_controller_msgs/msg/detail/led_state__functions.h
-- Symlinking: /home/intel/repo/d021rs-yolov5-ros2-subscription-node-limitationuk/install/ros_robot_controller_msgs/include/ros_robot_controller_msgs/ros_robot_controller_msgs/msg/detail/led_state__struct.h
-- Symlinking: /home/intel/repo/d021rs-yolov5-ros2-subscription-node-limitationuk/install/ros_robot_controller_msgs/include/ros_robot_controller_msgs/ros_robot_controller_msgs/msg/detail/led_state__type_support.h
-- Symlinking: /home/intel/repo/d021rs-yolov5-ros2-subscription-node-limitationuk/install/ros_robot_controller_msgs/include/ros_robot_controller_msgs/ros_robot_controller_msgs/msg/detail/motor_state__functions.h
-- Symlinking: /home/intel/repo/d021rs-yolov5-ros2-subscription-node-limitationuk/install/ros_robot_controller_msgs/include/ros_robot_controller_msgs/ros_robot_controller_msgs/msg/detail/motor_state__struct.h
-- Symlinking: /home/intel/repo/d021rs-yolov5-ros2-subscription-node-limitationuk/install/ros_robot_controller_msgs/include/ros_robot_controller_msgs/ros_robot_controller_msgs/msg/detail/motor_state__type_support.h
-- Symlinking: /home/intel/repo/d021rs-yolov5-ros2-subscription-node-limitationuk/install/ros_robot_controller_msgs/include/ros_robot_controller_msgs/ros_robot_controller_msgs/msg/detail/motors_state__functions.h
-- Symlinking: /home/intel/repo/d021rs-yolov5-ros2-subscription-node-limitationuk/install/ros_robot_controller_msgs/include/ros_robot_controller_msgs/ros_robot_controller_msgs/msg/detail/motors_state__struct.h
-- Symlinking: /home/intel/repo/d021rs-yolov5-ros2-subscription-node-limitationuk/install/ros_robot_controller_msgs/include/ros_robot_controller_msgs/ros_robot_controller_msgs/msg/detail/motors_state__type_support.h
-- Symlinking: /home/intel/repo/d021rs-yolov5-ros2-subscription-node-limitationuk/install/ros_robot_controller_msgs/include/ros_robot_controller_msgs/ros_robot_controller_msgs/msg/detail/oled_state__functions.h
-- Symlinking: /home/intel/repo/d021rs-yolov5-ros2-subscription-node-limitationuk/install/ros_robot_controller_msgs/include/ros_robot_controller_msgs/ros_robot_controller_msgs/msg/detail/oled_state__struct.h
-- Symlinking: /home/intel/repo/d021rs-yolov5-ros2-subscription-node-limitationuk/install/ros_robot_controller_msgs/include/ros_robot_controller_msgs/ros_robot_controller_msgs/msg/detail/oled_state__type_support.h
-- Symlinking: /home/intel/repo/d021rs-yolov5-ros2-subscription-node-limitationuk/install/ros_robot_controller_msgs/include/ros_robot_controller_msgs/ros_robot_controller_msgs/msg/detail/pwm_servo_state__functions.h
-- Symlinking: /home/intel/repo/d021rs-yolov5-ros2-subscription-node-limitationuk/install/ros_robot_controller_msgs/include/ros_robot_controller_msgs/ros_robot_controller_msgs/msg/detail/pwm_servo_state__struct.h
-- Symlinking: /home/intel/repo/d021rs-yolov5-ros2-subscription-node-limitationuk/install/ros_robot_controller_msgs/include/ros_robot_controller_msgs/ros_robot_controller_msgs/msg/detail/pwm_servo_state__type_support.h
-- Symlinking: /home/intel/repo/d021rs-yolov5-ros2-subscription-node-limitationuk/install/ros_robot_controller_msgs/include/ros_robot_controller_msgs/ros_robot_controller_msgs/msg/detail/rgb_state__functions.h
-- Symlinking: /home/intel/repo/d021rs-yolov5-ros2-subscription-node-limitationuk/install/ros_robot_controller_msgs/include/ros_robot_controller_msgs/ros_robot_controller_msgs/msg/detail/rgb_state__struct.h
-- Symlinking: /home/intel/repo/d021rs-yolov5-ros2-subscription-node-limitationuk/install/ros_robot_controller_msgs/include/ros_robot_controller_msgs/ros_robot_controller_msgs/msg/detail/rgb_state__type_support.h
-- Symlinking: /home/intel/repo/d021rs-yolov5-ros2-subscription-node-limitationuk/install/ros_robot_controller_msgs/include/ros_robot_controller_msgs/ros_robot_controller_msgs/msg/detail/rgb_states__functions.h
-- Symlinking: /home/intel/repo/d021rs-yolov5-ros2-subscription-node-limitationuk/install/ros_robot_controller_msgs/include/ros_robot_controller_msgs/ros_robot_controller_msgs/msg/detail/rgb_states__struct.h
-- Symlinking: /home/intel/repo/d021rs-yolov5-ros2-subscription-node-limitationuk/install/ros_robot_controller_msgs/include/ros_robot_controller_msgs/ros_robot_controller_msgs/msg/detail/rgb_states__type_support.h
-- Symlinking: /home/intel/repo/d021rs-yolov5-ros2-subscription-node-limitationuk/install/ros_robot_controller_msgs/include/ros_robot_controller_msgs/ros_robot_controller_msgs/msg/detail/sbus__functions.h
-- Symlinking: /home/intel/repo/d021rs-yolov5-ros2-subscription-node-limitationuk/install/ros_robot_controller_msgs/include/ros_robot_controller_msgs/ros_robot_controller_msgs/msg/detail/sbus__struct.h
-- Symlinking: /home/intel/repo/d021rs-yolov5-ros2-subscription-node-limitationuk/install/ros_robot_controller_msgs/include/ros_robot_controller_msgs/ros_robot_controller_msgs/msg/detail/sbus__type_support.h
-- Symlinking: /home/intel/repo/d021rs-yolov5-ros2-subscription-node-limitationuk/install/ros_robot_controller_msgs/include/ros_robot_controller_msgs/ros_robot_controller_msgs/msg/detail/servo_position__functions.h
-- Symlinking: /home/intel/repo/d021rs-yolov5-ros2-subscription-node-limitationuk/install/ros_robot_controller_msgs/include/ros_robot_controller_msgs/ros_robot_controller_msgs/msg/detail/servo_position__struct.h
-- Symlinking: /home/intel/repo/d021rs-yolov5-ros2-subscription-node-limitationuk/install/ros_robot_controller_msgs/include/ros_robot_controller_msgs/ros_robot_controller_msgs/msg/detail/servo_position__type_support.h
-- Symlinking: /home/intel/repo/d021rs-yolov5-ros2-subscription-node-limitationuk/install/ros_robot_controller_msgs/include/ros_robot_controller_msgs/ros_robot_controller_msgs/msg/detail/servos_position__functions.h
-- Symlinking: /home/intel/repo/d021rs-yolov5-ros2-subscription-node-limitationuk/install/ros_robot_controller_msgs/include/ros_robot_controller_msgs/ros_robot_controller_msgs/msg/detail/servos_position__struct.h
-- Symlinking: /home/intel/repo/d021rs-yolov5-ros2-subscription-node-limitationuk/install/ros_robot_controller_msgs/include/ros_robot_controller_msgs/ros_robot_controller_msgs/msg/detail/servos_position__type_support.h
-- Symlinking: /home/intel/repo/d021rs-yolov5-ros2-subscription-node-limitationuk/install/ros_robot_controller_msgs/include/ros_robot_controller_msgs/ros_robot_controller_msgs/msg/detail/set_bus_servo_state__functions.h
-- Symlinking: /home/intel/repo/d021rs-yolov5-ros2-subscription-node-limitationuk/install/ros_robot_controller_msgs/include/ros_robot_controller_msgs/ros_robot_controller_msgs/msg/detail/set_bus_servo_state__struct.h
-- Symlinking: /home/intel/repo/d021rs-yolov5-ros2-subscription-node-limitationuk/install/ros_robot_controller_msgs/include/ros_robot_controller_msgs/ros_robot_controller_msgs/msg/detail/set_bus_servo_state__type_support.h
-- Symlinking: /home/intel/repo/d021rs-yolov5-ros2-subscription-node-limitationuk/install/ros_robot_controller_msgs/include/ros_robot_controller_msgs/ros_robot_controller_msgs/msg/detail/set_pwm_servo_state__functions.h
-- Symlinking: /home/intel/repo/d021rs-yolov5-ros2-subscription-node-limitationuk/install/ros_robot_controller_msgs/include/ros_robot_controller_msgs/ros_robot_controller_msgs/msg/detail/set_pwm_servo_state__struct.h
-- Symlinking: /home/intel/repo/d021rs-yolov5-ros2-subscription-node-limitationuk/install/ros_robot_controller_msgs/include/ros_robot_controller_msgs/ros_robot_controller_msgs/msg/detail/set_pwm_servo_state__type_support.h
-- Symlinking: /home/intel/repo/d021rs-yolov5-ros2-subscription-node-limitationuk/install/ros_robot_controller_msgs/include/ros_robot_controller_msgs/ros_robot_controller_msgs/msg/get_bus_servo_cmd.h
-- Symlinking: /home/intel/repo/d021rs-yolov5-ros2-subscription-node-limitationuk/install/ros_robot_controller_msgs/include/ros_robot_controller_msgs/ros_robot_controller_msgs/msg/get_pwm_servo_cmd.h
-- Symlinking: /home/intel/repo/d021rs-yolov5-ros2-subscription-node-limitationuk/install/ros_robot_controller_msgs/include/ros_robot_controller_msgs/ros_robot_controller_msgs/msg/led_state.h
-- Symlinking: /home/intel/repo/d021rs-yolov5-ros2-subscription-node-limitationuk/install/ros_robot_controller_msgs/include/ros_robot_controller_msgs/ros_robot_controller_msgs/msg/motor_state.h
-- Symlinking: /home/intel/repo/d021rs-yolov5-ros2-subscription-node-limitationuk/install/ros_robot_controller_msgs/include/ros_robot_controller_msgs/ros_robot_controller_msgs/msg/motors_state.h
-- Symlinking: /home/intel/repo/d021rs-yolov5-ros2-subscription-node-limitationuk/install/ros_robot_controller_msgs/include/ros_robot_controller_msgs/ros_robot_controller_msgs/msg/oled_state.h
-- Symlinking: /home/intel/repo/d021rs-yolov5-ros2-subscription-node-limitationuk/install/ros_robot_controller_msgs/include/ros_robot_controller_msgs/ros_robot_controller_msgs/msg/pwm_servo_state.h
-- Symlinking: /home/intel/repo/d021rs-yolov5-ros2-subscription-node-limitationuk/install/ros_robot_controller_msgs/include/ros_robot_controller_msgs/ros_robot_controller_msgs/msg/rgb_state.h
-- Symlinking: /home/intel/repo/d021rs-yolov5-ros2-subscription-node-limitationuk/install/ros_robot_controller_msgs/include/ros_robot_controller_msgs/ros_robot_controller_msgs/msg/rgb_states.h
-- Symlinking: /home/intel/repo/d021rs-yolov5-ros2-subscription-node-limitationuk/install/ros_robot_controller_msgs/include/ros_robot_controller_msgs/ros_robot_controller_msgs/msg/rosidl_generator_c__visibility_control.h
-- Symlinking: /home/intel/repo/d021rs-yolov5-ros2-subscription-node-limitationuk/install/ros_robot_controller_msgs/include/ros_robot_controller_msgs/ros_robot_controller_msgs/msg/sbus.h
-- Symlinking: /home/intel/repo/d021rs-yolov5-ros2-subscription-node-limitationuk/install/ros_robot_controller_msgs/include/ros_robot_controller_msgs/ros_robot_controller_msgs/msg/servo_position.h
-- Symlinking: /home/intel/repo/d021rs-yolov5-ros2-subscription-node-limitationuk/install/ros_robot_controller_msgs/include/ros_robot_controller_msgs/ros_robot_controller_msgs/msg/servos_position.h
-- Symlinking: /home/intel/repo/d021rs-yolov5-ros2-subscription-node-limitationuk/install/ros_robot_controller_msgs/include/ros_robot_controller_msgs/ros_robot_controller_msgs/msg/set_bus_servo_state.h
-- Symlinking: /home/intel/repo/d021rs-yolov5-ros2-subscription-node-limitationuk/install/ros_robot_controller_msgs/include/ros_robot_controller_msgs/ros_robot_controller_msgs/msg/set_pwm_servo_state.h
-- Symlinking: /home/intel/repo/d021rs-yolov5-ros2-subscription-node-limitationuk/install/ros_robot_controller_msgs/include/ros_robot_controller_msgs/ros_robot_controller_msgs/srv/detail/get_bus_servo_state__functions.h
-- Symlinking: /home/intel/repo/d021rs-yolov5-ros2-subscription-node-limitationuk/install/ros_robot_controller_msgs/include/ros_robot_controller_msgs/ros_robot_controller_msgs/srv/detail/get_bus_servo_state__struct.h
-- Symlinking: /home/intel/repo/d021rs-yolov5-ros2-subscription-node-limitationuk/install/ros_robot_controller_msgs/include/ros_robot_controller_msgs/ros_robot_controller_msgs/srv/detail/get_bus_servo_state__type_support.h
-- Symlinking: /home/intel/repo/d021rs-yolov5-ros2-subscription-node-limitationuk/install/ros_robot_controller_msgs/include/ros_robot_controller_msgs/ros_robot_controller_msgs/srv/detail/get_pwm_servo_state__functions.h
-- Symlinking: /home/intel/repo/d021rs-yolov5-ros2-subscription-node-limitationuk/install/ros_robot_controller_msgs/include/ros_robot_controller_msgs/ros_robot_controller_msgs/srv/detail/get_pwm_servo_state__struct.h
-- Symlinking: /home/intel/repo/d021rs-yolov5-ros2-subscription-node-limitationuk/install/ros_robot_controller_msgs/include/ros_robot_controller_msgs/ros_robot_controller_msgs/srv/detail/get_pwm_servo_state__type_support.h
-- Symlinking: /home/intel/repo/d021rs-yolov5-ros2-subscription-node-limitationuk/install/ros_robot_controller_msgs/include/ros_robot_controller_msgs/ros_robot_controller_msgs/srv/get_bus_servo_state.h
-- Symlinking: /home/intel/repo/d021rs-yolov5-ros2-subscription-node-limitationuk/install/ros_robot_controller_msgs/include/ros_robot_controller_msgs/ros_robot_controller_msgs/srv/get_pwm_servo_state.h
-- Symlinking: /home/intel/repo/d021rs-yolov5-ros2-subscription-node-limitationuk/install/ros_robot_controller_msgs/share/ros_robot_controller_msgs/environment/library_path.sh
-- Symlinking: /home/intel/repo/d021rs-yolov5-ros2-subscription-node-limitationuk/install/ros_robot_controller_msgs/share/ros_robot_controller_msgs/environment/library_path.dsv
-- Symlinking: /home/intel/repo/d021rs-yolov5-ros2-subscription-node-limitationuk/install/ros_robot_controller_msgs/include/ros_robot_controller_msgs/ros_robot_controller_msgs/msg/detail/bus_servo_state__rosidl_typesupport_fastrtps_c.h
-- Symlinking: /home/intel/repo/d021rs-yolov5-ros2-subscription-node-limitationuk/install/ros_robot_controller_msgs/include/ros_robot_controller_msgs/ros_robot_controller_msgs/msg/detail/button_state__rosidl_typesupport_fastrtps_c.h
-- Symlinking: /home/intel/repo/d021rs-yolov5-ros2-subscription-node-limitationuk/install/ros_robot_controller_msgs/include/ros_robot_controller_msgs/ros_robot_controller_msgs/msg/detail/buzzer_state__rosidl_typesupport_fastrtps_c.h
-- Symlinking: /home/intel/repo/d021rs-yolov5-ros2-subscription-node-limitationuk/install/ros_robot_controller_msgs/include/ros_robot_controller_msgs/ros_robot_controller_msgs/msg/detail/get_bus_servo_cmd__rosidl_typesupport_fastrtps_c.h
-- Symlinking: /home/intel/repo/d021rs-yolov5-ros2-subscription-node-limitationuk/install/ros_robot_controller_msgs/include/ros_robot_controller_msgs/ros_robot_controller_msgs/msg/detail/get_pwm_servo_cmd__rosidl_typesupport_fastrtps_c.h
-- Symlinking: /home/intel/repo/d021rs-yolov5-ros2-subscription-node-limitationuk/install/ros_robot_controller_msgs/include/ros_robot_controller_msgs/ros_robot_controller_msgs/msg/detail/led_state__rosidl_typesupport_fastrtps_c.h
-- Symlinking: /home/intel/repo/d021rs-yolov5-ros2-subscription-node-limitationuk/install/ros_robot_controller_msgs/include/ros_robot_controller_msgs/ros_robot_controller_msgs/msg/detail/motor_state__rosidl_typesupport_fastrtps_c.h
-- Symlinking: /home/intel/repo/d021rs-yolov5-ros2-subscription-node-limitationuk/install/ros_robot_controller_msgs/include/ros_robot_controller_msgs/ros_robot_controller_msgs/msg/detail/motors_state__rosidl_typesupport_fastrtps_c.h
-- Symlinking: /home/intel/repo/d021rs-yolov5-ros2-subscription-node-limitationuk/install/ros_robot_controller_msgs/include/ros_robot_controller_msgs/ros_robot_controller_msgs/msg/detail/oled_state__rosidl_typesupport_fastrtps_c.h
-- Symlinking: /home/intel/repo/d021rs-yolov5-ros2-subscription-node-limitationuk/install/ros_robot_controller_msgs/include/ros_robot_controller_msgs/ros_robot_controller_msgs/msg/detail/pwm_servo_state__rosidl_typesupport_fastrtps_c.h
-- Symlinking: /home/intel/repo/d021rs-yolov5-ros2-subscription-node-limitationuk/install/ros_robot_controller_msgs/include/ros_robot_controller_msgs/ros_robot_controller_msgs/msg/detail/rgb_state__rosidl_typesupport_fastrtps_c.h
-- Symlinking: /home/intel/repo/d021rs-yolov5-ros2-subscription-node-limitationuk/install/ros_robot_controller_msgs/include/ros_robot_controller_msgs/ros_robot_controller_msgs/msg/detail/rgb_states__rosidl_typesupport_fastrtps_c.h
-- Symlinking: /home/intel/repo/d021rs-yolov5-ros2-subscription-node-limitationuk/install/ros_robot_controller_msgs/include/ros_robot_controller_msgs/ros_robot_controller_msgs/msg/detail/sbus__rosidl_typesupport_fastrtps_c.h
-- Symlinking: /home/intel/repo/d021rs-yolov5-ros2-subscription-node-limitationuk/install/ros_robot_controller_msgs/include/ros_robot_controller_msgs/ros_robot_controller_msgs/msg/detail/servo_position__rosidl_typesupport_fastrtps_c.h
-- Symlinking: /home/intel/repo/d021rs-yolov5-ros2-subscription-node-limitationuk/install/ros_robot_controller_msgs/include/ros_robot_controller_msgs/ros_robot_controller_msgs/msg/detail/servos_position__rosidl_typesupport_fastrtps_c.h
-- Symlinking: /home/intel/repo/d021rs-yolov5-ros2-subscription-node-limitationuk/install/ros_robot_controller_msgs/include/ros_robot_controller_msgs/ros_robot_controller_msgs/msg/detail/set_bus_servo_state__rosidl_typesupport_fastrtps_c.h
-- Symlinking: /home/intel/repo/d021rs-yolov5-ros2-subscription-node-limitationuk/install/ros_robot_controller_msgs/include/ros_robot_controller_msgs/ros_robot_controller_msgs/msg/detail/set_pwm_servo_state__rosidl_typesupport_fastrtps_c.h
-- Symlinking: /home/intel/repo/d021rs-yolov5-ros2-subscription-node-limitationuk/install/ros_robot_controller_msgs/include/ros_robot_controller_msgs/ros_robot_controller_msgs/msg/rosidl_typesupport_fastrtps_c__visibility_control.h
-- Symlinking: /home/intel/repo/d021rs-yolov5-ros2-subscription-node-limitationuk/install/ros_robot_controller_msgs/include/ros_robot_controller_msgs/ros_robot_controller_msgs/srv/detail/get_bus_servo_state__rosidl_typesupport_fastrtps_c.h
-- Symlinking: /home/intel/repo/d021rs-yolov5-ros2-subscription-node-limitationuk/install/ros_robot_controller_msgs/include/ros_robot_controller_msgs/ros_robot_controller_msgs/srv/detail/get_pwm_servo_state__rosidl_typesupport_fastrtps_c.h
-- Symlinking: /home/intel/repo/d021rs-yolov5-ros2-subscription-node-limitationuk/install/ros_robot_controller_msgs/include/ros_robot_controller_msgs/ros_robot_controller_msgs/msg/bus_servo_state.hpp
-- Symlinking: /home/intel/repo/d021rs-yolov5-ros2-subscription-node-limitationuk/install/ros_robot_controller_msgs/include/ros_robot_controller_msgs/ros_robot_controller_msgs/msg/button_state.hpp
-- Symlinking: /home/intel/repo/d021rs-yolov5-ros2-subscription-node-limitationuk/install/ros_robot_controller_msgs/include/ros_robot_controller_msgs/ros_robot_controller_msgs/msg/buzzer_state.hpp
-- Symlinking: /home/intel/repo/d021rs-yolov5-ros2-subscription-node-limitationuk/install/ros_robot_controller_msgs/include/ros_robot_controller_msgs/ros_robot_controller_msgs/msg/detail/bus_servo_state__builder.hpp
-- Symlinking: /home/intel/repo/d021rs-yolov5-ros2-subscription-node-limitationuk/install/ros_robot_controller_msgs/include/ros_robot_controller_msgs/ros_robot_controller_msgs/msg/detail/bus_servo_state__struct.hpp
-- Symlinking: /home/intel/repo/d021rs-yolov5-ros2-subscription-node-limitationuk/install/ros_robot_controller_msgs/include/ros_robot_controller_msgs/ros_robot_controller_msgs/msg/detail/bus_servo_state__traits.hpp
-- Symlinking: /home/intel/repo/d021rs-yolov5-ros2-subscription-node-limitationuk/install/ros_robot_controller_msgs/include/ros_robot_controller_msgs/ros_robot_controller_msgs/msg/detail/bus_servo_state__type_support.hpp
-- Symlinking: /home/intel/repo/d021rs-yolov5-ros2-subscription-node-limitationuk/install/ros_robot_controller_msgs/include/ros_robot_controller_msgs/ros_robot_controller_msgs/msg/detail/button_state__builder.hpp
-- Symlinking: /home/intel/repo/d021rs-yolov5-ros2-subscription-node-limitationuk/install/ros_robot_controller_msgs/include/ros_robot_controller_msgs/ros_robot_controller_msgs/msg/detail/button_state__struct.hpp
-- Symlinking: /home/intel/repo/d021rs-yolov5-ros2-subscription-node-limitationuk/install/ros_robot_controller_msgs/include/ros_robot_controller_msgs/ros_robot_controller_msgs/msg/detail/button_state__traits.hpp
-- Symlinking: /home/intel/repo/d021rs-yolov5-ros2-subscription-node-limitationuk/install/ros_robot_controller_msgs/include/ros_robot_controller_msgs/ros_robot_controller_msgs/msg/detail/button_state__type_support.hpp
-- Symlinking: /home/intel/repo/d021rs-yolov5-ros2-subscription-node-limitationuk/install/ros_robot_controller_msgs/include/ros_robot_controller_msgs/ros_robot_controller_msgs/msg/detail/buzzer_state__builder.hpp
-- Symlinking: /home/intel/repo/d021rs-yolov5-ros2-subscription-node-limitationuk/install/ros_robot_controller_msgs/include/ros_robot_controller_msgs/ros_robot_controller_msgs/msg/detail/buzzer_state__struct.hpp
-- Symlinking: /home/intel/repo/d021rs-yolov5-ros2-subscription-node-limitationuk/install/ros_robot_controller_msgs/include/ros_robot_controller_msgs/ros_robot_controller_msgs/msg/detail/buzzer_state__traits.hpp
-- Symlinking: /home/intel/repo/d021rs-yolov5-ros2-subscription-node-limitationuk/install/ros_robot_controller_msgs/include/ros_robot_controller_msgs/ros_robot_controller_msgs/msg/detail/buzzer_state__type_support.hpp
-- Symlinking: /home/intel/repo/d021rs-yolov5-ros2-subscription-node-limitationuk/install/ros_robot_controller_msgs/include/ros_robot_controller_msgs/ros_robot_controller_msgs/msg/detail/get_bus_servo_cmd__builder.hpp
-- Symlinking: /home/intel/repo/d021rs-yolov5-ros2-subscription-node-limitationuk/install/ros_robot_controller_msgs/include/ros_robot_controller_msgs/ros_robot_controller_msgs/msg/detail/get_bus_servo_cmd__struct.hpp
-- Symlinking: /home/intel/repo/d021rs-yolov5-ros2-subscription-node-limitationuk/install/ros_robot_controller_msgs/include/ros_robot_controller_msgs/ros_robot_controller_msgs/msg/detail/get_bus_servo_cmd__traits.hpp
-- Symlinking: /home/intel/repo/d021rs-yolov5-ros2-subscription-node-limitationuk/install/ros_robot_controller_msgs/include/ros_robot_controller_msgs/ros_robot_controller_msgs/msg/detail/get_bus_servo_cmd__type_support.hpp
-- Symlinking: /home/intel/repo/d021rs-yolov5-ros2-subscription-node-limitationuk/install/ros_robot_controller_msgs/include/ros_robot_controller_msgs/ros_robot_controller_msgs/msg/detail/get_pwm_servo_cmd__builder.hpp
-- Symlinking: /home/intel/repo/d021rs-yolov5-ros2-subscription-node-limitationuk/install/ros_robot_controller_msgs/include/ros_robot_controller_msgs/ros_robot_controller_msgs/msg/detail/get_pwm_servo_cmd__struct.hpp
-- Symlinking: /home/intel/repo/d021rs-yolov5-ros2-subscription-node-limitationuk/install/ros_robot_controller_msgs/include/ros_robot_controller_msgs/ros_robot_controller_msgs/msg/detail/get_pwm_servo_cmd__traits.hpp
-- Symlinking: /home/intel/repo/d021rs-yolov5-ros2-subscription-node-limitationuk/install/ros_robot_controller_msgs/include/ros_robot_controller_msgs/ros_robot_controller_msgs/msg/detail/get_pwm_servo_cmd__type_support.hpp
-- Symlinking: /home/intel/repo/d021rs-yolov5-ros2-subscription-node-limitationuk/install/ros_robot_controller_msgs/include/ros_robot_controller_msgs/ros_robot_controller_msgs/msg/detail/led_state__builder.hpp
-- Symlinking: /home/intel/repo/d021rs-yolov5-ros2-subscription-node-limitationuk/install/ros_robot_controller_msgs/include/ros_robot_controller_msgs/ros_robot_controller_msgs/msg/detail/led_state__struct.hpp
-- Symlinking: /home/intel/repo/d021rs-yolov5-ros2-subscription-node-limitationuk/install/ros_robot_controller_msgs/include/ros_robot_controller_msgs/ros_robot_controller_msgs/msg/detail/led_state__traits.hpp
-- Symlinking: /home/intel/repo/d021rs-yolov5-ros2-subscription-node-limitationuk/install/ros_robot_controller_msgs/include/ros_robot_controller_msgs/ros_robot_controller_msgs/msg/detail/led_state__type_support.hpp
-- Symlinking: /home/intel/repo/d021rs-yolov5-ros2-subscription-node-limitationuk/install/ros_robot_controller_msgs/include/ros_robot_controller_msgs/ros_robot_controller_msgs/msg/detail/motor_state__builder.hpp
-- Symlinking: /home/intel/repo/d021rs-yolov5-ros2-subscription-node-limitationuk/install/ros_robot_controller_msgs/include/ros_robot_controller_msgs/ros_robot_controller_msgs/msg/detail/motor_state__struct.hpp
-- Symlinking: /home/intel/repo/d021rs-yolov5-ros2-subscription-node-limitationuk/install/ros_robot_controller_msgs/include/ros_robot_controller_msgs/ros_robot_controller_msgs/msg/detail/motor_state__traits.hpp
-- Symlinking: /home/intel/repo/d021rs-yolov5-ros2-subscription-node-limitationuk/install/ros_robot_controller_msgs/include/ros_robot_controller_msgs/ros_robot_controller_msgs/msg/detail/motor_state__type_support.hpp
-- Symlinking: /home/intel/repo/d021rs-yolov5-ros2-subscription-node-limitationuk/install/ros_robot_controller_msgs/include/ros_robot_controller_msgs/ros_robot_controller_msgs/msg/detail/motors_state__builder.hpp
-- Symlinking: /home/intel/repo/d021rs-yolov5-ros2-subscription-node-limitationuk/install/ros_robot_controller_msgs/include/ros_robot_controller_msgs/ros_robot_controller_msgs/msg/detail/motors_state__struct.hpp
-- Symlinking: /home/intel/repo/d021rs-yolov5-ros2-subscription-node-limitationuk/install/ros_robot_controller_msgs/include/ros_robot_controller_msgs/ros_robot_controller_msgs/msg/detail/motors_state__traits.hpp
-- Symlinking: /home/intel/repo/d021rs-yolov5-ros2-subscription-node-limitationuk/install/ros_robot_controller_msgs/include/ros_robot_controller_msgs/ros_robot_controller_msgs/msg/detail/motors_state__type_support.hpp
-- Symlinking: /home/intel/repo/d021rs-yolov5-ros2-subscription-node-limitationuk/install/ros_robot_controller_msgs/include/ros_robot_controller_msgs/ros_robot_controller_msgs/msg/detail/oled_state__builder.hpp
-- Symlinking: /home/intel/repo/d021rs-yolov5-ros2-subscription-node-limitationuk/install/ros_robot_controller_msgs/include/ros_robot_controller_msgs/ros_robot_controller_msgs/msg/detail/oled_state__struct.hpp
-- Symlinking: /home/intel/repo/d021rs-yolov5-ros2-subscription-node-limitationuk/install/ros_robot_controller_msgs/include/ros_robot_controller_msgs/ros_robot_controller_msgs/msg/detail/oled_state__traits.hpp
-- Symlinking: /home/intel/repo/d021rs-yolov5-ros2-subscription-node-limitationuk/install/ros_robot_controller_msgs/include/ros_robot_controller_msgs/ros_robot_controller_msgs/msg/detail/oled_state__type_support.hpp
-- Symlinking: /home/intel/repo/d021rs-yolov5-ros2-subscription-node-limitationuk/install/ros_robot_controller_msgs/include/ros_robot_controller_msgs/ros_robot_controller_msgs/msg/detail/pwm_servo_state__builder.hpp
-- Symlinking: /home/intel/repo/d021rs-yolov5-ros2-subscription-node-limitationuk/install/ros_robot_controller_msgs/include/ros_robot_controller_msgs/ros_robot_controller_msgs/msg/detail/pwm_servo_state__struct.hpp
-- Symlinking: /home/intel/repo/d021rs-yolov5-ros2-subscription-node-limitationuk/install/ros_robot_controller_msgs/include/ros_robot_controller_msgs/ros_robot_controller_msgs/msg/detail/pwm_servo_state__traits.hpp
-- Symlinking: /home/intel/repo/d021rs-yolov5-ros2-subscription-node-limitationuk/install/ros_robot_controller_msgs/include/ros_robot_controller_msgs/ros_robot_controller_msgs/msg/detail/pwm_servo_state__type_support.hpp
-- Symlinking: /home/intel/repo/d021rs-yolov5-ros2-subscription-node-limitationuk/install/ros_robot_controller_msgs/include/ros_robot_controller_msgs/ros_robot_controller_msgs/msg/detail/rgb_state__builder.hpp
-- Symlinking: /home/intel/repo/d021rs-yolov5-ros2-subscription-node-limitationuk/install/ros_robot_controller_msgs/include/ros_robot_controller_msgs/ros_robot_controller_msgs/msg/detail/rgb_state__struct.hpp
-- Symlinking: /home/intel/repo/d021rs-yolov5-ros2-subscription-node-limitationuk/install/ros_robot_controller_msgs/include/ros_robot_controller_msgs/ros_robot_controller_msgs/msg/detail/rgb_state__traits.hpp
-- Symlinking: /home/intel/repo/d021rs-yolov5-ros2-subscription-node-limitationuk/install/ros_robot_controller_msgs/include/ros_robot_controller_msgs/ros_robot_controller_msgs/msg/detail/rgb_state__type_support.hpp
-- Symlinking: /home/intel/repo/d021rs-yolov5-ros2-subscription-node-limitationuk/install/ros_robot_controller_msgs/include/ros_robot_controller_msgs/ros_robot_controller_msgs/msg/detail/rgb_states__builder.hpp
-- Symlinking: /home/intel/repo/d021rs-yolov5-ros2-subscription-node-limitationuk/install/ros_robot_controller_msgs/include/ros_robot_controller_msgs/ros_robot_controller_msgs/msg/detail/rgb_states__struct.hpp
-- Symlinking: /home/intel/repo/d021rs-yolov5-ros2-subscription-node-limitationuk/install/ros_robot_controller_msgs/include/ros_robot_controller_msgs/ros_robot_controller_msgs/msg/detail/rgb_states__traits.hpp
-- Symlinking: /home/intel/repo/d021rs-yolov5-ros2-subscription-node-limitationuk/install/ros_robot_controller_msgs/include/ros_robot_controller_msgs/ros_robot_controller_msgs/msg/detail/rgb_states__type_support.hpp
-- Symlinking: /home/intel/repo/d021rs-yolov5-ros2-subscription-node-limitationuk/install/ros_robot_controller_msgs/include/ros_robot_controller_msgs/ros_robot_controller_msgs/msg/detail/sbus__builder.hpp
-- Symlinking: /home/intel/repo/d021rs-yolov5-ros2-subscription-node-limitationuk/install/ros_robot_controller_msgs/include/ros_robot_controller_msgs/ros_robot_controller_msgs/msg/detail/sbus__struct.hpp
-- Symlinking: /home/intel/repo/d021rs-yolov5-ros2-subscription-node-limitationuk/install/ros_robot_controller_msgs/include/ros_robot_controller_msgs/ros_robot_controller_msgs/msg/detail/sbus__traits.hpp
-- Symlinking: /home/intel/repo/d021rs-yolov5-ros2-subscription-node-limitationuk/install/ros_robot_controller_msgs/include/ros_robot_controller_msgs/ros_robot_controller_msgs/msg/detail/sbus__type_support.hpp
-- Symlinking: /home/intel/repo/d021rs-yolov5-ros2-subscription-node-limitationuk/install/ros_robot_controller_msgs/include/ros_robot_controller_msgs/ros_robot_controller_msgs/msg/detail/servo_position__builder.hpp
-- Symlinking: /home/intel/repo/d021rs-yolov5-ros2-subscription-node-limitationuk/install/ros_robot_controller_msgs/include/ros_robot_controller_msgs/ros_robot_controller_msgs/msg/detail/servo_position__struct.hpp
-- Symlinking: /home/intel/repo/d021rs-yolov5-ros2-subscription-node-limitationuk/install/ros_robot_controller_msgs/include/ros_robot_controller_msgs/ros_robot_controller_msgs/msg/detail/servo_position__traits.hpp
-- Symlinking: /home/intel/repo/d021rs-yolov5-ros2-subscription-node-limitationuk/install/ros_robot_controller_msgs/include/ros_robot_controller_msgs/ros_robot_controller_msgs/msg/detail/servo_position__type_support.hpp
-- Symlinking: /home/intel/repo/d021rs-yolov5-ros2-subscription-node-limitationuk/install/ros_robot_controller_msgs/include/ros_robot_controller_msgs/ros_robot_controller_msgs/msg/detail/servos_position__builder.hpp
-- Symlinking: /home/intel/repo/d021rs-yolov5-ros2-subscription-node-limitationuk/install/ros_robot_controller_msgs/include/ros_robot_controller_msgs/ros_robot_controller_msgs/msg/detail/servos_position__struct.hpp
-- Symlinking: /home/intel/repo/d021rs-yolov5-ros2-subscription-node-limitationuk/install/ros_robot_controller_msgs/include/ros_robot_controller_msgs/ros_robot_controller_msgs/msg/detail/servos_position__traits.hpp
-- Symlinking: /home/intel/repo/d021rs-yolov5-ros2-subscription-node-limitationuk/install/ros_robot_controller_msgs/include/ros_robot_controller_msgs/ros_robot_controller_msgs/msg/detail/servos_position__type_support.hpp
-- Symlinking: /home/intel/repo/d021rs-yolov5-ros2-subscription-node-limitationuk/install/ros_robot_controller_msgs/include/ros_robot_controller_msgs/ros_robot_controller_msgs/msg/detail/set_bus_servo_state__builder.hpp
-- Symlinking: /home/intel/repo/d021rs-yolov5-ros2-subscription-node-limitationuk/install/ros_robot_controller_msgs/include/ros_robot_controller_msgs/ros_robot_controller_msgs/msg/detail/set_bus_servo_state__struct.hpp
-- Symlinking: /home/intel/repo/d021rs-yolov5-ros2-subscription-node-limitationuk/install/ros_robot_controller_msgs/include/ros_robot_controller_msgs/ros_robot_controller_msgs/msg/detail/set_bus_servo_state__traits.hpp
-- Symlinking: /home/intel/repo/d021rs-yolov5-ros2-subscription-node-limitationuk/install/ros_robot_controller_msgs/include/ros_robot_controller_msgs/ros_robot_controller_msgs/msg/detail/set_bus_servo_state__type_support.hpp
-- Symlinking: /home/intel/repo/d021rs-yolov5-ros2-subscription-node-limitationuk/install/ros_robot_controller_msgs/include/ros_robot_controller_msgs/ros_robot_controller_msgs/msg/detail/set_pwm_servo_state__builder.hpp
-- Symlinking: /home/intel/repo/d021rs-yolov5-ros2-subscription-node-limitationuk/install/ros_robot_controller_msgs/include/ros_robot_controller_msgs/ros_robot_controller_msgs/msg/detail/set_pwm_servo_state__struct.hpp
-- Symlinking: /home/intel/repo/d021rs-yolov5-ros2-subscription-node-limitationuk/install/ros_robot_controller_msgs/include/ros_robot_controller_msgs/ros_robot_controller_msgs/msg/detail/set_pwm_servo_state__traits.hpp
-- Symlinking: /home/intel/repo/d021rs-yolov5-ros2-subscription-node-limitationuk/install/ros_robot_controller_msgs/include/ros_robot_controller_msgs/ros_robot_controller_msgs/msg/detail/set_pwm_servo_state__type_support.hpp
-- Symlinking: /home/intel/repo/d021rs-yolov5-ros2-subscription-node-limitationuk/install/ros_robot_controller_msgs/include/ros_robot_controller_msgs/ros_robot_controller_msgs/msg/get_bus_servo_cmd.hpp
-- Symlinking: /home/intel/repo/d021rs-yolov5-ros2-subscription-node-limitationuk/install/ros_robot_controller_msgs/include/ros_robot_controller_msgs/ros_robot_controller_msgs/msg/get_pwm_servo_cmd.hpp
-- Symlinking: /home/intel/repo/d021rs-yolov5-ros2-subscription-node-limitationuk/install/ros_robot_controller_msgs/include/ros_robot_controller_msgs/ros_robot_controller_msgs/msg/led_state.hpp
-- Symlinking: /home/intel/repo/d021rs-yolov5-ros2-subscription-node-limitationuk/install/ros_robot_controller_msgs/include/ros_robot_controller_msgs/ros_robot_controller_msgs/msg/motor_state.hpp
-- Symlinking: /home/intel/repo/d021rs-yolov5-ros2-subscription-node-limitationuk/install/ros_robot_controller_msgs/include/ros_robot_controller_msgs/ros_robot_controller_msgs/msg/motors_state.hpp
-- Symlinking: /home/intel/repo/d021rs-yolov5-ros2-subscription-node-limitationuk/install/ros_robot_controller_msgs/include/ros_robot_controller_msgs/ros_robot_controller_msgs/msg/oled_state.hpp
-- Symlinking: /home/intel/repo/d021rs-yolov5-ros2-subscription-node-limitationuk/install/ros_robot_controller_msgs/include/ros_robot_controller_msgs/ros_robot_controller_msgs/msg/pwm_servo_state.hpp
-- Symlinking: /home/intel/repo/d021rs-yolov5-ros2-subscription-node-limitationuk/install/ros_robot_controller_msgs/include/ros_robot_controller_msgs/ros_robot_controller_msgs/msg/rgb_state.hpp
-- Symlinking: /home/intel/repo/d021rs-yolov5-ros2-subscription-node-limitationuk/install/ros_robot_controller_msgs/include/ros_robot_controller_msgs/ros_robot_controller_msgs/msg/rgb_states.hpp
-- Symlinking: /home/intel/repo/d021rs-yolov5-ros2-subscription-node-limitationuk/install/ros_robot_controller_msgs/include/ros_robot_controller_msgs/ros_robot_controller_msgs/msg/rosidl_generator_cpp__visibility_control.hpp
-- Symlinking: /home/intel/repo/d021rs-yolov5-ros2-subscription-node-limitationuk/install/ros_robot_controller_msgs/include/ros_robot_controller_msgs/ros_robot_controller_msgs/msg/sbus.hpp
-- Symlinking: /home/intel/repo/d021rs-yolov5-ros2-subscription-node-limitationuk/install/ros_robot_controller_msgs/include/ros_robot_controller_msgs/ros_robot_controller_msgs/msg/servo_position.hpp
-- Symlinking: /home/intel/repo/d021rs-yolov5-ros2-subscription-node-limitationuk/install/ros_robot_controller_msgs/include/ros_robot_controller_msgs/ros_robot_controller_msgs/msg/servos_position.hpp
-- Symlinking: /home/intel/repo/d021rs-yolov5-ros2-subscription-node-limitationuk/install/ros_robot_controller_msgs/include/ros_robot_controller_msgs/ros_robot_controller_msgs/msg/set_bus_servo_state.hpp
-- Symlinking: /home/intel/repo/d021rs-yolov5-ros2-subscription-node-limitationuk/install/ros_robot_controller_msgs/include/ros_robot_controller_msgs/ros_robot_controller_msgs/msg/set_pwm_servo_state.hpp
-- Symlinking: /home/intel/repo/d021rs-yolov5-ros2-subscription-node-limitationuk/install/ros_robot_controller_msgs/include/ros_robot_controller_msgs/ros_robot_controller_msgs/srv/detail/get_bus_servo_state__builder.hpp
-- Symlinking: /home/intel/repo/d021rs-yolov5-ros2-subscription-node-limitationuk/install/ros_robot_controller_msgs/include/ros_robot_controller_msgs/ros_robot_controller_msgs/srv/detail/get_bus_servo_state__struct.hpp
-- Symlinking: /home/intel/repo/d021rs-yolov5-ros2-subscription-node-limitationuk/install/ros_robot_controller_msgs/include/ros_robot_controller_msgs/ros_robot_controller_msgs/srv/detail/get_bus_servo_state__traits.hpp
-- Symlinking: /home/intel/repo/d021rs-yolov5-ros2-subscription-node-limitationuk/install/ros_robot_controller_msgs/include/ros_robot_controller_msgs/ros_robot_controller_msgs/srv/detail/get_bus_servo_state__type_support.hpp
-- Symlinking: /home/intel/repo/d021rs-yolov5-ros2-subscription-node-limitationuk/install/ros_robot_controller_msgs/include/ros_robot_controller_msgs/ros_robot_controller_msgs/srv/detail/get_pwm_servo_state__builder.hpp
-- Symlinking: /home/intel/repo/d021rs-yolov5-ros2-subscription-node-limitationuk/install/ros_robot_controller_msgs/include/ros_robot_controller_msgs/ros_robot_controller_msgs/srv/detail/get_pwm_servo_state__struct.hpp
-- Symlinking: /home/intel/repo/d021rs-yolov5-ros2-subscription-node-limitationuk/install/ros_robot_controller_msgs/include/ros_robot_controller_msgs/ros_robot_controller_msgs/srv/detail/get_pwm_servo_state__traits.hpp
-- Symlinking: /home/intel/repo/d021rs-yolov5-ros2-subscription-node-limitationuk/install/ros_robot_controller_msgs/include/ros_robot_controller_msgs/ros_robot_controller_msgs/srv/detail/get_pwm_servo_state__type_support.hpp
-- Symlinking: /home/intel/repo/d021rs-yolov5-ros2-subscription-node-limitationuk/install/ros_robot_controller_msgs/include/ros_robot_controller_msgs/ros_robot_controller_msgs/srv/get_bus_servo_state.hpp
-- Symlinking: /home/intel/repo/d021rs-yolov5-ros2-subscription-node-limitationuk/install/ros_robot_controller_msgs/include/ros_robot_controller_msgs/ros_robot_controller_msgs/srv/get_pwm_servo_state.hpp
-- Symlinking: /home/intel/repo/d021rs-yolov5-ros2-subscription-node-limitationuk/install/ros_robot_controller_msgs/include/ros_robot_controller_msgs/ros_robot_controller_msgs/msg/detail/bus_servo_state__rosidl_typesupport_fastrtps_cpp.hpp
-- Symlinking: /home/intel/repo/d021rs-yolov5-ros2-subscription-node-limitationuk/install/ros_robot_controller_msgs/include/ros_robot_controller_msgs/ros_robot_controller_msgs/msg/detail/button_state__rosidl_typesupport_fastrtps_cpp.hpp
-- Symlinking: /home/intel/repo/d021rs-yolov5-ros2-subscription-node-limitationuk/install/ros_robot_controller_msgs/include/ros_robot_controller_msgs/ros_robot_controller_msgs/msg/detail/buzzer_state__rosidl_typesupport_fastrtps_cpp.hpp
-- Symlinking: /home/intel/repo/d021rs-yolov5-ros2-subscription-node-limitationuk/install/ros_robot_controller_msgs/include/ros_robot_controller_msgs/ros_robot_controller_msgs/msg/detail/get_bus_servo_cmd__rosidl_typesupport_fastrtps_cpp.hpp
-- Symlinking: /home/intel/repo/d021rs-yolov5-ros2-subscription-node-limitationuk/install/ros_robot_controller_msgs/include/ros_robot_controller_msgs/ros_robot_controller_msgs/msg/detail/get_pwm_servo_cmd__rosidl_typesupport_fastrtps_cpp.hpp
-- Symlinking: /home/intel/repo/d021rs-yolov5-ros2-subscription-node-limitationuk/install/ros_robot_controller_msgs/include/ros_robot_controller_msgs/ros_robot_controller_msgs/msg/detail/led_state__rosidl_typesupport_fastrtps_cpp.hpp
-- Symlinking: /home/intel/repo/d021rs-yolov5-ros2-subscription-node-limitationuk/install/ros_robot_controller_msgs/include/ros_robot_controller_msgs/ros_robot_controller_msgs/msg/detail/motor_state__rosidl_typesupport_fastrtps_cpp.hpp
-- Symlinking: /home/intel/repo/d021rs-yolov5-ros2-subscription-node-limitationuk/install/ros_robot_controller_msgs/include/ros_robot_controller_msgs/ros_robot_controller_msgs/msg/detail/motors_state__rosidl_typesupport_fastrtps_cpp.hpp
-- Symlinking: /home/intel/repo/d021rs-yolov5-ros2-subscription-node-limitationuk/install/ros_robot_controller_msgs/include/ros_robot_controller_msgs/ros_robot_controller_msgs/msg/detail/oled_state__rosidl_typesupport_fastrtps_cpp.hpp
-- Symlinking: /home/intel/repo/d021rs-yolov5-ros2-subscription-node-limitationuk/install/ros_robot_controller_msgs/include/ros_robot_controller_msgs/ros_robot_controller_msgs/msg/detail/pwm_servo_state__rosidl_typesupport_fastrtps_cpp.hpp
-- Symlinking: /home/intel/repo/d021rs-yolov5-ros2-subscription-node-limitationuk/install/ros_robot_controller_msgs/include/ros_robot_controller_msgs/ros_robot_controller_msgs/msg/detail/rgb_state__rosidl_typesupport_fastrtps_cpp.hpp
-- Symlinking: /home/intel/repo/d021rs-yolov5-ros2-subscription-node-limitationuk/install/ros_robot_controller_msgs/include/ros_robot_controller_msgs/ros_robot_controller_msgs/msg/detail/rgb_states__rosidl_typesupport_fastrtps_cpp.hpp
-- Symlinking: /home/intel/repo/d021rs-yolov5-ros2-subscription-node-limitationuk/install/ros_robot_controller_msgs/include/ros_robot_controller_msgs/ros_robot_controller_msgs/msg/detail/sbus__rosidl_typesupport_fastrtps_cpp.hpp
-- Symlinking: /home/intel/repo/d021rs-yolov5-ros2-subscription-node-limitationuk/install/ros_robot_controller_msgs/include/ros_robot_controller_msgs/ros_robot_controller_msgs/msg/detail/servo_position__rosidl_typesupport_fastrtps_cpp.hpp
-- Symlinking: /home/intel/repo/d021rs-yolov5-ros2-subscription-node-limitationuk/install/ros_robot_controller_msgs/include/ros_robot_controller_msgs/ros_robot_controller_msgs/msg/detail/servos_position__rosidl_typesupport_fastrtps_cpp.hpp
-- Symlinking: /home/intel/repo/d021rs-yolov5-ros2-subscription-node-limitationuk/install/ros_robot_controller_msgs/include/ros_robot_controller_msgs/ros_robot_controller_msgs/msg/detail/set_bus_servo_state__rosidl_typesupport_fastrtps_cpp.hpp
-- Symlinking: /home/intel/repo/d021rs-yolov5-ros2-subscription-node-limitationuk/install/ros_robot_controller_msgs/include/ros_robot_controller_msgs/ros_robot_controller_msgs/msg/detail/set_pwm_servo_state__rosidl_typesupport_fastrtps_cpp.hpp
-- Symlinking: /home/intel/repo/d021rs-yolov5-ros2-subscription-node-limitationuk/install/ros_robot_controller_msgs/include/ros_robot_controller_msgs/ros_robot_controller_msgs/msg/rosidl_typesupport_fastrtps_cpp__visibility_control.h
-- Symlinking: /home/intel/repo/d021rs-yolov5-ros2-subscription-node-limitationuk/install/ros_robot_controller_msgs/include/ros_robot_controller_msgs/ros_robot_controller_msgs/srv/detail/get_bus_servo_state__rosidl_typesupport_fastrtps_cpp.hpp
-- Symlinking: /home/intel/repo/d021rs-yolov5-ros2-subscription-node-limitationuk/install/ros_robot_controller_msgs/include/ros_robot_controller_msgs/ros_robot_controller_msgs/srv/detail/get_pwm_servo_state__rosidl_typesupport_fastrtps_cpp.hpp
-- Symlinking: /home/intel/repo/d021rs-yolov5-ros2-subscription-node-limitationuk/install/ros_robot_controller_msgs/include/ros_robot_controller_msgs/ros_robot_controller_msgs/msg/detail/bus_servo_state__rosidl_typesupport_introspection_c.h
-- Symlinking: /home/intel/repo/d021rs-yolov5-ros2-subscription-node-limitationuk/install/ros_robot_controller_msgs/include/ros_robot_controller_msgs/ros_robot_controller_msgs/msg/detail/button_state__rosidl_typesupport_introspection_c.h
-- Symlinking: /home/intel/repo/d021rs-yolov5-ros2-subscription-node-limitationuk/install/ros_robot_controller_msgs/include/ros_robot_controller_msgs/ros_robot_controller_msgs/msg/detail/buzzer_state__rosidl_typesupport_introspection_c.h
-- Symlinking: /home/intel/repo/d021rs-yolov5-ros2-subscription-node-limitationuk/install/ros_robot_controller_msgs/include/ros_robot_controller_msgs/ros_robot_controller_msgs/msg/detail/get_bus_servo_cmd__rosidl_typesupport_introspection_c.h
-- Symlinking: /home/intel/repo/d021rs-yolov5-ros2-subscription-node-limitationuk/install/ros_robot_controller_msgs/include/ros_robot_controller_msgs/ros_robot_controller_msgs/msg/detail/get_pwm_servo_cmd__rosidl_typesupport_introspection_c.h
-- Symlinking: /home/intel/repo/d021rs-yolov5-ros2-subscription-node-limitationuk/install/ros_robot_controller_msgs/include/ros_robot_controller_msgs/ros_robot_controller_msgs/msg/detail/led_state__rosidl_typesupport_introspection_c.h
-- Symlinking: /home/intel/repo/d021rs-yolov5-ros2-subscription-node-limitationuk/install/ros_robot_controller_msgs/include/ros_robot_controller_msgs/ros_robot_controller_msgs/msg/detail/motor_state__rosidl_typesupport_introspection_c.h
-- Symlinking: /home/intel/repo/d021rs-yolov5-ros2-subscription-node-limitationuk/install/ros_robot_controller_msgs/include/ros_robot_controller_msgs/ros_robot_controller_msgs/msg/detail/motors_state__rosidl_typesupport_introspection_c.h
-- Symlinking: /home/intel/repo/d021rs-yolov5-ros2-subscription-node-limitationuk/install/ros_robot_controller_msgs/include/ros_robot_controller_msgs/ros_robot_controller_msgs/msg/detail/oled_state__rosidl_typesupport_introspection_c.h
-- Symlinking: /home/intel/repo/d021rs-yolov5-ros2-subscription-node-limitationuk/install/ros_robot_controller_msgs/include/ros_robot_controller_msgs/ros_robot_controller_msgs/msg/detail/pwm_servo_state__rosidl_typesupport_introspection_c.h
-- Symlinking: /home/intel/repo/d021rs-yolov5-ros2-subscription-node-limitationuk/install/ros_robot_controller_msgs/include/ros_robot_controller_msgs/ros_robot_controller_msgs/msg/detail/rgb_state__rosidl_typesupport_introspection_c.h
-- Symlinking: /home/intel/repo/d021rs-yolov5-ros2-subscription-node-limitationuk/install/ros_robot_controller_msgs/include/ros_robot_controller_msgs/ros_robot_controller_msgs/msg/detail/rgb_states__rosidl_typesupport_introspection_c.h
-- Symlinking: /home/intel/repo/d021rs-yolov5-ros2-subscription-node-limitationuk/install/ros_robot_controller_msgs/include/ros_robot_controller_msgs/ros_robot_controller_msgs/msg/detail/sbus__rosidl_typesupport_introspection_c.h
-- Symlinking: /home/intel/repo/d021rs-yolov5-ros2-subscription-node-limitationuk/install/ros_robot_controller_msgs/include/ros_robot_controller_msgs/ros_robot_controller_msgs/msg/detail/servo_position__rosidl_typesupport_introspection_c.h
-- Symlinking: /home/intel/repo/d021rs-yolov5-ros2-subscription-node-limitationuk/install/ros_robot_controller_msgs/include/ros_robot_controller_msgs/ros_robot_controller_msgs/msg/detail/servos_position__rosidl_typesupport_introspection_c.h
-- Symlinking: /home/intel/repo/d021rs-yolov5-ros2-subscription-node-limitationuk/install/ros_robot_controller_msgs/include/ros_robot_controller_msgs/ros_robot_controller_msgs/msg/detail/set_bus_servo_state__rosidl_typesupport_introspection_c.h
-- Symlinking: /home/intel/repo/d021rs-yolov5-ros2-subscription-node-limitationuk/install/ros_robot_controller_msgs/include/ros_robot_controller_msgs/ros_robot_controller_msgs/msg/detail/set_pwm_servo_state__rosidl_typesupport_introspection_c.h
-- Symlinking: /home/intel/repo/d021rs-yolov5-ros2-subscription-node-limitationuk/install/ros_robot_controller_msgs/include/ros_robot_controller_msgs/ros_robot_controller_msgs/msg/rosidl_typesupport_introspection_c__visibility_control.h
-- Symlinking: /home/intel/repo/d021rs-yolov5-ros2-subscription-node-limitationuk/install/ros_robot_controller_msgs/include/ros_robot_controller_msgs/ros_robot_controller_msgs/srv/detail/get_bus_servo_state__rosidl_typesupport_introspection_c.h
-- Symlinking: /home/intel/repo/d021rs-yolov5-ros2-subscription-node-limitationuk/install/ros_robot_controller_msgs/include/ros_robot_controller_msgs/ros_robot_controller_msgs/srv/detail/get_pwm_servo_state__rosidl_typesupport_introspection_c.h
-- Symlinking: /home/intel/repo/d021rs-yolov5-ros2-subscription-node-limitationuk/install/ros_robot_controller_msgs/include/ros_robot_controller_msgs/ros_robot_controller_msgs/msg/detail/bus_servo_state__rosidl_typesupport_introspection_cpp.hpp
-- Symlinking: /home/intel/repo/d021rs-yolov5-ros2-subscription-node-limitationuk/install/ros_robot_controller_msgs/include/ros_robot_controller_msgs/ros_robot_controller_msgs/msg/detail/button_state__rosidl_typesupport_introspection_cpp.hpp
-- Symlinking: /home/intel/repo/d021rs-yolov5-ros2-subscription-node-limitationuk/install/ros_robot_controller_msgs/include/ros_robot_controller_msgs/ros_robot_controller_msgs/msg/detail/buzzer_state__rosidl_typesupport_introspection_cpp.hpp
-- Symlinking: /home/intel/repo/d021rs-yolov5-ros2-subscription-node-limitationuk/install/ros_robot_controller_msgs/include/ros_robot_controller_msgs/ros_robot_controller_msgs/msg/detail/get_bus_servo_cmd__rosidl_typesupport_introspection_cpp.hpp
-- Symlinking: /home/intel/repo/d021rs-yolov5-ros2-subscription-node-limitationuk/install/ros_robot_controller_msgs/include/ros_robot_controller_msgs/ros_robot_controller_msgs/msg/detail/get_pwm_servo_cmd__rosidl_typesupport_introspection_cpp.hpp
-- Symlinking: /home/intel/repo/d021rs-yolov5-ros2-subscription-node-limitationuk/install/ros_robot_controller_msgs/include/ros_robot_controller_msgs/ros_robot_controller_msgs/msg/detail/led_state__rosidl_typesupport_introspection_cpp.hpp
-- Symlinking: /home/intel/repo/d021rs-yolov5-ros2-subscription-node-limitationuk/install/ros_robot_controller_msgs/include/ros_robot_controller_msgs/ros_robot_controller_msgs/msg/detail/motor_state__rosidl_typesupport_introspection_cpp.hpp
-- Symlinking: /home/intel/repo/d021rs-yolov5-ros2-subscription-node-limitationuk/install/ros_robot_controller_msgs/include/ros_robot_controller_msgs/ros_robot_controller_msgs/msg/detail/motors_state__rosidl_typesupport_introspection_cpp.hpp
-- Symlinking: /home/intel/repo/d021rs-yolov5-ros2-subscription-node-limitationuk/install/ros_robot_controller_msgs/include/ros_robot_controller_msgs/ros_robot_controller_msgs/msg/detail/oled_state__rosidl_typesupport_introspection_cpp.hpp
-- Symlinking: /home/intel/repo/d021rs-yolov5-ros2-subscription-node-limitationuk/install/ros_robot_controller_msgs/include/ros_robot_controller_msgs/ros_robot_controller_msgs/msg/detail/pwm_servo_state__rosidl_typesupport_introspection_cpp.hpp
-- Symlinking: /home/intel/repo/d021rs-yolov5-ros2-subscription-node-limitationuk/install/ros_robot_controller_msgs/include/ros_robot_controller_msgs/ros_robot_controller_msgs/msg/detail/rgb_state__rosidl_typesupport_introspection_cpp.hpp
-- Symlinking: /home/intel/repo/d021rs-yolov5-ros2-subscription-node-limitationuk/install/ros_robot_controller_msgs/include/ros_robot_controller_msgs/ros_robot_controller_msgs/msg/detail/rgb_states__rosidl_typesupport_introspection_cpp.hpp
-- Symlinking: /home/intel/repo/d021rs-yolov5-ros2-subscription-node-limitationuk/install/ros_robot_controller_msgs/include/ros_robot_controller_msgs/ros_robot_controller_msgs/msg/detail/sbus__rosidl_typesupport_introspection_cpp.hpp
-- Symlinking: /home/intel/repo/d021rs-yolov5-ros2-subscription-node-limitationuk/install/ros_robot_controller_msgs/include/ros_robot_controller_msgs/ros_robot_controller_msgs/msg/detail/servo_position__rosidl_typesupport_introspection_cpp.hpp
-- Symlinking: /home/intel/repo/d021rs-yolov5-ros2-subscription-node-limitationuk/install/ros_robot_controller_msgs/include/ros_robot_controller_msgs/ros_robot_controller_msgs/msg/detail/servos_position__rosidl_typesupport_introspection_cpp.hpp
-- Symlinking: /home/intel/repo/d021rs-yolov5-ros2-subscription-node-limitationuk/install/ros_robot_controller_msgs/include/ros_robot_controller_msgs/ros_robot_controller_msgs/msg/detail/set_bus_servo_state__rosidl_typesupport_introspection_cpp.hpp
-- Symlinking: /home/intel/repo/d021rs-yolov5-ros2-subscription-node-limitationuk/install/ros_robot_controller_msgs/include/ros_robot_controller_msgs/ros_robot_controller_msgs/msg/detail/set_pwm_servo_state__rosidl_typesupport_introspection_cpp.hpp
-- Symlinking: /home/intel/repo/d021rs-yolov5-ros2-subscription-node-limitationuk/install/ros_robot_controller_msgs/include/ros_robot_controller_msgs/ros_robot_controller_msgs/srv/detail/get_bus_servo_state__rosidl_typesupport_introspection_cpp.hpp
-- Symlinking: /home/intel/repo/d021rs-yolov5-ros2-subscription-node-limitationuk/install/ros_robot_controller_msgs/include/ros_robot_controller_msgs/ros_robot_controller_msgs/srv/detail/get_pwm_servo_state__rosidl_typesupport_introspection_cpp.hpp
-- Symlinking: /home/intel/repo/d021rs-yolov5-ros2-subscription-node-limitationuk/install/ros_robot_controller_msgs/share/ros_robot_controller_msgs/environment/pythonpath.sh
-- Symlinking: /home/intel/repo/d021rs-yolov5-ros2-subscription-node-limitationuk/install/ros_robot_controller_msgs/share/ros_robot_controller_msgs/environment/pythonpath.dsv
-- Symlinking: /home/intel/repo/d021rs-yolov5-ros2-subscription-node-limitationuk/install/ros_robot_controller_msgs/lib/python3.12/site-packages/ros_robot_controller_msgs-0.0.0-py3.12.egg-info/PKG-INFO
-- Symlinking: /home/intel/repo/d021rs-yolov5-ros2-subscription-node-limitationuk/install/ros_robot_controller_msgs/lib/python3.12/site-packages/ros_robot_controller_msgs-0.0.0-py3.12.egg-info/SOURCES.txt
-- Symlinking: /home/intel/repo/d021rs-yolov5-ros2-subscription-node-limitationuk/install/ros_robot_controller_msgs/lib/python3.12/site-packages/ros_robot_controller_msgs-0.0.0-py3.12.egg-info/dependency_links.txt
-- Symlinking: /home/intel/repo/d021rs-yolov5-ros2-subscription-node-limitationuk/install/ros_robot_controller_msgs/lib/python3.12/site-packages/ros_robot_controller_msgs-0.0.0-py3.12.egg-info/top_level.txt
-- Symlinking: /home/intel/repo/d021rs-yolov5-ros2-subscription-node-limitationuk/install/ros_robot_controller_msgs/lib/python3.12/site-packages/ros_robot_controller_msgs/__init__.py
-- Symlinking: /home/intel/repo/d021rs-yolov5-ros2-subscription-node-limitationuk/install/ros_robot_controller_msgs/lib/python3.12/site-packages/ros_robot_controller_msgs/_ros_robot_controller_msgs_s.ep.rosidl_typesupport_c.c
-- Symlinking: /home/intel/repo/d021rs-yolov5-ros2-subscription-node-limitationuk/install/ros_robot_controller_msgs/lib/python3.12/site-packages/ros_robot_controller_msgs/_ros_robot_controller_msgs_s.ep.rosidl_typesupport_fastrtps_c.c
-- Symlinking: /home/intel/repo/d021rs-yolov5-ros2-subscription-node-limitationuk/install/ros_robot_controller_msgs/lib/python3.12/site-packages/ros_robot_controller_msgs/_ros_robot_controller_msgs_s.ep.rosidl_typesupport_introspection_c.c
-- Symlinking: /home/intel/repo/d021rs-yolov5-ros2-subscription-node-limitationuk/install/ros_robot_controller_msgs/lib/python3.12/site-packages/ros_robot_controller_msgs/msg/__init__.py
-- Symlinking: /home/intel/repo/d021rs-yolov5-ros2-subscription-node-limitationuk/install/ros_robot_controller_msgs/lib/python3.12/site-packages/ros_robot_controller_msgs/msg/_bus_servo_state.py
-- Symlinking: /home/intel/repo/d021rs-yolov5-ros2-subscription-node-limitationuk/install/ros_robot_controller_msgs/lib/python3.12/site-packages/ros_robot_controller_msgs/msg/_bus_servo_state_s.c
-- Symlinking: /home/intel/repo/d021rs-yolov5-ros2-subscription-node-limitationuk/install/ros_robot_controller_msgs/lib/python3.12/site-packages/ros_robot_controller_msgs/msg/_button_state.py
-- Symlinking: /home/intel/repo/d021rs-yolov5-ros2-subscription-node-limitationuk/install/ros_robot_controller_msgs/lib/python3.12/site-packages/ros_robot_controller_msgs/msg/_button_state_s.c
-- Symlinking: /home/intel/repo/d021rs-yolov5-ros2-subscription-node-limitationuk/install/ros_robot_controller_msgs/lib/python3.12/site-packages/ros_robot_controller_msgs/msg/_buzzer_state.py
-- Symlinking: /home/intel/repo/d021rs-yolov5-ros2-subscription-node-limitationuk/install/ros_robot_controller_msgs/lib/python3.12/site-packages/ros_robot_controller_msgs/msg/_buzzer_state_s.c
-- Symlinking: /home/intel/repo/d021rs-yolov5-ros2-subscription-node-limitationuk/install/ros_robot_controller_msgs/lib/python3.12/site-packages/ros_robot_controller_msgs/msg/_get_bus_servo_cmd.py
-- Symlinking: /home/intel/repo/d021rs-yolov5-ros2-subscription-node-limitationuk/install/ros_robot_controller_msgs/lib/python3.12/site-packages/ros_robot_controller_msgs/msg/_get_bus_servo_cmd_s.c
-- Symlinking: /home/intel/repo/d021rs-yolov5-ros2-subscription-node-limitationuk/install/ros_robot_controller_msgs/lib/python3.12/site-packages/ros_robot_controller_msgs/msg/_get_pwm_servo_cmd.py
-- Symlinking: /home/intel/repo/d021rs-yolov5-ros2-subscription-node-limitationuk/install/ros_robot_controller_msgs/lib/python3.12/site-packages/ros_robot_controller_msgs/msg/_get_pwm_servo_cmd_s.c
-- Symlinking: /home/intel/repo/d021rs-yolov5-ros2-subscription-node-limitationuk/install/ros_robot_controller_msgs/lib/python3.12/site-packages/ros_robot_controller_msgs/msg/_led_state.py
-- Symlinking: /home/intel/repo/d021rs-yolov5-ros2-subscription-node-limitationuk/install/ros_robot_controller_msgs/lib/python3.12/site-packages/ros_robot_controller_msgs/msg/_led_state_s.c
-- Symlinking: /home/intel/repo/d021rs-yolov5-ros2-subscription-node-limitationuk/install/ros_robot_controller_msgs/lib/python3.12/site-packages/ros_robot_controller_msgs/msg/_motor_state.py
-- Symlinking: /home/intel/repo/d021rs-yolov5-ros2-subscription-node-limitationuk/install/ros_robot_controller_msgs/lib/python3.12/site-packages/ros_robot_controller_msgs/msg/_motor_state_s.c
-- Symlinking: /home/intel/repo/d021rs-yolov5-ros2-subscription-node-limitationuk/install/ros_robot_controller_msgs/lib/python3.12/site-packages/ros_robot_controller_msgs/msg/_motors_state.py
-- Symlinking: /home/intel/repo/d021rs-yolov5-ros2-subscription-node-limitationuk/install/ros_robot_controller_msgs/lib/python3.12/site-packages/ros_robot_controller_msgs/msg/_motors_state_s.c
-- Symlinking: /home/intel/repo/d021rs-yolov5-ros2-subscription-node-limitationuk/install/ros_robot_controller_msgs/lib/python3.12/site-packages/ros_robot_controller_msgs/msg/_oled_state.py
-- Symlinking: /home/intel/repo/d021rs-yolov5-ros2-subscription-node-limitationuk/install/ros_robot_controller_msgs/lib/python3.12/site-packages/ros_robot_controller_msgs/msg/_oled_state_s.c
-- Symlinking: /home/intel/repo/d021rs-yolov5-ros2-subscription-node-limitationuk/install/ros_robot_controller_msgs/lib/python3.12/site-packages/ros_robot_controller_msgs/msg/_pwm_servo_state.py
-- Symlinking: /home/intel/repo/d021rs-yolov5-ros2-subscription-node-limitationuk/install/ros_robot_controller_msgs/lib/python3.12/site-packages/ros_robot_controller_msgs/msg/_pwm_servo_state_s.c
-- Symlinking: /home/intel/repo/d021rs-yolov5-ros2-subscription-node-limitationuk/install/ros_robot_controller_msgs/lib/python3.12/site-packages/ros_robot_controller_msgs/msg/_rgb_state.py
-- Symlinking: /home/intel/repo/d021rs-yolov5-ros2-subscription-node-limitationuk/install/ros_robot_controller_msgs/lib/python3.12/site-packages/ros_robot_controller_msgs/msg/_rgb_state_s.c
-- Symlinking: /home/intel/repo/d021rs-yolov5-ros2-subscription-node-limitationuk/install/ros_robot_controller_msgs/lib/python3.12/site-packages/ros_robot_controller_msgs/msg/_rgb_states.py
-- Symlinking: /home/intel/repo/d021rs-yolov5-ros2-subscription-node-limitationuk/install/ros_robot_controller_msgs/lib/python3.12/site-packages/ros_robot_controller_msgs/msg/_rgb_states_s.c
-- Symlinking: /home/intel/repo/d021rs-yolov5-ros2-subscription-node-limitationuk/install/ros_robot_controller_msgs/lib/python3.12/site-packages/ros_robot_controller_msgs/msg/_sbus.py
-- Symlinking: /home/intel/repo/d021rs-yolov5-ros2-subscription-node-limitationuk/install/ros_robot_controller_msgs/lib/python3.12/site-packages/ros_robot_controller_msgs/msg/_sbus_s.c
-- Symlinking: /home/intel/repo/d021rs-yolov5-ros2-subscription-node-limitationuk/install/ros_robot_controller_msgs/lib/python3.12/site-packages/ros_robot_controller_msgs/msg/_servo_position.py
-- Symlinking: /home/intel/repo/d021rs-yolov5-ros2-subscription-node-limitationuk/install/ros_robot_controller_msgs/lib/python3.12/site-packages/ros_robot_controller_msgs/msg/_servo_position_s.c
-- Symlinking: /home/intel/repo/d021rs-yolov5-ros2-subscription-node-limitationuk/install/ros_robot_controller_msgs/lib/python3.12/site-packages/ros_robot_controller_msgs/msg/_servos_position.py
-- Symlinking: /home/intel/repo/d021rs-yolov5-ros2-subscription-node-limitationuk/install/ros_robot_controller_msgs/lib/python3.12/site-packages/ros_robot_controller_msgs/msg/_servos_position_s.c
-- Symlinking: /home/intel/repo/d021rs-yolov5-ros2-subscription-node-limitationuk/install/ros_robot_controller_msgs/lib/python3.12/site-packages/ros_robot_controller_msgs/msg/_set_bus_servo_state.py
-- Symlinking: /home/intel/repo/d021rs-yolov5-ros2-subscription-node-limitationuk/install/ros_robot_controller_msgs/lib/python3.12/site-packages/ros_robot_controller_msgs/msg/_set_bus_servo_state_s.c
-- Symlinking: /home/intel/repo/d021rs-yolov5-ros2-subscription-node-limitationuk/install/ros_robot_controller_msgs/lib/python3.12/site-packages/ros_robot_controller_msgs/msg/_set_pwm_servo_state.py
-- Symlinking: /home/intel/repo/d021rs-yolov5-ros2-subscription-node-limitationuk/install/ros_robot_controller_msgs/lib/python3.12/site-packages/ros_robot_controller_msgs/msg/_set_pwm_servo_state_s.c
-- Symlinking: /home/intel/repo/d021rs-yolov5-ros2-subscription-node-limitationuk/install/ros_robot_controller_msgs/lib/python3.12/site-packages/ros_robot_controller_msgs/ros_robot_controller_msgs_s__rosidl_typesupport_c.so
-- Symlinking: /home/intel/repo/d021rs-yolov5-ros2-subscription-node-limitationuk/install/ros_robot_controller_msgs/lib/python3.12/site-packages/ros_robot_controller_msgs/ros_robot_controller_msgs_s__rosidl_typesupport_fastrtps_c.so
-- Symlinking: /home/intel/repo/d021rs-yolov5-ros2-subscription-node-limitationuk/install/ros_robot_controller_msgs/lib/python3.12/site-packages/ros_robot_controller_msgs/ros_robot_controller_msgs_s__rosidl_typesupport_introspection_c.so
-- Symlinking: /home/intel/repo/d021rs-yolov5-ros2-subscription-node-limitationuk/install/ros_robot_controller_msgs/lib/python3.12/site-packages/ros_robot_controller_msgs/srv/__init__.py
-- Symlinking: /home/intel/repo/d021rs-yolov5-ros2-subscription-node-limitationuk/install/ros_robot_controller_msgs/lib/python3.12/site-packages/ros_robot_controller_msgs/srv/_get_bus_servo_state.py
-- Symlinking: /home/intel/repo/d021rs-yolov5-ros2-subscription-node-limitationuk/install/ros_robot_controller_msgs/lib/python3.12/site-packages/ros_robot_controller_msgs/srv/_get_bus_servo_state_s.c
-- Symlinking: /home/intel/repo/d021rs-yolov5-ros2-subscription-node-limitationuk/install/ros_robot_controller_msgs/lib/python3.12/site-packages/ros_robot_controller_msgs/srv/_get_pwm_servo_state.py
-- Symlinking: /home/intel/repo/d021rs-yolov5-ros2-subscription-node-limitationuk/install/ros_robot_controller_msgs/lib/python3.12/site-packages/ros_robot_controller_msgs/srv/_get_pwm_servo_state_s.c
-- Up-to-date symlink: /home/intel/repo/d021rs-yolov5-ros2-subscription-node-limitationuk/install/ros_robot_controller_msgs/lib/python3.12/site-packages/ros_robot_controller_msgs/ros_robot_controller_msgs_s__rosidl_typesupport_fastrtps_c.so
-- Up-to-date symlink: /home/intel/repo/d021rs-yolov5-ros2-subscription-node-limitationuk/install/ros_robot_controller_msgs/lib/python3.12/site-packages/ros_robot_controller_msgs/ros_robot_controller_msgs_s__rosidl_typesupport_introspection_c.so
-- Up-to-date symlink: /home/intel/repo/d021rs-yolov5-ros2-subscription-node-limitationuk/install/ros_robot_controller_msgs/lib/python3.12/site-packages/ros_robot_controller_msgs/ros_robot_controller_msgs_s__rosidl_typesupport_c.so
-- Symlinking: /home/intel/repo/d021rs-yolov5-ros2-subscription-node-limitationuk/install/ros_robot_controller_msgs/share/ros_robot_controller_msgs/msg/BusServoState.idl
-- Symlinking: /home/intel/repo/d021rs-yolov5-ros2-subscription-node-limitationuk/install/ros_robot_controller_msgs/share/ros_robot_controller_msgs/msg/ButtonState.idl
-- Symlinking: /home/intel/repo/d021rs-yolov5-ros2-subscription-node-limitationuk/install/ros_robot_controller_msgs/share/ros_robot_controller_msgs/msg/BuzzerState.idl
-- Symlinking: /home/intel/repo/d021rs-yolov5-ros2-subscription-node-limitationuk/install/ros_robot_controller_msgs/share/ros_robot_controller_msgs/msg/LedState.idl
-- Symlinking: /home/intel/repo/d021rs-yolov5-ros2-subscription-node-limitationuk/install/ros_robot_controller_msgs/share/ros_robot_controller_msgs/msg/MotorState.idl
-- Symlinking: /home/intel/repo/d021rs-yolov5-ros2-subscription-node-limitationuk/install/ros_robot_controller_msgs/share/ros_robot_controller_msgs/msg/MotorsState.idl
-- Symlinking: /home/intel/repo/d021rs-yolov5-ros2-subscription-node-limitationuk/install/ros_robot_controller_msgs/share/ros_robot_controller_msgs/msg/PWMServoState.idl
-- Symlinking: /home/intel/repo/d021rs-yolov5-ros2-subscription-node-limitationuk/install/ros_robot_controller_msgs/share/ros_robot_controller_msgs/msg/Sbus.idl
-- Symlinking: /home/intel/repo/d021rs-yolov5-ros2-subscription-node-limitationuk/install/ros_robot_controller_msgs/share/ros_robot_controller_msgs/msg/OLEDState.idl
-- Symlinking: /home/intel/repo/d021rs-yolov5-ros2-subscription-node-limitationuk/install/ros_robot_controller_msgs/share/ros_robot_controller_msgs/msg/SetBusServoState.idl
-- Symlinking: /home/intel/repo/d021rs-yolov5-ros2-subscription-node-limitationuk/install/ros_robot_controller_msgs/share/ros_robot_controller_msgs/msg/RGBStates.idl
-- Symlinking: /home/intel/repo/d021rs-yolov5-ros2-subscription-node-limitationuk/install/ros_robot_controller_msgs/share/ros_robot_controller_msgs/msg/RGBState.idl
-- Symlinking: /home/intel/repo/d021rs-yolov5-ros2-subscription-node-limitationuk/install/ros_robot_controller_msgs/share/ros_robot_controller_msgs/msg/ServoPosition.idl
-- Symlinking: /home/intel/repo/d021rs-yolov5-ros2-subscription-node-limitationuk/install/ros_robot_controller_msgs/share/ros_robot_controller_msgs/msg/ServosPosition.idl
-- Symlinking: /home/intel/repo/d021rs-yolov5-ros2-subscription-node-limitationuk/install/ros_robot_controller_msgs/share/ros_robot_controller_msgs/msg/SetPWMServoState.idl
-- Symlinking: /home/intel/repo/d021rs-yolov5-ros2-subscription-node-limitationuk/install/ros_robot_controller_msgs/share/ros_robot_controller_msgs/msg/GetBusServoCmd.idl
-- Symlinking: /home/intel/repo/d021rs-yolov5-ros2-subscription-node-limitationuk/install/ros_robot_controller_msgs/share/ros_robot_controller_msgs/msg/GetPWMServoCmd.idl
-- Symlinking: /home/intel/repo/d021rs-yolov5-ros2-subscription-node-limitationuk/install/ros_robot_controller_msgs/share/ros_robot_controller_msgs/srv/GetBusServoState.idl
-- Symlinking: /home/intel/repo/d021rs-yolov5-ros2-subscription-node-limitationuk/install/ros_robot_controller_msgs/share/ros_robot_controller_msgs/srv/GetPWMServoState.idl
-- Symlinking: /home/intel/repo/d021rs-yolov5-ros2-subscription-node-limitationuk/install/ros_robot_controller_msgs/share/ros_robot_controller_msgs/msg/BusServoState.msg
-- Symlinking: /home/intel/repo/d021rs-yolov5-ros2-subscription-node-limitationuk/install/ros_robot_controller_msgs/share/ros_robot_controller_msgs/msg/ButtonState.msg
-- Symlinking: /home/intel/repo/d021rs-yolov5-ros2-subscription-node-limitationuk/install/ros_robot_controller_msgs/share/ros_robot_controller_msgs/msg/BuzzerState.msg
-- Symlinking: /home/intel/repo/d021rs-yolov5-ros2-subscription-node-limitationuk/install/ros_robot_controller_msgs/share/ros_robot_controller_msgs/msg/LedState.msg
-- Symlinking: /home/intel/repo/d021rs-yolov5-ros2-subscription-node-limitationuk/install/ros_robot_controller_msgs/share/ros_robot_controller_msgs/msg/MotorState.msg
-- Symlinking: /home/intel/repo/d021rs-yolov5-ros2-subscription-node-limitationuk/install/ros_robot_controller_msgs/share/ros_robot_controller_msgs/msg/MotorsState.msg
-- Symlinking: /home/intel/repo/d021rs-yolov5-ros2-subscription-node-limitationuk/install/ros_robot_controller_msgs/share/ros_robot_controller_msgs/msg/PWMServoState.msg
-- Symlinking: /home/intel/repo/d021rs-yolov5-ros2-subscription-node-limitationuk/install/ros_robot_controller_msgs/share/ros_robot_controller_msgs/msg/Sbus.msg
-- Symlinking: /home/intel/repo/d021rs-yolov5-ros2-subscription-node-limitationuk/install/ros_robot_controller_msgs/share/ros_robot_controller_msgs/msg/OLEDState.msg
-- Symlinking: /home/intel/repo/d021rs-yolov5-ros2-subscription-node-limitationuk/install/ros_robot_controller_msgs/share/ros_robot_controller_msgs/msg/SetBusServoState.msg
-- Symlinking: /home/intel/repo/d021rs-yolov5-ros2-subscription-node-limitationuk/install/ros_robot_controller_msgs/share/ros_robot_controller_msgs/msg/RGBStates.msg
-- Symlinking: /home/intel/repo/d021rs-yolov5-ros2-subscription-node-limitationuk/install/ros_robot_controller_msgs/share/ros_robot_controller_msgs/msg/RGBState.msg
-- Symlinking: /home/intel/repo/d021rs-yolov5-ros2-subscription-node-limitationuk/install/ros_robot_controller_msgs/share/ros_robot_controller_msgs/msg/ServoPosition.msg
-- Symlinking: /home/intel/repo/d021rs-yolov5-ros2-subscription-node-limitationuk/install/ros_robot_controller_msgs/share/ros_robot_controller_msgs/msg/ServosPosition.msg
-- Symlinking: /home/intel/repo/d021rs-yolov5-ros2-subscription-node-limitationuk/install/ros_robot_controller_msgs/share/ros_robot_controller_msgs/msg/SetPWMServoState.msg
-- Symlinking: /home/intel/repo/d021rs-yolov5-ros2-subscription-node-limitationuk/install/ros_robot_controller_msgs/share/ros_robot_controller_msgs/msg/GetBusServoCmd.msg
-- Symlinking: /home/intel/repo/d021rs-yolov5-ros2-subscription-node-limitationuk/install/ros_robot_controller_msgs/share/ros_robot_controller_msgs/msg/GetPWMServoCmd.msg
-- Symlinking: /home/intel/repo/d021rs-yolov5-ros2-subscription-node-limitationuk/install/ros_robot_controller_msgs/share/ros_robot_controller_msgs/srv/GetBusServoState.srv
-- Symlinking: /home/intel/repo/d021rs-yolov5-ros2-subscription-node-limitationuk/install/ros_robot_controller_msgs/share/ros_robot_controller_msgs/srv/GetPWMServoState.srv
-- Symlinking: /home/intel/repo/d021rs-yolov5-ros2-subscription-node-limitationuk/install/ros_robot_controller_msgs/share/ament_index/resource_index/package_run_dependencies/ros_robot_controller_msgs
-- Symlinking: /home/intel/repo/d021rs-yolov5-ros2-subscription-node-limitationuk/install/ros_robot_controller_msgs/share/ament_index/resource_index/parent_prefix_path/ros_robot_controller_msgs
-- Symlinking: /home/intel/repo/d021rs-yolov5-ros2-subscription-node-limitationuk/install/ros_robot_controller_msgs/share/ros_robot_controller_msgs/environment/ament_prefix_path.sh
-- Symlinking: /home/intel/repo/d021rs-yolov5-ros2-subscription-node-limitationuk/install/ros_robot_controller_msgs/share/ros_robot_controller_msgs/environment/ament_prefix_path.dsv
-- Symlinking: /home/intel/repo/d021rs-yolov5-ros2-subscription-node-limitationuk/install/ros_robot_controller_msgs/share/ros_robot_controller_msgs/environment/path.sh
-- Symlinking: /home/intel/repo/d021rs-yolov5-ros2-subscription-node-limitationuk/install/ros_robot_controller_msgs/share/ros_robot_controller_msgs/environment/path.dsv
-- Symlinking: /home/intel/repo/d021rs-yolov5-ros2-subscription-node-limitationuk/install/ros_robot_controller_msgs/share/ros_robot_controller_msgs/local_setup.bash
-- Symlinking: /home/intel/repo/d021rs-yolov5-ros2-subscription-node-limitationuk/install/ros_robot_controller_msgs/share/ros_robot_controller_msgs/local_setup.sh
-- Symlinking: /home/intel/repo/d021rs-yolov5-ros2-subscription-node-limitationuk/install/ros_robot_controller_msgs/share/ros_robot_controller_msgs/local_setup.zsh
-- Symlinking: /home/intel/repo/d021rs-yolov5-ros2-subscription-node-limitationuk/install/ros_robot_controller_msgs/share/ros_robot_controller_msgs/local_setup.dsv
-- Symlinking: /home/intel/repo/d021rs-yolov5-ros2-subscription-node-limitationuk/install/ros_robot_controller_msgs/share/ros_robot_controller_msgs/package.dsv
-- Symlinking: /home/intel/repo/d021rs-yolov5-ros2-subscription-node-limitationuk/install/ros_robot_controller_msgs/share/ament_index/resource_index/packages/ros_robot_controller_msgs
-- Symlinking: /home/intel/repo/d021rs-yolov5-ros2-subscription-node-limitationuk/install/ros_robot_controller_msgs/share/ros_robot_controller_msgs/cmake/rosidl_cmake-extras.cmake
-- Symlinking: /home/intel/repo/d021rs-yolov5-ros2-subscription-node-limitationuk/install/ros_robot_controller_msgs/share/ros_robot_controller_msgs/cmake/ament_cmake_export_dependencies-extras.cmake
-- Symlinking: /home/intel/repo/d021rs-yolov5-ros2-subscription-node-limitationuk/install/ros_robot_controller_msgs/share/ros_robot_controller_msgs/cmake/ament_cmake_export_include_directories-extras.cmake
-- Symlinking: /home/intel/repo/d021rs-yolov5-ros2-subscription-node-limitationuk/install/ros_robot_controller_msgs/share/ros_robot_controller_msgs/cmake/ament_cmake_export_libraries-extras.cmake
-- Symlinking: /home/intel/repo/d021rs-yolov5-ros2-subscription-node-limitationuk/install/ros_robot_controller_msgs/share/ros_robot_controller_msgs/cmake/ament_cmake_export_targets-extras.cmake
-- Symlinking: /home/intel/repo/d021rs-yolov5-ros2-subscription-node-limitationuk/install/ros_robot_controller_msgs/share/ros_robot_controller_msgs/cmake/rosidl_cmake_export_typesupport_targets-extras.cmake
-- Symlinking: /home/intel/repo/d021rs-yolov5-ros2-subscription-node-limitationuk/install/ros_robot_controller_msgs/share/ros_robot_controller_msgs/cmake/rosidl_cmake_export_typesupport_libraries-extras.cmake
-- Symlinking: /home/intel/repo/d021rs-yolov5-ros2-subscription-node-limitationuk/install/ros_robot_controller_msgs/share/ros_robot_controller_msgs/cmake/ros_robot_controller_msgsConfig.cmake
-- Symlinking: /home/intel/repo/d021rs-yolov5-ros2-subscription-node-limitationuk/install/ros_robot_controller_msgs/share/ros_robot_controller_msgs/cmake/ros_robot_controller_msgsConfig-version.cmake
-- Symlinking: /home/intel/repo/d021rs-yolov5-ros2-subscription-node-limitationuk/install/ros_robot_controller_msgs/share/ros_robot_controller_msgs/package.xml
-- Installing: /home/intel/repo/d021rs-yolov5-ros2-subscription-node-limitationuk/install/ros_robot_controller_msgs/lib/libros_robot_controller_msgs__rosidl_generator_c.so
-- Set non-toolchain portion of runtime path of "/home/intel/repo/d021rs-yolov5-ros2-subscription-node-limitationuk/install/ros_robot_controller_msgs/lib/libros_robot_controller_msgs__rosidl_generator_c.so" to ""
-- Installing: /home/intel/repo/d021rs-yolov5-ros2-subscription-node-limitationuk/install/ros_robot_controller_msgs/lib/libros_robot_controller_msgs__rosidl_typesupport_fastrtps_c.so
-- Set non-toolchain portion of runtime path of "/home/intel/repo/d021rs-yolov5-ros2-subscription-node-limitationuk/install/ros_robot_controller_msgs/lib/libros_robot_controller_msgs__rosidl_typesupport_fastrtps_c.so" to ""
-- Installing: /home/intel/repo/d021rs-yolov5-ros2-subscription-node-limitationuk/install/ros_robot_controller_msgs/lib/libros_robot_controller_msgs__rosidl_typesupport_fastrtps_cpp.so
-- Set non-toolchain portion of runtime path of "/home/intel/repo/d021rs-yolov5-ros2-subscription-node-limitationuk/install/ros_robot_controller_msgs/lib/libros_robot_controller_msgs__rosidl_typesupport_fastrtps_cpp.so" to ""
-- Installing: /home/intel/repo/d021rs-yolov5-ros2-subscription-node-limitationuk/install/ros_robot_controller_msgs/lib/libros_robot_controller_msgs__rosidl_typesupport_introspection_c.so
-- Set non-toolchain portion of runtime path of "/home/intel/repo/d021rs-yolov5-ros2-subscription-node-limitationuk/install/ros_robot_controller_msgs/lib/libros_robot_controller_msgs__rosidl_typesupport_introspection_c.so" to ""
-- Installing: /home/intel/repo/d021rs-yolov5-ros2-subscription-node-limitationuk/install/ros_robot_controller_msgs/lib/libros_robot_controller_msgs__rosidl_typesupport_c.so
-- Set non-toolchain portion of runtime path of "/home/intel/repo/d021rs-yolov5-ros2-subscription-node-limitationuk/install/ros_robot_controller_msgs/lib/libros_robot_controller_msgs__rosidl_typesupport_c.so" to ""
-- Installing: /home/intel/repo/d021rs-yolov5-ros2-subscription-node-limitationuk/install/ros_robot_controller_msgs/lib/libros_robot_controller_msgs__rosidl_typesupport_introspection_cpp.so
-- Set non-toolchain portion of runtime path of "/home/intel/repo/d021rs-yolov5-ros2-subscription-node-limitationuk/install/ros_robot_controller_msgs/lib/libros_robot_controller_msgs__rosidl_typesupport_introspection_cpp.so" to ""
-- Installing: /home/intel/repo/d021rs-yolov5-ros2-subscription-node-limitationuk/install/ros_robot_controller_msgs/lib/libros_robot_controller_msgs__rosidl_typesupport_cpp.so
-- Set non-toolchain portion of runtime path of "/home/intel/repo/d021rs-yolov5-ros2-subscription-node-limitationuk/install/ros_robot_controller_msgs/lib/libros_robot_controller_msgs__rosidl_typesupport_cpp.so" to ""
Listing '/home/intel/repo/d021rs-yolov5-ros2-subscription-node-limitationuk/install/ros_robot_controller_msgs/lib/python3.12/site-packages/ros_robot_controller_msgs'...
Compiling '/home/intel/repo/d021rs-yolov5-ros2-subscription-node-limitationuk/install/ros_robot_controller_msgs/lib/python3.12/site-packages/ros_robot_controller_msgs/__init__.py'...
Listing '/home/intel/repo/d021rs-yolov5-ros2-subscription-node-limitationuk/install/ros_robot_controller_msgs/lib/python3.12/site-packages/ros_robot_controller_msgs/msg'...
Compiling '/home/intel/repo/d021rs-yolov5-ros2-subscription-node-limitationuk/install/ros_robot_controller_msgs/lib/python3.12/site-packages/ros_robot_controller_msgs/msg/__init__.py'...
Compiling '/home/intel/repo/d021rs-yolov5-ros2-subscription-node-limitationuk/install/ros_robot_controller_msgs/lib/python3.12/site-packages/ros_robot_controller_msgs/msg/_bus_servo_state.py'...
Compiling '/home/intel/repo/d021rs-yolov5-ros2-subscription-node-limitationuk/install/ros_robot_controller_msgs/lib/python3.12/site-packages/ros_robot_controller_msgs/msg/_button_state.py'...
Compiling '/home/intel/repo/d021rs-yolov5-ros2-subscription-node-limitationuk/install/ros_robot_controller_msgs/lib/python3.12/site-packages/ros_robot_controller_msgs/msg/_buzzer_state.py'...
Compiling '/home/intel/repo/d021rs-yolov5-ros2-subscription-node-limitationuk/install/ros_robot_controller_msgs/lib/python3.12/site-packages/ros_robot_controller_msgs/msg/_get_bus_servo_cmd.py'...
Compiling '/home/intel/repo/d021rs-yolov5-ros2-subscription-node-limitationuk/install/ros_robot_controller_msgs/lib/python3.12/site-packages/ros_robot_controller_msgs/msg/_get_pwm_servo_cmd.py'...
Compiling '/home/intel/repo/d021rs-yolov5-ros2-subscription-node-limitationuk/install/ros_robot_controller_msgs/lib/python3.12/site-packages/ros_robot_controller_msgs/msg/_led_state.py'...
Compiling '/home/intel/repo/d021rs-yolov5-ros2-subscription-node-limitationuk/install/ros_robot_controller_msgs/lib/python3.12/site-packages/ros_robot_controller_msgs/msg/_motor_state.py'...
Compiling '/home/intel/repo/d021rs-yolov5-ros2-subscription-node-limitationuk/install/ros_robot_controller_msgs/lib/python3.12/site-packages/ros_robot_controller_msgs/msg/_motors_state.py'...
Compiling '/home/intel/repo/d021rs-yolov5-ros2-subscription-node-limitationuk/install/ros_robot_controller_msgs/lib/python3.12/site-packages/ros_robot_controller_msgs/msg/_oled_state.py'...
Compiling '/home/intel/repo/d021rs-yolov5-ros2-subscription-node-limitationuk/install/ros_robot_controller_msgs/lib/python3.12/site-packages/ros_robot_controller_msgs/msg/_pwm_servo_state.py'...
Compiling '/home/intel/repo/d021rs-yolov5-ros2-subscription-node-limitationuk/install/ros_robot_controller_msgs/lib/python3.12/site-packages/ros_robot_controller_msgs/msg/_rgb_state.py'...
Compiling '/home/intel/repo/d021rs-yolov5-ros2-subscription-node-limitationuk/install/ros_robot_controller_msgs/lib/python3.12/site-packages/ros_robot_controller_msgs/msg/_rgb_states.py'...
Compiling '/home/intel/repo/d021rs-yolov5-ros2-subscription-node-limitationuk/install/ros_robot_controller_msgs/lib/python3.12/site-packages/ros_robot_controller_msgs/msg/_sbus.py'...
Compiling '/home/intel/repo/d021rs-yolov5-ros2-subscription-node-limitationuk/install/ros_robot_controller_msgs/lib/python3.12/site-packages/ros_robot_controller_msgs/msg/_servo_position.py'...
Compiling '/home/intel/repo/d021rs-yolov5-ros2-subscription-node-limitationuk/install/ros_robot_controller_msgs/lib/python3.12/site-packages/ros_robot_controller_msgs/msg/_servos_position.py'...
Compiling '/home/intel/repo/d021rs-yolov5-ros2-subscription-node-limitationuk/install/ros_robot_controller_msgs/lib/python3.12/site-packages/ros_robot_controller_msgs/msg/_set_bus_servo_state.py'...
Compiling '/home/intel/repo/d021rs-yolov5-ros2-subscription-node-limitationuk/install/ros_robot_controller_msgs/lib/python3.12/site-packages/ros_robot_controller_msgs/msg/_set_pwm_servo_state.py'...
Listing '/home/intel/repo/d021rs-yolov5-ros2-subscription-node-limitationuk/install/ros_robot_controller_msgs/lib/python3.12/site-packages/ros_robot_controller_msgs/srv'...
Compiling '/home/intel/repo/d021rs-yolov5-ros2-subscription-node-limitationuk/install/ros_robot_controller_msgs/lib/python3.12/site-packages/ros_robot_controller_msgs/srv/__init__.py'...
Compiling '/home/intel/repo/d021rs-yolov5-ros2-subscription-node-limitationuk/install/ros_robot_controller_msgs/lib/python3.12/site-packages/ros_robot_controller_msgs/srv/_get_bus_servo_state.py'...
Compiling '/home/intel/repo/d021rs-yolov5-ros2-subscription-node-limitationuk/install/ros_robot_controller_msgs/lib/python3.12/site-packages/ros_robot_controller_msgs/srv/_get_pwm_servo_state.py'...
-- Installing: /home/intel/repo/d021rs-yolov5-ros2-subscription-node-limitationuk/install/ros_robot_controller_msgs/lib/libros_robot_controller_msgs__rosidl_generator_py.so
-- Set non-toolchain portion of runtime path of "/home/intel/repo/d021rs-yolov5-ros2-subscription-node-limitationuk/install/ros_robot_controller_msgs/lib/libros_robot_controller_msgs__rosidl_generator_py.so" to ""
-- Installing: /home/intel/repo/d021rs-yolov5-ros2-subscription-node-limitationuk/install/ros_robot_controller_msgs/share/ros_robot_controller_msgs/cmake/export_ros_robot_controller_msgs__rosidl_generator_cExport.cmake
-- Installing: /home/intel/repo/d021rs-yolov5-ros2-subscription-node-limitationuk/install/ros_robot_controller_msgs/share/ros_robot_controller_msgs/cmake/export_ros_robot_controller_msgs__rosidl_generator_cExport-noconfig.cmake
-- Installing: /home/intel/repo/d021rs-yolov5-ros2-subscription-node-limitationuk/install/ros_robot_controller_msgs/share/ros_robot_controller_msgs/cmake/export_ros_robot_controller_msgs__rosidl_typesupport_fastrtps_cExport.cmake
-- Installing: /home/intel/repo/d021rs-yolov5-ros2-subscription-node-limitationuk/install/ros_robot_controller_msgs/share/ros_robot_controller_msgs/cmake/export_ros_robot_controller_msgs__rosidl_typesupport_fastrtps_cExport-noconfig.cmake
-- Installing: /home/intel/repo/d021rs-yolov5-ros2-subscription-node-limitationuk/install/ros_robot_controller_msgs/share/ros_robot_controller_msgs/cmake/export_ros_robot_controller_msgs__rosidl_generator_cppExport.cmake
-- Installing: /home/intel/repo/d021rs-yolov5-ros2-subscription-node-limitationuk/install/ros_robot_controller_msgs/share/ros_robot_controller_msgs/cmake/export_ros_robot_controller_msgs__rosidl_typesupport_fastrtps_cppExport.cmake
-- Installing: /home/intel/repo/d021rs-yolov5-ros2-subscription-node-limitationuk/install/ros_robot_controller_msgs/share/ros_robot_controller_msgs/cmake/export_ros_robot_controller_msgs__rosidl_typesupport_fastrtps_cppExport-noconfig.cmake
-- Installing: /home/intel/repo/d021rs-yolov5-ros2-subscription-node-limitationuk/install/ros_robot_controller_msgs/share/ros_robot_controller_msgs/cmake/ros_robot_controller_msgs__rosidl_typesupport_introspection_cExport.cmake
-- Installing: /home/intel/repo/d021rs-yolov5-ros2-subscription-node-limitationuk/install/ros_robot_controller_msgs/share/ros_robot_controller_msgs/cmake/ros_robot_controller_msgs__rosidl_typesupport_introspection_cExport-noconfig.cmake
-- Installing: /home/intel/repo/d021rs-yolov5-ros2-subscription-node-limitationuk/install/ros_robot_controller_msgs/share/ros_robot_controller_msgs/cmake/ros_robot_controller_msgs__rosidl_typesupport_cExport.cmake
-- Installing: /home/intel/repo/d021rs-yolov5-ros2-subscription-node-limitationuk/install/ros_robot_controller_msgs/share/ros_robot_controller_msgs/cmake/ros_robot_controller_msgs__rosidl_typesupport_cExport-noconfig.cmake
-- Installing: /home/intel/repo/d021rs-yolov5-ros2-subscription-node-limitationuk/install/ros_robot_controller_msgs/share/ros_robot_controller_msgs/cmake/ros_robot_controller_msgs__rosidl_typesupport_introspection_cppExport.cmake
-- Installing: /home/intel/repo/d021rs-yolov5-ros2-subscription-node-limitationuk/install/ros_robot_controller_msgs/share/ros_robot_controller_msgs/cmake/ros_robot_controller_msgs__rosidl_typesupport_introspection_cppExport-noconfig.cmake
-- Installing: /home/intel/repo/d021rs-yolov5-ros2-subscription-node-limitationuk/install/ros_robot_controller_msgs/share/ros_robot_controller_msgs/cmake/ros_robot_controller_msgs__rosidl_typesupport_cppExport.cmake
-- Installing: /home/intel/repo/d021rs-yolov5-ros2-subscription-node-limitationuk/install/ros_robot_controller_msgs/share/ros_robot_controller_msgs/cmake/ros_robot_controller_msgs__rosidl_typesupport_cppExport-noconfig.cmake
-- Installing: /home/intel/repo/d021rs-yolov5-ros2-subscription-node-limitationuk/install/ros_robot_controller_msgs/share/ros_robot_controller_msgs/cmake/export_ros_robot_controller_msgs__rosidl_generator_pyExport.cmake
-- Installing: /home/intel/repo/d021rs-yolov5-ros2-subscription-node-limitationuk/install/ros_robot_controller_msgs/share/ros_robot_controller_msgs/cmake/export_ros_robot_controller_msgs__rosidl_generator_pyExport-noconfig.cmake
