[0.157s] Invoking command in '/home/intel/repo/d021rs-yolov5-ros2-subscription-node-limitationuk/build/ros_robot_controller_msgs': CMAKE_PREFIX_PATH=${CMAKE_PREFIX_PATH}:/home/intel/repo/d021rs-yolov5-ros2-limitationuk/ros2_ws/install/yolov5_ros2:/home/intel/repo/d021rs-yolov5-ros2-limitationuk/ros2_ws/install/slam:/home/intel/repo/d021rs-yolov5-ros2-limitationuk/ros2_ws/install/sdk:/home/intel/repo/d021rs-yolov5-ros2-limitationuk/ros2_ws/install/ros_robot_controller:/home/intel/repo/d021rs-yolov5-ros2-limitationuk/ros2_ws/install/peripherals:/home/intel/repo/d021rs-yolov5-ros2-limitationuk/ros2_ws/install/navigation:/home/intel/repo/d021rs-yolov5-ros2-limitationuk/ros2_ws/install/multi:/home/intel/repo/d021rs-yolov5-ros2-limitationuk/ros2_ws/install/mentorpi_description:/home/intel/repo/d021rs-yolov5-ros2-limitationuk/ros2_ws/install/example:/home/intel/repo/d021rs-yolov5-ros2-limitationuk/ros2_ws/install/controller:/home/intel/repo/d021rs-yolov5-ros2-limitationuk/ros2_ws/install/calibration:/home/intel/repo/d021rs-yolov5-ros2-limitationuk/ros2_ws/install/bringup:/home/intel/repo/d021rs-yolov5-ros2-limitationuk/ros2_ws/install/app:/opt/ros/jazzy DEBUGINFOD_URLS=https://debuginfod.ubuntu.com VIRTUAL_ENV_PROMPT=(.venv) /usr/bin/cmake /home/intel/repo/d021rs-yolov5-ros2-subscription-node-limitationuk/ros2_ws/src/driver/ros_robot_controller_msgs -DPython3_EXECUTABLE=/home/intel/repo/d021rs-yolov5-ros2-subscription-node-limitationuk/.venv/bin/python3 -DPYTHON_EXECUTABLE=/home/intel/repo/d021rs-yolov5-ros2-subscription-node-limitationuk/.venv/bin/python3 -DAMENT_CMAKE_SYMLINK_INSTALL=1 -DCMAKE_INSTALL_PREFIX=/home/intel/repo/d021rs-yolov5-ros2-subscription-node-limitationuk/install/ros_robot_controller_msgs
[0.192s] -- The C compiler identification is GNU 13.3.0
[0.226s] -- The CXX compiler identification is GNU 13.3.0
[0.236s] -- Detecting C compiler ABI info
[0.289s] -- Detecting C compiler ABI info - done
[0.295s] -- Check for working C compiler: /usr/bin/cc - skipped
[0.295s] -- Detecting C compile features
[0.295s] -- Detecting C compile features - done
[0.301s] -- Detecting CXX compiler ABI info
[0.360s] -- Detecting CXX compiler ABI info - done
[0.366s] -- Check for working CXX compiler: /usr/bin/c++ - skipped
[0.366s] -- Detecting CXX compile features
[0.367s] -- Detecting CXX compile features - done
[0.369s] -- Found ament_cmake: 2.5.4 (/opt/ros/jazzy/share/ament_cmake/cmake)
[0.451s] -- Found Python3: /home/intel/repo/d021rs-yolov5-ros2-subscription-node-limitationuk/.venv/bin/python3 (found version "3.12.3") found components: Interpreter 
[0.502s] -- Override CMake install command with custom implementation using symlinks instead of copying resources
[0.520s] -- Found std_msgs: 5.3.6 (/opt/ros/jazzy/share/std_msgs/cmake)
[0.542s] -- Found rosidl_generator_c: 4.6.6 (/opt/ros/jazzy/share/rosidl_generator_c/cmake)
[0.549s] -- Found rosidl_generator_cpp: 4.6.6 (/opt/ros/jazzy/share/rosidl_generator_cpp/cmake)
[0.558s] -- Using all available rosidl_typesupport_c: rosidl_typesupport_fastrtps_c;rosidl_typesupport_introspection_c
[0.568s] -- Using all available rosidl_typesupport_cpp: rosidl_typesupport_fastrtps_cpp;rosidl_typesupport_introspection_cpp
[0.586s] -- Found rosidl_default_generators: 1.6.0 (/opt/ros/jazzy/share/rosidl_default_generators/cmake)
[0.595s] -- Found rosidl_adapter: 4.6.6 (/opt/ros/jazzy/share/rosidl_adapter/cmake)
[1.049s] -- Found ament_cmake_ros: 0.12.0 (/opt/ros/jazzy/share/ament_cmake_ros/cmake)
[1.517s] -- Using all available rosidl_typesupport_c: rosidl_typesupport_fastrtps_c;rosidl_typesupport_introspection_c
[1.708s] -- Using all available rosidl_typesupport_cpp: rosidl_typesupport_fastrtps_cpp;rosidl_typesupport_introspection_cpp
[1.710s] -- Found python_cmake_module: 0.11.1 (/opt/ros/jazzy/share/python_cmake_module/cmake)
[1.789s] -- Found PythonExtra: /home/intel/repo/d021rs-yolov5-ros2-subscription-node-limitationuk/.venv/bin/python3  
[2.193s] -- Found Python3: /home/intel/repo/d021rs-yolov5-ros2-subscription-node-limitationuk/.venv/bin/python3 (found version "3.12.3") found components: Interpreter Development NumPy Development.Module Development.Embed 
[2.229s] -- Found ament_lint_auto: 0.17.3 (/opt/ros/jazzy/share/ament_lint_auto/cmake)
[2.246s] -- Added test 'copyright' to check source files copyright and LICENSE
[2.248s] -- Added test 'lint_cmake' to check CMake code style
[2.249s] -- Added test 'xmllint' to check XML markup files
[2.251s] -- Configuring done (2.1s)
[2.293s] -- Generating done (0.0s)
[2.300s] -- Build files have been written to: /home/intel/repo/d021rs-yolov5-ros2-subscription-node-limitationuk/build/ros_robot_controller_msgs
[2.307s] Invoked command in '/home/intel/repo/d021rs-yolov5-ros2-subscription-node-limitationuk/build/ros_robot_controller_msgs' returned '0': CMAKE_PREFIX_PATH=${CMAKE_PREFIX_PATH}:/home/intel/repo/d021rs-yolov5-ros2-limitationuk/ros2_ws/install/yolov5_ros2:/home/intel/repo/d021rs-yolov5-ros2-limitationuk/ros2_ws/install/slam:/home/intel/repo/d021rs-yolov5-ros2-limitationuk/ros2_ws/install/sdk:/home/intel/repo/d021rs-yolov5-ros2-limitationuk/ros2_ws/install/ros_robot_controller:/home/intel/repo/d021rs-yolov5-ros2-limitationuk/ros2_ws/install/peripherals:/home/intel/repo/d021rs-yolov5-ros2-limitationuk/ros2_ws/install/navigation:/home/intel/repo/d021rs-yolov5-ros2-limitationuk/ros2_ws/install/multi:/home/intel/repo/d021rs-yolov5-ros2-limitationuk/ros2_ws/install/mentorpi_description:/home/intel/repo/d021rs-yolov5-ros2-limitationuk/ros2_ws/install/example:/home/intel/repo/d021rs-yolov5-ros2-limitationuk/ros2_ws/install/controller:/home/intel/repo/d021rs-yolov5-ros2-limitationuk/ros2_ws/install/calibration:/home/intel/repo/d021rs-yolov5-ros2-limitationuk/ros2_ws/install/bringup:/home/intel/repo/d021rs-yolov5-ros2-limitationuk/ros2_ws/install/app:/opt/ros/jazzy DEBUGINFOD_URLS=https://debuginfod.ubuntu.com VIRTUAL_ENV_PROMPT=(.venv) /usr/bin/cmake /home/intel/repo/d021rs-yolov5-ros2-subscription-node-limitationuk/ros2_ws/src/driver/ros_robot_controller_msgs -DPython3_EXECUTABLE=/home/intel/repo/d021rs-yolov5-ros2-subscription-node-limitationuk/.venv/bin/python3 -DPYTHON_EXECUTABLE=/home/intel/repo/d021rs-yolov5-ros2-subscription-node-limitationuk/.venv/bin/python3 -DAMENT_CMAKE_SYMLINK_INSTALL=1 -DCMAKE_INSTALL_PREFIX=/home/intel/repo/d021rs-yolov5-ros2-subscription-node-limitationuk/install/ros_robot_controller_msgs
[2.308s] Invoking command in '/home/intel/repo/d021rs-yolov5-ros2-subscription-node-limitationuk/build/ros_robot_controller_msgs': CMAKE_PREFIX_PATH=${CMAKE_PREFIX_PATH}:/home/intel/repo/d021rs-yolov5-ros2-limitationuk/ros2_ws/install/yolov5_ros2:/home/intel/repo/d021rs-yolov5-ros2-limitationuk/ros2_ws/install/slam:/home/intel/repo/d021rs-yolov5-ros2-limitationuk/ros2_ws/install/sdk:/home/intel/repo/d021rs-yolov5-ros2-limitationuk/ros2_ws/install/ros_robot_controller:/home/intel/repo/d021rs-yolov5-ros2-limitationuk/ros2_ws/install/peripherals:/home/intel/repo/d021rs-yolov5-ros2-limitationuk/ros2_ws/install/navigation:/home/intel/repo/d021rs-yolov5-ros2-limitationuk/ros2_ws/install/multi:/home/intel/repo/d021rs-yolov5-ros2-limitationuk/ros2_ws/install/mentorpi_description:/home/intel/repo/d021rs-yolov5-ros2-limitationuk/ros2_ws/install/example:/home/intel/repo/d021rs-yolov5-ros2-limitationuk/ros2_ws/install/controller:/home/intel/repo/d021rs-yolov5-ros2-limitationuk/ros2_ws/install/calibration:/home/intel/repo/d021rs-yolov5-ros2-limitationuk/ros2_ws/install/bringup:/home/intel/repo/d021rs-yolov5-ros2-limitationuk/ros2_ws/install/app:/opt/ros/jazzy DEBUGINFOD_URLS=https://debuginfod.ubuntu.com VIRTUAL_ENV_PROMPT=(.venv) /usr/bin/cmake --build /home/intel/repo/d021rs-yolov5-ros2-subscription-node-limitationuk/build/ros_robot_controller_msgs -- -j10 -l10
[2.349s] [  1%] [34m[1mGenerating type hashes for ROS interfaces[0m
[2.354s] [  1%] Built target ament_cmake_python_symlink_ros_robot_controller_msgs
[2.479s] running egg_info
[2.488s] creating ros_robot_controller_msgs.egg-info
[2.488s] writing ros_robot_controller_msgs.egg-info/PKG-INFO
[2.488s] writing dependency_links to ros_robot_controller_msgs.egg-info/dependency_links.txt
[2.488s] writing top-level names to ros_robot_controller_msgs.egg-info/top_level.txt
[2.488s] writing manifest file 'ros_robot_controller_msgs.egg-info/SOURCES.txt'
[2.511s] reading manifest file 'ros_robot_controller_msgs.egg-info/SOURCES.txt'
[2.511s] writing manifest file 'ros_robot_controller_msgs.egg-info/SOURCES.txt'
[2.531s] [  1%] Built target ament_cmake_python_build_ros_robot_controller_msgs_egg
[2.561s] [  1%] Built target ros_robot_controller_msgs__rosidl_generator_type_description
[2.568s] [  2%] [34m[1mGenerating C code for ROS interfaces[0m
[2.575s] [  2%] [34m[1mGenerating C++ code for ROS interfaces[0m
[3.350s] [  2%] Built target ros_robot_controller_msgs__cpp
[3.583s] [  3%] [32mBuilding C object CMakeFiles/ros_robot_controller_msgs__rosidl_generator_c.dir/rosidl_generator_c/ros_robot_controller_msgs/msg/detail/bus_servo_state__description.c.o[0m
[3.583s] [  3%] [32mBuilding C object CMakeFiles/ros_robot_controller_msgs__rosidl_generator_c.dir/rosidl_generator_c/ros_robot_controller_msgs/msg/detail/bus_servo_state__functions.c.o[0m
[3.584s] [  3%] [32mBuilding C object CMakeFiles/ros_robot_controller_msgs__rosidl_generator_c.dir/rosidl_generator_c/ros_robot_controller_msgs/msg/detail/bus_servo_state__type_support.c.o[0m
[3.587s] [  4%] [32mBuilding C object CMakeFiles/ros_robot_controller_msgs__rosidl_generator_c.dir/rosidl_generator_c/ros_robot_controller_msgs/msg/detail/button_state__description.c.o[0m
[3.588s] [  4%] [32mBuilding C object CMakeFiles/ros_robot_controller_msgs__rosidl_generator_c.dir/rosidl_generator_c/ros_robot_controller_msgs/msg/detail/button_state__functions.c.o[0m
[3.594s] [  4%] [32mBuilding C object CMakeFiles/ros_robot_controller_msgs__rosidl_generator_c.dir/rosidl_generator_c/ros_robot_controller_msgs/msg/detail/buzzer_state__description.c.o[0m
[3.594s] [  5%] [32mBuilding C object CMakeFiles/ros_robot_controller_msgs__rosidl_generator_c.dir/rosidl_generator_c/ros_robot_controller_msgs/msg/detail/button_state__type_support.c.o[0m
[3.600s] [  5%] [32mBuilding C object CMakeFiles/ros_robot_controller_msgs__rosidl_generator_c.dir/rosidl_generator_c/ros_robot_controller_msgs/msg/detail/buzzer_state__type_support.c.o[0m
[3.606s] [  6%] [32mBuilding C object CMakeFiles/ros_robot_controller_msgs__rosidl_generator_c.dir/rosidl_generator_c/ros_robot_controller_msgs/msg/detail/buzzer_state__functions.c.o[0m
[3.614s] [  7%] [32mBuilding C object CMakeFiles/ros_robot_controller_msgs__rosidl_generator_c.dir/rosidl_generator_c/ros_robot_controller_msgs/msg/detail/led_state__description.c.o[0m
[3.646s] [  8%] [32mBuilding C object CMakeFiles/ros_robot_controller_msgs__rosidl_generator_c.dir/rosidl_generator_c/ros_robot_controller_msgs/msg/detail/motor_state__type_support.c.o[0m
[3.646s] [  8%] [32mBuilding C object CMakeFiles/ros_robot_controller_msgs__rosidl_generator_c.dir/rosidl_generator_c/ros_robot_controller_msgs/msg/detail/motor_state__description.c.o[0m
[3.647s] [  8%] [32mBuilding C object CMakeFiles/ros_robot_controller_msgs__rosidl_generator_c.dir/rosidl_generator_c/ros_robot_controller_msgs/msg/detail/led_state__functions.c.o[0m
[3.649s] [  8%] [32mBuilding C object CMakeFiles/ros_robot_controller_msgs__rosidl_generator_c.dir/rosidl_generator_c/ros_robot_controller_msgs/msg/detail/motor_state__functions.c.o[0m
[3.651s] [  8%] [32mBuilding C object CMakeFiles/ros_robot_controller_msgs__rosidl_generator_c.dir/rosidl_generator_c/ros_robot_controller_msgs/msg/detail/motors_state__type_support.c.o[0m
[3.652s] [  9%] [32mBuilding C object CMakeFiles/ros_robot_controller_msgs__rosidl_generator_c.dir/rosidl_generator_c/ros_robot_controller_msgs/msg/detail/pwm_servo_state__functions.c.o[0m
[3.652s] [  9%] [32mBuilding C object CMakeFiles/ros_robot_controller_msgs__rosidl_generator_c.dir/rosidl_generator_c/ros_robot_controller_msgs/msg/detail/motors_state__description.c.o[0m
[3.652s] [ 10%] [32mBuilding C object CMakeFiles/ros_robot_controller_msgs__rosidl_generator_c.dir/rosidl_generator_c/ros_robot_controller_msgs/msg/detail/led_state__type_support.c.o[0m
[3.653s] [ 11%] [32mBuilding C object CMakeFiles/ros_robot_controller_msgs__rosidl_generator_c.dir/rosidl_generator_c/ros_robot_controller_msgs/msg/detail/motors_state__functions.c.o[0m
[3.656s] [  9%] [32mBuilding C object CMakeFiles/ros_robot_controller_msgs__rosidl_generator_c.dir/rosidl_generator_c/ros_robot_controller_msgs/msg/detail/pwm_servo_state__description.c.o[0m
[3.683s] [ 12%] [32mBuilding C object CMakeFiles/ros_robot_controller_msgs__rosidl_generator_c.dir/rosidl_generator_c/ros_robot_controller_msgs/msg/detail/pwm_servo_state__type_support.c.o[0m
[3.688s] [ 12%] [32mBuilding C object CMakeFiles/ros_robot_controller_msgs__rosidl_generator_c.dir/rosidl_generator_c/ros_robot_controller_msgs/msg/detail/sbus__description.c.o[0m
[3.689s] [ 13%] [32mBuilding C object CMakeFiles/ros_robot_controller_msgs__rosidl_generator_c.dir/rosidl_generator_c/ros_robot_controller_msgs/msg/detail/sbus__functions.c.o[0m
[3.694s] [ 13%] [32mBuilding C object CMakeFiles/ros_robot_controller_msgs__rosidl_generator_c.dir/rosidl_generator_c/ros_robot_controller_msgs/msg/detail/sbus__type_support.c.o[0m
[3.699s] [ 13%] [32mBuilding C object CMakeFiles/ros_robot_controller_msgs__rosidl_generator_c.dir/rosidl_generator_c/ros_robot_controller_msgs/msg/detail/oled_state__functions.c.o[0m
[3.702s] [ 14%] [32mBuilding C object CMakeFiles/ros_robot_controller_msgs__rosidl_generator_c.dir/rosidl_generator_c/ros_robot_controller_msgs/msg/detail/oled_state__description.c.o[0m
[3.705s] [ 15%] [32mBuilding C object CMakeFiles/ros_robot_controller_msgs__rosidl_generator_c.dir/rosidl_generator_c/ros_robot_controller_msgs/msg/detail/oled_state__type_support.c.o[0m
[3.710s] [ 15%] [32mBuilding C object CMakeFiles/ros_robot_controller_msgs__rosidl_generator_c.dir/rosidl_generator_c/ros_robot_controller_msgs/msg/detail/set_bus_servo_state__functions.c.o[0m
[3.711s] [ 15%] [32mBuilding C object CMakeFiles/ros_robot_controller_msgs__rosidl_generator_c.dir/rosidl_generator_c/ros_robot_controller_msgs/msg/detail/set_bus_servo_state__description.c.o[0m
[3.718s] [ 16%] [32mBuilding C object CMakeFiles/ros_robot_controller_msgs__rosidl_generator_c.dir/rosidl_generator_c/ros_robot_controller_msgs/msg/detail/set_bus_servo_state__type_support.c.o[0m
[3.718s] [ 16%] [32mBuilding C object CMakeFiles/ros_robot_controller_msgs__rosidl_generator_c.dir/rosidl_generator_c/ros_robot_controller_msgs/msg/detail/rgb_states__description.c.o[0m
[3.734s] [ 17%] [32mBuilding C object CMakeFiles/ros_robot_controller_msgs__rosidl_generator_c.dir/rosidl_generator_c/ros_robot_controller_msgs/msg/detail/rgb_states__functions.c.o[0m
[3.734s] [ 17%] [32mBuilding C object CMakeFiles/ros_robot_controller_msgs__rosidl_generator_c.dir/rosidl_generator_c/ros_robot_controller_msgs/msg/detail/rgb_states__type_support.c.o[0m
[3.747s] [ 17%] [32mBuilding C object CMakeFiles/ros_robot_controller_msgs__rosidl_generator_c.dir/rosidl_generator_c/ros_robot_controller_msgs/msg/detail/rgb_state__functions.c.o[0m
[3.749s] [ 18%] [32mBuilding C object CMakeFiles/ros_robot_controller_msgs__rosidl_generator_c.dir/rosidl_generator_c/ros_robot_controller_msgs/msg/detail/rgb_state__description.c.o[0m
[3.750s] [ 19%] [32mBuilding C object CMakeFiles/ros_robot_controller_msgs__rosidl_generator_c.dir/rosidl_generator_c/ros_robot_controller_msgs/msg/detail/rgb_state__type_support.c.o[0m
[3.762s] [ 19%] [32mBuilding C object CMakeFiles/ros_robot_controller_msgs__rosidl_generator_c.dir/rosidl_generator_c/ros_robot_controller_msgs/msg/detail/servo_position__description.c.o[0m
[3.769s] [ 20%] [32mBuilding C object CMakeFiles/ros_robot_controller_msgs__rosidl_generator_c.dir/rosidl_generator_c/ros_robot_controller_msgs/msg/detail/servo_position__functions.c.o[0m
[3.769s] [ 21%] [32mBuilding C object CMakeFiles/ros_robot_controller_msgs__rosidl_generator_c.dir/rosidl_generator_c/ros_robot_controller_msgs/msg/detail/servos_position__description.c.o[0m
[3.770s] [ 21%] [32mBuilding C object CMakeFiles/ros_robot_controller_msgs__rosidl_generator_c.dir/rosidl_generator_c/ros_robot_controller_msgs/msg/detail/servo_position__type_support.c.o[0m
[3.772s] [ 21%] [32mBuilding C object CMakeFiles/ros_robot_controller_msgs__rosidl_generator_c.dir/rosidl_generator_c/ros_robot_controller_msgs/msg/detail/servos_position__functions.c.o[0m
[3.785s] [ 22%] [32mBuilding C object CMakeFiles/ros_robot_controller_msgs__rosidl_generator_c.dir/rosidl_generator_c/ros_robot_controller_msgs/msg/detail/servos_position__type_support.c.o[0m
[3.788s] [ 22%] [32mBuilding C object CMakeFiles/ros_robot_controller_msgs__rosidl_generator_c.dir/rosidl_generator_c/ros_robot_controller_msgs/msg/detail/set_pwm_servo_state__description.c.o[0m
[3.798s] [ 22%] [32mBuilding C object CMakeFiles/ros_robot_controller_msgs__rosidl_generator_c.dir/rosidl_generator_c/ros_robot_controller_msgs/msg/detail/set_pwm_servo_state__functions.c.o[0m
[3.799s] [ 23%] [32mBuilding C object CMakeFiles/ros_robot_controller_msgs__rosidl_generator_c.dir/rosidl_generator_c/ros_robot_controller_msgs/msg/detail/set_pwm_servo_state__type_support.c.o[0m
[3.808s] [ 24%] [32mBuilding C object CMakeFiles/ros_robot_controller_msgs__rosidl_generator_c.dir/rosidl_generator_c/ros_robot_controller_msgs/msg/detail/get_bus_servo_cmd__type_support.c.o[0m
[3.811s] [ 24%] [32mBuilding C object CMakeFiles/ros_robot_controller_msgs__rosidl_generator_c.dir/rosidl_generator_c/ros_robot_controller_msgs/msg/detail/get_bus_servo_cmd__functions.c.o[0m
[3.811s] [ 24%] [32mBuilding C object CMakeFiles/ros_robot_controller_msgs__rosidl_generator_c.dir/rosidl_generator_c/ros_robot_controller_msgs/msg/detail/get_bus_servo_cmd__description.c.o[0m
[3.815s] [ 25%] [32mBuilding C object CMakeFiles/ros_robot_controller_msgs__rosidl_generator_c.dir/rosidl_generator_c/ros_robot_controller_msgs/msg/detail/get_pwm_servo_cmd__description.c.o[0m
[3.829s] [ 25%] [32mBuilding C object CMakeFiles/ros_robot_controller_msgs__rosidl_generator_c.dir/rosidl_generator_c/ros_robot_controller_msgs/msg/detail/get_pwm_servo_cmd__functions.c.o[0m
[3.831s] [ 26%] [32mBuilding C object CMakeFiles/ros_robot_controller_msgs__rosidl_generator_c.dir/rosidl_generator_c/ros_robot_controller_msgs/srv/detail/get_bus_servo_state__functions.c.o[0m
[3.833s] [ 27%] [32mBuilding C object CMakeFiles/ros_robot_controller_msgs__rosidl_generator_c.dir/rosidl_generator_c/ros_robot_controller_msgs/msg/detail/get_pwm_servo_cmd__type_support.c.o[0m
[3.833s] [ 27%] [32mBuilding C object CMakeFiles/ros_robot_controller_msgs__rosidl_generator_c.dir/rosidl_generator_c/ros_robot_controller_msgs/srv/detail/get_bus_servo_state__description.c.o[0m
[3.840s] [ 27%] [32mBuilding C object CMakeFiles/ros_robot_controller_msgs__rosidl_generator_c.dir/rosidl_generator_c/ros_robot_controller_msgs/srv/detail/get_bus_servo_state__type_support.c.o[0m
[3.847s] [ 28%] [32mBuilding C object CMakeFiles/ros_robot_controller_msgs__rosidl_generator_c.dir/rosidl_generator_c/ros_robot_controller_msgs/srv/detail/get_pwm_servo_state__description.c.o[0m
[3.853s] [ 28%] [32mBuilding C object CMakeFiles/ros_robot_controller_msgs__rosidl_generator_c.dir/rosidl_generator_c/ros_robot_controller_msgs/srv/detail/get_pwm_servo_state__functions.c.o[0m
[3.860s] [ 29%] [32mBuilding C object CMakeFiles/ros_robot_controller_msgs__rosidl_generator_c.dir/rosidl_generator_c/ros_robot_controller_msgs/srv/detail/get_pwm_servo_state__type_support.c.o[0m
[3.907s] [ 29%] [32m[1mLinking C shared library libros_robot_controller_msgs__rosidl_generator_c.so[0m
[3.935s] [ 29%] Built target ros_robot_controller_msgs__rosidl_generator_c
[3.946s] [ 29%] [34m[1mGenerating C++ type support dispatch for ROS interfaces[0m
[3.947s] [ 30%] [34m[1mGenerating C++ type support for eProsima Fast-RTPS[0m
[3.947s] [ 31%] [34m[1mGenerating C type support for eProsima Fast-RTPS[0m
[3.951s] [ 32%] [34m[1mGenerating C introspection for ROS interfaces[0m
[3.951s] [ 32%] [34m[1mGenerating C type support dispatch for ROS interfaces[0m
[3.959s] [ 32%] [34m[1mGenerating C++ introspection for ROS interfaces[0m
[4.522s] [ 33%] [32mBuilding CXX object CMakeFiles/ros_robot_controller_msgs__rosidl_typesupport_cpp.dir/rosidl_typesupport_cpp/ros_robot_controller_msgs/msg/bus_servo_state__type_support.cpp.o[0m
[4.525s] [ 33%] [32mBuilding CXX object CMakeFiles/ros_robot_controller_msgs__rosidl_typesupport_cpp.dir/rosidl_typesupport_cpp/ros_robot_controller_msgs/msg/button_state__type_support.cpp.o[0m
[4.526s] [ 34%] [32mBuilding CXX object CMakeFiles/ros_robot_controller_msgs__rosidl_typesupport_cpp.dir/rosidl_typesupport_cpp/ros_robot_controller_msgs/msg/buzzer_state__type_support.cpp.o[0m
[4.530s] [ 34%] [32mBuilding CXX object CMakeFiles/ros_robot_controller_msgs__rosidl_typesupport_cpp.dir/rosidl_typesupport_cpp/ros_robot_controller_msgs/msg/led_state__type_support.cpp.o[0m
[4.532s] [ 34%] [32mBuilding CXX object CMakeFiles/ros_robot_controller_msgs__rosidl_typesupport_cpp.dir/rosidl_typesupport_cpp/ros_robot_controller_msgs/msg/motor_state__type_support.cpp.o[0m
[4.796s] [ 35%] [32mBuilding CXX object CMakeFiles/ros_robot_controller_msgs__rosidl_typesupport_cpp.dir/rosidl_typesupport_cpp/ros_robot_controller_msgs/msg/motors_state__type_support.cpp.o[0m
[4.797s] [ 36%] [32mBuilding CXX object CMakeFiles/ros_robot_controller_msgs__rosidl_typesupport_c.dir/rosidl_typesupport_c/ros_robot_controller_msgs/msg/bus_servo_state__type_support.cpp.o[0m
[4.846s] [ 36%] [32mBuilding CXX object CMakeFiles/ros_robot_controller_msgs__rosidl_typesupport_c.dir/rosidl_typesupport_c/ros_robot_controller_msgs/msg/button_state__type_support.cpp.o[0m
[4.857s] [ 37%] [32mBuilding CXX object CMakeFiles/ros_robot_controller_msgs__rosidl_typesupport_c.dir/rosidl_typesupport_c/ros_robot_controller_msgs/msg/buzzer_state__type_support.cpp.o[0m
[4.901s] [ 37%] [32mBuilding CXX object CMakeFiles/ros_robot_controller_msgs__rosidl_typesupport_cpp.dir/rosidl_typesupport_cpp/ros_robot_controller_msgs/msg/pwm_servo_state__type_support.cpp.o[0m
[4.912s] [ 37%] [32mBuilding CXX object CMakeFiles/ros_robot_controller_msgs__rosidl_typesupport_c.dir/rosidl_typesupport_c/ros_robot_controller_msgs/msg/led_state__type_support.cpp.o[0m
[4.912s] [ 38%] [32mBuilding CXX object CMakeFiles/ros_robot_controller_msgs__rosidl_typesupport_cpp.dir/rosidl_typesupport_cpp/ros_robot_controller_msgs/msg/sbus__type_support.cpp.o[0m
[4.912s] [ 39%] [32mBuilding CXX object CMakeFiles/ros_robot_controller_msgs__rosidl_typesupport_c.dir/rosidl_typesupport_c/ros_robot_controller_msgs/msg/motor_state__type_support.cpp.o[0m
[4.912s] [ 39%] [32mBuilding CXX object CMakeFiles/ros_robot_controller_msgs__rosidl_typesupport_cpp.dir/rosidl_typesupport_cpp/ros_robot_controller_msgs/msg/oled_state__type_support.cpp.o[0m
[4.986s] [ 39%] [32mBuilding CXX object CMakeFiles/ros_robot_controller_msgs__rosidl_typesupport_c.dir/rosidl_typesupport_c/ros_robot_controller_msgs/msg/motors_state__type_support.cpp.o[0m
[4.991s] [ 40%] [32mBuilding CXX object CMakeFiles/ros_robot_controller_msgs__rosidl_typesupport_c.dir/rosidl_typesupport_c/ros_robot_controller_msgs/msg/pwm_servo_state__type_support.cpp.o[0m
[5.056s] [ 41%] [32mBuilding CXX object CMakeFiles/ros_robot_controller_msgs__rosidl_typesupport_cpp.dir/rosidl_typesupport_cpp/ros_robot_controller_msgs/msg/set_bus_servo_state__type_support.cpp.o[0m
[5.057s] [ 41%] [32mBuilding CXX object CMakeFiles/ros_robot_controller_msgs__rosidl_typesupport_c.dir/rosidl_typesupport_c/ros_robot_controller_msgs/msg/sbus__type_support.cpp.o[0m
[5.062s] [ 41%] [32mBuilding C object CMakeFiles/ros_robot_controller_msgs__rosidl_typesupport_introspection_c.dir/rosidl_typesupport_introspection_c/ros_robot_controller_msgs/msg/detail/bus_servo_state__type_support.c.o[0m
[5.062s] [ 41%] [32mBuilding C object CMakeFiles/ros_robot_controller_msgs__rosidl_typesupport_introspection_c.dir/rosidl_typesupport_introspection_c/ros_robot_controller_msgs/msg/detail/button_state__type_support.c.o[0m
[5.119s] [ 42%] [32mBuilding CXX object CMakeFiles/ros_robot_controller_msgs__rosidl_typesupport_c.dir/rosidl_typesupport_c/ros_robot_controller_msgs/msg/set_bus_servo_state__type_support.cpp.o[0m
[5.125s] [ 42%] [32mBuilding CXX object CMakeFiles/ros_robot_controller_msgs__rosidl_typesupport_c.dir/rosidl_typesupport_c/ros_robot_controller_msgs/msg/oled_state__type_support.cpp.o[0m
[5.145s] [ 43%] [32mBuilding C object CMakeFiles/ros_robot_controller_msgs__rosidl_typesupport_introspection_c.dir/rosidl_typesupport_introspection_c/ros_robot_controller_msgs/msg/detail/buzzer_state__type_support.c.o[0m
[5.176s] [ 43%] [32mBuilding CXX object CMakeFiles/ros_robot_controller_msgs__rosidl_typesupport_c.dir/rosidl_typesupport_c/ros_robot_controller_msgs/msg/rgb_states__type_support.cpp.o[0m
[5.186s] [ 43%] [32mBuilding C object CMakeFiles/ros_robot_controller_msgs__rosidl_typesupport_introspection_c.dir/rosidl_typesupport_introspection_c/ros_robot_controller_msgs/msg/detail/led_state__type_support.c.o[0m
[5.200s] [ 43%] [32mBuilding CXX object CMakeFiles/ros_robot_controller_msgs__rosidl_typesupport_cpp.dir/rosidl_typesupport_cpp/ros_robot_controller_msgs/msg/rgb_states__type_support.cpp.o[0m
[5.210s] [ 44%] [32mBuilding C object CMakeFiles/ros_robot_controller_msgs__rosidl_typesupport_introspection_c.dir/rosidl_typesupport_introspection_c/ros_robot_controller_msgs/msg/detail/motor_state__type_support.c.o[0m
[5.232s] [ 45%] [32mBuilding CXX object CMakeFiles/ros_robot_controller_msgs__rosidl_typesupport_c.dir/rosidl_typesupport_c/ros_robot_controller_msgs/msg/rgb_state__type_support.cpp.o[0m
[5.234s] [ 46%] [32mBuilding CXX object CMakeFiles/ros_robot_controller_msgs__rosidl_typesupport_cpp.dir/rosidl_typesupport_cpp/ros_robot_controller_msgs/msg/rgb_state__type_support.cpp.o[0m
[5.261s] [ 46%] [32mBuilding C object CMakeFiles/ros_robot_controller_msgs__rosidl_typesupport_introspection_c.dir/rosidl_typesupport_introspection_c/ros_robot_controller_msgs/msg/detail/motors_state__type_support.c.o[0m
[5.262s] [ 46%] [32mBuilding CXX object CMakeFiles/ros_robot_controller_msgs__rosidl_typesupport_fastrtps_c.dir/rosidl_typesupport_fastrtps_c/ros_robot_controller_msgs/msg/detail/bus_servo_state__type_support_c.cpp.o[0m
[5.285s] [ 48%] [32mBuilding C object CMakeFiles/ros_robot_controller_msgs__rosidl_typesupport_introspection_c.dir/rosidl_typesupport_introspection_c/ros_robot_controller_msgs/msg/detail/pwm_servo_state__type_support.c.o[0m
[5.289s] [ 48%] [32mBuilding CXX object CMakeFiles/ros_robot_controller_msgs__rosidl_typesupport_fastrtps_c.dir/rosidl_typesupport_fastrtps_c/ros_robot_controller_msgs/msg/detail/button_state__type_support_c.cpp.o[0m
[5.289s] [ 48%] [32mBuilding CXX object CMakeFiles/ros_robot_controller_msgs__rosidl_typesupport_c.dir/rosidl_typesupport_c/ros_robot_controller_msgs/msg/servo_position__type_support.cpp.o[0m
[5.335s] [ 48%] [32mBuilding C object CMakeFiles/ros_robot_controller_msgs__rosidl_typesupport_introspection_c.dir/rosidl_typesupport_introspection_c/ros_robot_controller_msgs/msg/detail/sbus__type_support.c.o[0m
[5.351s] [ 49%] [32mBuilding CXX object CMakeFiles/ros_robot_controller_msgs__rosidl_typesupport_c.dir/rosidl_typesupport_c/ros_robot_controller_msgs/msg/servos_position__type_support.cpp.o[0m
[5.354s] [ 49%] [32mBuilding CXX object CMakeFiles/ros_robot_controller_msgs__rosidl_typesupport_cpp.dir/rosidl_typesupport_cpp/ros_robot_controller_msgs/msg/servo_position__type_support.cpp.o[0m
[5.355s] [ 50%] [32mBuilding CXX object CMakeFiles/ros_robot_controller_msgs__rosidl_typesupport_introspection_cpp.dir/rosidl_typesupport_introspection_cpp/ros_robot_controller_msgs/msg/detail/bus_servo_state__type_support.cpp.o[0m
[5.389s] [ 50%] [32mBuilding CXX object CMakeFiles/ros_robot_controller_msgs__rosidl_typesupport_c.dir/rosidl_typesupport_c/ros_robot_controller_msgs/msg/set_pwm_servo_state__type_support.cpp.o[0m
[5.405s] [ 51%] [32mBuilding CXX object CMakeFiles/ros_robot_controller_msgs__rosidl_typesupport_c.dir/rosidl_typesupport_c/ros_robot_controller_msgs/msg/get_bus_servo_cmd__type_support.cpp.o[0m
[5.406s] [ 52%] [32mBuilding C object CMakeFiles/ros_robot_controller_msgs__rosidl_typesupport_introspection_c.dir/rosidl_typesupport_introspection_c/ros_robot_controller_msgs/msg/detail/oled_state__type_support.c.o[0m
[5.426s] [ 52%] [32mBuilding CXX object CMakeFiles/ros_robot_controller_msgs__rosidl_typesupport_fastrtps_cpp.dir/rosidl_typesupport_fastrtps_cpp/ros_robot_controller_msgs/msg/detail/dds_fastrtps/bus_servo_state__type_support.cpp.o[0m
[5.456s] [ 52%] [32mBuilding C object CMakeFiles/ros_robot_controller_msgs__rosidl_typesupport_introspection_c.dir/rosidl_typesupport_introspection_c/ros_robot_controller_msgs/msg/detail/set_bus_servo_state__type_support.c.o[0m
[5.458s] [ 52%] [32mBuilding CXX object CMakeFiles/ros_robot_controller_msgs__rosidl_typesupport_fastrtps_c.dir/rosidl_typesupport_fastrtps_c/ros_robot_controller_msgs/msg/detail/buzzer_state__type_support_c.cpp.o[0m
[5.460s] [ 52%] [32mBuilding CXX object CMakeFiles/ros_robot_controller_msgs__rosidl_typesupport_c.dir/rosidl_typesupport_c/ros_robot_controller_msgs/msg/get_pwm_servo_cmd__type_support.cpp.o[0m
[5.508s] [ 53%] [32mBuilding C object CMakeFiles/ros_robot_controller_msgs__rosidl_typesupport_introspection_c.dir/rosidl_typesupport_introspection_c/ros_robot_controller_msgs/msg/detail/rgb_states__type_support.c.o[0m
[5.516s] [ 54%] [32mBuilding CXX object CMakeFiles/ros_robot_controller_msgs__rosidl_typesupport_c.dir/rosidl_typesupport_c/ros_robot_controller_msgs/srv/get_bus_servo_state__type_support.cpp.o[0m
[5.561s] [ 54%] [32mBuilding C object CMakeFiles/ros_robot_controller_msgs__rosidl_typesupport_introspection_c.dir/rosidl_typesupport_introspection_c/ros_robot_controller_msgs/msg/detail/rgb_state__type_support.c.o[0m
[5.581s] [ 54%] [32mBuilding CXX object CMakeFiles/ros_robot_controller_msgs__rosidl_typesupport_c.dir/rosidl_typesupport_c/ros_robot_controller_msgs/srv/get_pwm_servo_state__type_support.cpp.o[0m
[5.612s] [ 55%] [32mBuilding C object CMakeFiles/ros_robot_controller_msgs__rosidl_typesupport_introspection_c.dir/rosidl_typesupport_introspection_c/ros_robot_controller_msgs/msg/detail/servo_position__type_support.c.o[0m
[5.618s] [ 56%] [32mBuilding CXX object CMakeFiles/ros_robot_controller_msgs__rosidl_typesupport_cpp.dir/rosidl_typesupport_cpp/ros_robot_controller_msgs/msg/servos_position__type_support.cpp.o[0m
[5.635s] [ 57%] [32m[1mLinking CXX shared library libros_robot_controller_msgs__rosidl_typesupport_c.so[0m
[5.646s] [ 57%] [32mBuilding C object CMakeFiles/ros_robot_controller_msgs__rosidl_typesupport_introspection_c.dir/rosidl_typesupport_introspection_c/ros_robot_controller_msgs/msg/detail/servos_position__type_support.c.o[0m
[5.668s] [ 57%] [32mBuilding CXX object CMakeFiles/ros_robot_controller_msgs__rosidl_typesupport_cpp.dir/rosidl_typesupport_cpp/ros_robot_controller_msgs/msg/set_pwm_servo_state__type_support.cpp.o[0m
[5.691s] [ 58%] [32mBuilding CXX object CMakeFiles/ros_robot_controller_msgs__rosidl_typesupport_cpp.dir/rosidl_typesupport_cpp/ros_robot_controller_msgs/msg/get_bus_servo_cmd__type_support.cpp.o[0m
[5.704s] [ 58%] Built target ros_robot_controller_msgs__rosidl_typesupport_c
[5.712s] [ 59%] [32mBuilding C object CMakeFiles/ros_robot_controller_msgs__rosidl_typesupport_introspection_c.dir/rosidl_typesupport_introspection_c/ros_robot_controller_msgs/msg/detail/set_pwm_servo_state__type_support.c.o[0m
[5.726s] [ 59%] [32mBuilding CXX object CMakeFiles/ros_robot_controller_msgs__rosidl_typesupport_cpp.dir/rosidl_typesupport_cpp/ros_robot_controller_msgs/msg/get_pwm_servo_cmd__type_support.cpp.o[0m
[5.745s] [ 59%] [32mBuilding CXX object CMakeFiles/ros_robot_controller_msgs__rosidl_typesupport_introspection_cpp.dir/rosidl_typesupport_introspection_cpp/ros_robot_controller_msgs/msg/detail/button_state__type_support.cpp.o[0m
[5.774s] [ 59%] [32mBuilding C object CMakeFiles/ros_robot_controller_msgs__rosidl_typesupport_introspection_c.dir/rosidl_typesupport_introspection_c/ros_robot_controller_msgs/msg/detail/get_bus_servo_cmd__type_support.c.o[0m
[5.791s] [ 60%] [32mBuilding CXX object CMakeFiles/ros_robot_controller_msgs__rosidl_typesupport_cpp.dir/rosidl_typesupport_cpp/ros_robot_controller_msgs/srv/get_bus_servo_state__type_support.cpp.o[0m
[5.824s] [ 60%] [32mBuilding CXX object CMakeFiles/ros_robot_controller_msgs__rosidl_typesupport_cpp.dir/rosidl_typesupport_cpp/ros_robot_controller_msgs/srv/get_pwm_servo_state__type_support.cpp.o[0m
[5.832s] [ 60%] [32mBuilding C object CMakeFiles/ros_robot_controller_msgs__rosidl_typesupport_introspection_c.dir/rosidl_typesupport_introspection_c/ros_robot_controller_msgs/msg/detail/get_pwm_servo_cmd__type_support.c.o[0m
[5.889s] [ 61%] [32mBuilding C object CMakeFiles/ros_robot_controller_msgs__rosidl_typesupport_introspection_c.dir/rosidl_typesupport_introspection_c/ros_robot_controller_msgs/srv/detail/get_bus_servo_state__type_support.c.o[0m
[5.898s] [ 62%] [32mBuilding CXX object CMakeFiles/ros_robot_controller_msgs__rosidl_typesupport_fastrtps_c.dir/rosidl_typesupport_fastrtps_c/ros_robot_controller_msgs/msg/detail/led_state__type_support_c.cpp.o[0m
[5.940s] [ 63%] [32mBuilding CXX object CMakeFiles/ros_robot_controller_msgs__rosidl_typesupport_fastrtps_cpp.dir/rosidl_typesupport_fastrtps_cpp/ros_robot_controller_msgs/msg/detail/dds_fastrtps/button_state__type_support.cpp.o[0m
[5.943s] [ 64%] [32mBuilding CXX object CMakeFiles/ros_robot_controller_msgs__rosidl_typesupport_introspection_cpp.dir/rosidl_typesupport_introspection_cpp/ros_robot_controller_msgs/msg/detail/buzzer_state__type_support.cpp.o[0m
[5.990s] [ 64%] [32mBuilding C object CMakeFiles/ros_robot_controller_msgs__rosidl_typesupport_introspection_c.dir/rosidl_typesupport_introspection_c/ros_robot_controller_msgs/srv/detail/get_pwm_servo_state__type_support.c.o[0m
[6.050s] [ 64%] [32mBuilding CXX object CMakeFiles/ros_robot_controller_msgs__rosidl_typesupport_fastrtps_c.dir/rosidl_typesupport_fastrtps_c/ros_robot_controller_msgs/msg/detail/motor_state__type_support_c.cpp.o[0m
[6.053s] [ 65%] [32m[1mLinking C shared library libros_robot_controller_msgs__rosidl_typesupport_introspection_c.so[0m
[6.062s] [ 65%] [32mBuilding CXX object CMakeFiles/ros_robot_controller_msgs__rosidl_typesupport_introspection_cpp.dir/rosidl_typesupport_introspection_cpp/ros_robot_controller_msgs/msg/detail/led_state__type_support.cpp.o[0m
[6.084s] [ 66%] [32mBuilding CXX object CMakeFiles/ros_robot_controller_msgs__rosidl_typesupport_fastrtps_c.dir/rosidl_typesupport_fastrtps_c/ros_robot_controller_msgs/msg/detail/motors_state__type_support_c.cpp.o[0m
[6.111s] [ 66%] Built target ros_robot_controller_msgs__rosidl_typesupport_introspection_c
[6.133s] [ 66%] [32mBuilding CXX object CMakeFiles/ros_robot_controller_msgs__rosidl_typesupport_fastrtps_c.dir/rosidl_typesupport_fastrtps_c/ros_robot_controller_msgs/msg/detail/pwm_servo_state__type_support_c.cpp.o[0m
[6.272s] [ 67%] [32mBuilding CXX object CMakeFiles/ros_robot_controller_msgs__rosidl_typesupport_fastrtps_c.dir/rosidl_typesupport_fastrtps_c/ros_robot_controller_msgs/msg/detail/sbus__type_support_c.cpp.o[0m
[6.346s] [ 67%] [32mBuilding CXX object CMakeFiles/ros_robot_controller_msgs__rosidl_typesupport_fastrtps_cpp.dir/rosidl_typesupport_fastrtps_cpp/ros_robot_controller_msgs/msg/detail/dds_fastrtps/buzzer_state__type_support.cpp.o[0m
[6.399s] [ 68%] [32mBuilding CXX object CMakeFiles/ros_robot_controller_msgs__rosidl_typesupport_fastrtps_cpp.dir/rosidl_typesupport_fastrtps_cpp/ros_robot_controller_msgs/msg/detail/dds_fastrtps/led_state__type_support.cpp.o[0m
[6.422s] [ 68%] [32mBuilding CXX object CMakeFiles/ros_robot_controller_msgs__rosidl_typesupport_fastrtps_c.dir/rosidl_typesupport_fastrtps_c/ros_robot_controller_msgs/msg/detail/oled_state__type_support_c.cpp.o[0m
[6.436s] [ 69%] [32mBuilding CXX object CMakeFiles/ros_robot_controller_msgs__rosidl_typesupport_introspection_cpp.dir/rosidl_typesupport_introspection_cpp/ros_robot_controller_msgs/msg/detail/motor_state__type_support.cpp.o[0m
[6.439s] [ 69%] [32mBuilding CXX object CMakeFiles/ros_robot_controller_msgs__rosidl_typesupport_fastrtps_cpp.dir/rosidl_typesupport_fastrtps_cpp/ros_robot_controller_msgs/msg/detail/dds_fastrtps/motor_state__type_support.cpp.o[0m
[6.466s] [ 69%] [32mBuilding CXX object CMakeFiles/ros_robot_controller_msgs__rosidl_typesupport_introspection_cpp.dir/rosidl_typesupport_introspection_cpp/ros_robot_controller_msgs/msg/detail/motors_state__type_support.cpp.o[0m
[6.471s] [ 69%] [32m[1mLinking CXX shared library libros_robot_controller_msgs__rosidl_typesupport_cpp.so[0m
[6.488s] [ 70%] [32mBuilding CXX object CMakeFiles/ros_robot_controller_msgs__rosidl_typesupport_fastrtps_cpp.dir/rosidl_typesupport_fastrtps_cpp/ros_robot_controller_msgs/msg/detail/dds_fastrtps/motors_state__type_support.cpp.o[0m
[6.586s] [ 70%] Built target ros_robot_controller_msgs__rosidl_typesupport_cpp
[6.587s] [ 71%] [32mBuilding CXX object CMakeFiles/ros_robot_controller_msgs__rosidl_typesupport_introspection_cpp.dir/rosidl_typesupport_introspection_cpp/ros_robot_controller_msgs/msg/detail/pwm_servo_state__type_support.cpp.o[0m
[6.598s] [ 71%] [32mBuilding CXX object CMakeFiles/ros_robot_controller_msgs__rosidl_typesupport_fastrtps_cpp.dir/rosidl_typesupport_fastrtps_cpp/ros_robot_controller_msgs/msg/detail/dds_fastrtps/pwm_servo_state__type_support.cpp.o[0m
[6.668s] [ 72%] [32mBuilding CXX object CMakeFiles/ros_robot_controller_msgs__rosidl_typesupport_fastrtps_c.dir/rosidl_typesupport_fastrtps_c/ros_robot_controller_msgs/msg/detail/set_bus_servo_state__type_support_c.cpp.o[0m
[6.822s] [ 72%] [32mBuilding CXX object CMakeFiles/ros_robot_controller_msgs__rosidl_typesupport_introspection_cpp.dir/rosidl_typesupport_introspection_cpp/ros_robot_controller_msgs/msg/detail/sbus__type_support.cpp.o[0m
[6.848s] [ 72%] [32mBuilding CXX object CMakeFiles/ros_robot_controller_msgs__rosidl_typesupport_fastrtps_cpp.dir/rosidl_typesupport_fastrtps_cpp/ros_robot_controller_msgs/msg/detail/dds_fastrtps/sbus__type_support.cpp.o[0m
[6.880s] [ 72%] [32mBuilding CXX object CMakeFiles/ros_robot_controller_msgs__rosidl_typesupport_fastrtps_c.dir/rosidl_typesupport_fastrtps_c/ros_robot_controller_msgs/msg/detail/rgb_states__type_support_c.cpp.o[0m
[6.907s] [ 73%] [32mBuilding CXX object CMakeFiles/ros_robot_controller_msgs__rosidl_typesupport_introspection_cpp.dir/rosidl_typesupport_introspection_cpp/ros_robot_controller_msgs/msg/detail/oled_state__type_support.cpp.o[0m
[6.978s] [ 74%] [32mBuilding CXX object CMakeFiles/ros_robot_controller_msgs__rosidl_typesupport_fastrtps_cpp.dir/rosidl_typesupport_fastrtps_cpp/ros_robot_controller_msgs/msg/detail/dds_fastrtps/oled_state__type_support.cpp.o[0m
[6.985s] [ 74%] [32mBuilding CXX object CMakeFiles/ros_robot_controller_msgs__rosidl_typesupport_introspection_cpp.dir/rosidl_typesupport_introspection_cpp/ros_robot_controller_msgs/msg/detail/set_bus_servo_state__type_support.cpp.o[0m
[7.045s] [ 74%] [32mBuilding CXX object CMakeFiles/ros_robot_controller_msgs__rosidl_typesupport_introspection_cpp.dir/rosidl_typesupport_introspection_cpp/ros_robot_controller_msgs/msg/detail/rgb_states__type_support.cpp.o[0m
[7.064s] [ 75%] [32mBuilding CXX object CMakeFiles/ros_robot_controller_msgs__rosidl_typesupport_fastrtps_c.dir/rosidl_typesupport_fastrtps_c/ros_robot_controller_msgs/msg/detail/rgb_state__type_support_c.cpp.o[0m
[7.085s] [ 75%] [32mBuilding CXX object CMakeFiles/ros_robot_controller_msgs__rosidl_typesupport_fastrtps_cpp.dir/rosidl_typesupport_fastrtps_cpp/ros_robot_controller_msgs/msg/detail/dds_fastrtps/set_bus_servo_state__type_support.cpp.o[0m
[7.187s] [ 76%] [32mBuilding CXX object CMakeFiles/ros_robot_controller_msgs__rosidl_typesupport_introspection_cpp.dir/rosidl_typesupport_introspection_cpp/ros_robot_controller_msgs/msg/detail/rgb_state__type_support.cpp.o[0m
[7.227s] [ 77%] [32mBuilding CXX object CMakeFiles/ros_robot_controller_msgs__rosidl_typesupport_fastrtps_cpp.dir/rosidl_typesupport_fastrtps_cpp/ros_robot_controller_msgs/msg/detail/dds_fastrtps/rgb_states__type_support.cpp.o[0m
[7.238s] [ 77%] [32mBuilding CXX object CMakeFiles/ros_robot_controller_msgs__rosidl_typesupport_fastrtps_c.dir/rosidl_typesupport_fastrtps_c/ros_robot_controller_msgs/msg/detail/servo_position__type_support_c.cpp.o[0m
[7.302s] [ 77%] [32mBuilding CXX object CMakeFiles/ros_robot_controller_msgs__rosidl_typesupport_fastrtps_c.dir/rosidl_typesupport_fastrtps_c/ros_robot_controller_msgs/msg/detail/servos_position__type_support_c.cpp.o[0m
[7.422s] [ 78%] [32mBuilding CXX object CMakeFiles/ros_robot_controller_msgs__rosidl_typesupport_fastrtps_c.dir/rosidl_typesupport_fastrtps_c/ros_robot_controller_msgs/msg/detail/set_pwm_servo_state__type_support_c.cpp.o[0m
[7.473s] [ 78%] [32mBuilding CXX object CMakeFiles/ros_robot_controller_msgs__rosidl_typesupport_introspection_cpp.dir/rosidl_typesupport_introspection_cpp/ros_robot_controller_msgs/msg/detail/servo_position__type_support.cpp.o[0m
[7.507s] [ 78%] [32mBuilding CXX object CMakeFiles/ros_robot_controller_msgs__rosidl_typesupport_fastrtps_c.dir/rosidl_typesupport_fastrtps_c/ros_robot_controller_msgs/msg/detail/get_bus_servo_cmd__type_support_c.cpp.o[0m
[7.576s] [ 78%] [32mBuilding CXX object CMakeFiles/ros_robot_controller_msgs__rosidl_typesupport_fastrtps_cpp.dir/rosidl_typesupport_fastrtps_cpp/ros_robot_controller_msgs/msg/detail/dds_fastrtps/rgb_state__type_support.cpp.o[0m
[7.615s] [ 79%] [32mBuilding CXX object CMakeFiles/ros_robot_controller_msgs__rosidl_typesupport_fastrtps_c.dir/rosidl_typesupport_fastrtps_c/ros_robot_controller_msgs/msg/detail/get_pwm_servo_cmd__type_support_c.cpp.o[0m
[7.672s] [ 80%] [32mBuilding CXX object CMakeFiles/ros_robot_controller_msgs__rosidl_typesupport_introspection_cpp.dir/rosidl_typesupport_introspection_cpp/ros_robot_controller_msgs/msg/detail/servos_position__type_support.cpp.o[0m
[7.703s] [ 80%] [32mBuilding CXX object CMakeFiles/ros_robot_controller_msgs__rosidl_typesupport_fastrtps_c.dir/rosidl_typesupport_fastrtps_c/ros_robot_controller_msgs/srv/detail/get_bus_servo_state__type_support_c.cpp.o[0m
[7.717s] [ 80%] [32mBuilding CXX object CMakeFiles/ros_robot_controller_msgs__rosidl_typesupport_introspection_cpp.dir/rosidl_typesupport_introspection_cpp/ros_robot_controller_msgs/msg/detail/set_pwm_servo_state__type_support.cpp.o[0m
[7.883s] [ 81%] [32mBuilding CXX object CMakeFiles/ros_robot_controller_msgs__rosidl_typesupport_introspection_cpp.dir/rosidl_typesupport_introspection_cpp/ros_robot_controller_msgs/msg/detail/get_bus_servo_cmd__type_support.cpp.o[0m
[7.886s] [ 81%] [32mBuilding CXX object CMakeFiles/ros_robot_controller_msgs__rosidl_typesupport_introspection_cpp.dir/rosidl_typesupport_introspection_cpp/ros_robot_controller_msgs/msg/detail/get_pwm_servo_cmd__type_support.cpp.o[0m
[7.925s] [ 82%] [32mBuilding CXX object CMakeFiles/ros_robot_controller_msgs__rosidl_typesupport_fastrtps_cpp.dir/rosidl_typesupport_fastrtps_cpp/ros_robot_controller_msgs/msg/detail/dds_fastrtps/servo_position__type_support.cpp.o[0m
[7.954s] [ 83%] [32mBuilding CXX object CMakeFiles/ros_robot_controller_msgs__rosidl_typesupport_fastrtps_c.dir/rosidl_typesupport_fastrtps_c/ros_robot_controller_msgs/srv/detail/get_pwm_servo_state__type_support_c.cpp.o[0m
[8.002s] [ 83%] [32mBuilding CXX object CMakeFiles/ros_robot_controller_msgs__rosidl_typesupport_fastrtps_cpp.dir/rosidl_typesupport_fastrtps_cpp/ros_robot_controller_msgs/msg/detail/dds_fastrtps/servos_position__type_support.cpp.o[0m
[8.043s] [ 84%] [32mBuilding CXX object CMakeFiles/ros_robot_controller_msgs__rosidl_typesupport_introspection_cpp.dir/rosidl_typesupport_introspection_cpp/ros_robot_controller_msgs/srv/detail/get_bus_servo_state__type_support.cpp.o[0m
[8.050s] [ 85%] [32mBuilding CXX object CMakeFiles/ros_robot_controller_msgs__rosidl_typesupport_fastrtps_cpp.dir/rosidl_typesupport_fastrtps_cpp/ros_robot_controller_msgs/msg/detail/dds_fastrtps/set_pwm_servo_state__type_support.cpp.o[0m
[8.128s] [ 85%] [32mBuilding CXX object CMakeFiles/ros_robot_controller_msgs__rosidl_typesupport_introspection_cpp.dir/rosidl_typesupport_introspection_cpp/ros_robot_controller_msgs/srv/detail/get_pwm_servo_state__type_support.cpp.o[0m
[8.218s] [ 85%] [32mBuilding CXX object CMakeFiles/ros_robot_controller_msgs__rosidl_typesupport_fastrtps_cpp.dir/rosidl_typesupport_fastrtps_cpp/ros_robot_controller_msgs/msg/detail/dds_fastrtps/get_bus_servo_cmd__type_support.cpp.o[0m
[8.293s] [ 86%] [32mBuilding CXX object CMakeFiles/ros_robot_controller_msgs__rosidl_typesupport_fastrtps_cpp.dir/rosidl_typesupport_fastrtps_cpp/ros_robot_controller_msgs/msg/detail/dds_fastrtps/get_pwm_servo_cmd__type_support.cpp.o[0m
[8.300s] [ 86%] [32mBuilding CXX object CMakeFiles/ros_robot_controller_msgs__rosidl_typesupport_fastrtps_cpp.dir/rosidl_typesupport_fastrtps_cpp/ros_robot_controller_msgs/srv/detail/dds_fastrtps/get_bus_servo_state__type_support.cpp.o[0m
[8.353s] [ 87%] [32mBuilding CXX object CMakeFiles/ros_robot_controller_msgs__rosidl_typesupport_fastrtps_cpp.dir/rosidl_typesupport_fastrtps_cpp/ros_robot_controller_msgs/srv/detail/dds_fastrtps/get_pwm_servo_state__type_support.cpp.o[0m
[8.536s] [ 87%] [32m[1mLinking CXX shared library libros_robot_controller_msgs__rosidl_typesupport_fastrtps_c.so[0m
[8.592s] [ 87%] Built target ros_robot_controller_msgs__rosidl_typesupport_fastrtps_c
[8.946s] [ 88%] [32m[1mLinking CXX shared library libros_robot_controller_msgs__rosidl_typesupport_introspection_cpp.so[0m
[8.979s] [ 88%] [32m[1mLinking CXX shared library libros_robot_controller_msgs__rosidl_typesupport_fastrtps_cpp.so[0m
[9.043s] [ 88%] Built target ros_robot_controller_msgs__rosidl_typesupport_introspection_cpp
[9.057s] [ 88%] Built target ros_robot_controller_msgs__rosidl_typesupport_fastrtps_cpp
[9.076s] [ 88%] Built target ros_robot_controller_msgs
[9.089s] [ 88%] [34m[1mGenerating Python code for ROS interfaces[0m
[10.093s] [ 88%] Built target ros_robot_controller_msgs__py
[10.110s] [ 88%] [32mBuilding C object CMakeFiles/ros_robot_controller_msgs__rosidl_generator_py.dir/rosidl_generator_py/ros_robot_controller_msgs/msg/_bus_servo_state_s.c.o[0m
[10.110s] [ 88%] [32mBuilding C object CMakeFiles/ros_robot_controller_msgs__rosidl_generator_py.dir/rosidl_generator_py/ros_robot_controller_msgs/msg/_motor_state_s.c.o[0m
[10.110s] [ 89%] [32mBuilding C object CMakeFiles/ros_robot_controller_msgs__rosidl_generator_py.dir/rosidl_generator_py/ros_robot_controller_msgs/msg/_button_state_s.c.o[0m
[10.110s] [ 90%] [32mBuilding C object CMakeFiles/ros_robot_controller_msgs__rosidl_generator_py.dir/rosidl_generator_py/ros_robot_controller_msgs/msg/_led_state_s.c.o[0m
[10.110s] [ 91%] [32mBuilding C object CMakeFiles/ros_robot_controller_msgs__rosidl_generator_py.dir/rosidl_generator_py/ros_robot_controller_msgs/msg/_motors_state_s.c.o[0m
[10.110s] [ 91%] [32mBuilding C object CMakeFiles/ros_robot_controller_msgs__rosidl_generator_py.dir/rosidl_generator_py/ros_robot_controller_msgs/msg/_oled_state_s.c.o[0m
[10.110s] [ 89%] [32mBuilding C object CMakeFiles/ros_robot_controller_msgs__rosidl_generator_py.dir/rosidl_generator_py/ros_robot_controller_msgs/msg/_pwm_servo_state_s.c.o[0m
[10.110s] [ 88%] [32mBuilding C object CMakeFiles/ros_robot_controller_msgs__rosidl_generator_py.dir/rosidl_generator_py/ros_robot_controller_msgs/msg/_buzzer_state_s.c.o[0m
[10.115s] [ 92%] [32mBuilding C object CMakeFiles/ros_robot_controller_msgs__rosidl_generator_py.dir/rosidl_generator_py/ros_robot_controller_msgs/msg/_sbus_s.c.o[0m
[10.115s] [ 93%] [32mBuilding C object CMakeFiles/ros_robot_controller_msgs__rosidl_generator_py.dir/rosidl_generator_py/ros_robot_controller_msgs/msg/_set_bus_servo_state_s.c.o[0m
[10.203s] [ 96%] [32mBuilding C object CMakeFiles/ros_robot_controller_msgs__rosidl_generator_py.dir/rosidl_generator_py/ros_robot_controller_msgs/msg/_servos_position_s.c.o[0m
[10.203s] [ 96%] [32mBuilding C object CMakeFiles/ros_robot_controller_msgs__rosidl_generator_py.dir/rosidl_generator_py/ros_robot_controller_msgs/msg/_rgb_state_s.c.o[0m
[10.203s] [ 96%] [32mBuilding C object CMakeFiles/ros_robot_controller_msgs__rosidl_generator_py.dir/rosidl_generator_py/ros_robot_controller_msgs/msg/_rgb_states_s.c.o[0m
[10.203s] [ 96%] [32mBuilding C object CMakeFiles/ros_robot_controller_msgs__rosidl_generator_py.dir/rosidl_generator_py/ros_robot_controller_msgs/msg/_servo_position_s.c.o[0m
[10.203s] [ 96%] [32mBuilding C object CMakeFiles/ros_robot_controller_msgs__rosidl_generator_py.dir/rosidl_generator_py/ros_robot_controller_msgs/msg/_set_pwm_servo_state_s.c.o[0m
[10.203s] [ 96%] [32mBuilding C object CMakeFiles/ros_robot_controller_msgs__rosidl_generator_py.dir/rosidl_generator_py/ros_robot_controller_msgs/msg/_get_bus_servo_cmd_s.c.o[0m
[10.203s] [ 96%] [32mBuilding C object CMakeFiles/ros_robot_controller_msgs__rosidl_generator_py.dir/rosidl_generator_py/ros_robot_controller_msgs/msg/_get_pwm_servo_cmd_s.c.o[0m
[10.205s] [ 97%] [32mBuilding C object CMakeFiles/ros_robot_controller_msgs__rosidl_generator_py.dir/rosidl_generator_py/ros_robot_controller_msgs/srv/_get_pwm_servo_state_s.c.o[0m
[10.206s] [ 97%] [32mBuilding C object CMakeFiles/ros_robot_controller_msgs__rosidl_generator_py.dir/rosidl_generator_py/ros_robot_controller_msgs/srv/_get_bus_servo_state_s.c.o[0m
[10.330s] [ 97%] [32m[1mLinking C shared library libros_robot_controller_msgs__rosidl_generator_py.so[0m
[10.361s] [ 97%] Built target ros_robot_controller_msgs__rosidl_generator_py
[10.374s] [ 97%] [32mBuilding C object CMakeFiles/ros_robot_controller_msgs_s__rosidl_typesupport_fastrtps_c.dir/rosidl_generator_py/ros_robot_controller_msgs/_ros_robot_controller_msgs_s.ep.rosidl_typesupport_fastrtps_c.c.o[0m
[10.374s] [ 97%] [32mBuilding C object CMakeFiles/ros_robot_controller_msgs_s__rosidl_typesupport_c.dir/rosidl_generator_py/ros_robot_controller_msgs/_ros_robot_controller_msgs_s.ep.rosidl_typesupport_c.c.o[0m
[10.374s] [ 97%] [32mBuilding C object CMakeFiles/ros_robot_controller_msgs_s__rosidl_typesupport_introspection_c.dir/rosidl_generator_py/ros_robot_controller_msgs/_ros_robot_controller_msgs_s.ep.rosidl_typesupport_introspection_c.c.o[0m
[10.465s] [ 99%] [32m[1mLinking C shared module rosidl_generator_py/ros_robot_controller_msgs/ros_robot_controller_msgs_s__rosidl_typesupport_c.so[0m
[10.465s] [ 99%] [32m[1mLinking C shared module rosidl_generator_py/ros_robot_controller_msgs/ros_robot_controller_msgs_s__rosidl_typesupport_introspection_c.so[0m
[10.465s] [100%] [32m[1mLinking C shared module rosidl_generator_py/ros_robot_controller_msgs/ros_robot_controller_msgs_s__rosidl_typesupport_fastrtps_c.so[0m
[10.484s] [100%] Built target ros_robot_controller_msgs_s__rosidl_typesupport_introspection_c
[10.484s] [100%] Built target ros_robot_controller_msgs_s__rosidl_typesupport_fastrtps_c
[10.485s] [100%] Built target ros_robot_controller_msgs_s__rosidl_typesupport_c
[10.493s] Invoked command in '/home/intel/repo/d021rs-yolov5-ros2-subscription-node-limitationuk/build/ros_robot_controller_msgs' returned '0': CMAKE_PREFIX_PATH=${CMAKE_PREFIX_PATH}:/home/intel/repo/d021rs-yolov5-ros2-limitationuk/ros2_ws/install/yolov5_ros2:/home/intel/repo/d021rs-yolov5-ros2-limitationuk/ros2_ws/install/slam:/home/intel/repo/d021rs-yolov5-ros2-limitationuk/ros2_ws/install/sdk:/home/intel/repo/d021rs-yolov5-ros2-limitationuk/ros2_ws/install/ros_robot_controller:/home/intel/repo/d021rs-yolov5-ros2-limitationuk/ros2_ws/install/peripherals:/home/intel/repo/d021rs-yolov5-ros2-limitationuk/ros2_ws/install/navigation:/home/intel/repo/d021rs-yolov5-ros2-limitationuk/ros2_ws/install/multi:/home/intel/repo/d021rs-yolov5-ros2-limitationuk/ros2_ws/install/mentorpi_description:/home/intel/repo/d021rs-yolov5-ros2-limitationuk/ros2_ws/install/example:/home/intel/repo/d021rs-yolov5-ros2-limitationuk/ros2_ws/install/controller:/home/intel/repo/d021rs-yolov5-ros2-limitationuk/ros2_ws/install/calibration:/home/intel/repo/d021rs-yolov5-ros2-limitationuk/ros2_ws/install/bringup:/home/intel/repo/d021rs-yolov5-ros2-limitationuk/ros2_ws/install/app:/opt/ros/jazzy DEBUGINFOD_URLS=https://debuginfod.ubuntu.com VIRTUAL_ENV_PROMPT=(.venv) /usr/bin/cmake --build /home/intel/repo/d021rs-yolov5-ros2-subscription-node-limitationuk/build/ros_robot_controller_msgs -- -j10 -l10
[10.500s] Invoking command in '/home/intel/repo/d021rs-yolov5-ros2-subscription-node-limitationuk/build/ros_robot_controller_msgs': CMAKE_PREFIX_PATH=${CMAKE_PREFIX_PATH}:/home/intel/repo/d021rs-yolov5-ros2-limitationuk/ros2_ws/install/yolov5_ros2:/home/intel/repo/d021rs-yolov5-ros2-limitationuk/ros2_ws/install/slam:/home/intel/repo/d021rs-yolov5-ros2-limitationuk/ros2_ws/install/sdk:/home/intel/repo/d021rs-yolov5-ros2-limitationuk/ros2_ws/install/ros_robot_controller:/home/intel/repo/d021rs-yolov5-ros2-limitationuk/ros2_ws/install/peripherals:/home/intel/repo/d021rs-yolov5-ros2-limitationuk/ros2_ws/install/navigation:/home/intel/repo/d021rs-yolov5-ros2-limitationuk/ros2_ws/install/multi:/home/intel/repo/d021rs-yolov5-ros2-limitationuk/ros2_ws/install/mentorpi_description:/home/intel/repo/d021rs-yolov5-ros2-limitationuk/ros2_ws/install/example:/home/intel/repo/d021rs-yolov5-ros2-limitationuk/ros2_ws/install/controller:/home/intel/repo/d021rs-yolov5-ros2-limitationuk/ros2_ws/install/calibration:/home/intel/repo/d021rs-yolov5-ros2-limitationuk/ros2_ws/install/bringup:/home/intel/repo/d021rs-yolov5-ros2-limitationuk/ros2_ws/install/app:/opt/ros/jazzy DEBUGINFOD_URLS=https://debuginfod.ubuntu.com VIRTUAL_ENV_PROMPT=(.venv) /usr/bin/cmake --install /home/intel/repo/d021rs-yolov5-ros2-subscription-node-limitationuk/build/ros_robot_controller_msgs
[10.504s] -- Install configuration: ""
[10.505s] -- Execute custom install script
[10.505s] -- Symlinking: /home/intel/repo/d021rs-yolov5-ros2-subscription-node-limitationuk/install/ros_robot_controller_msgs/share/ament_index/resource_index/rosidl_interfaces/ros_robot_controller_msgs
[10.511s] -- Symlinking: /home/intel/repo/d021rs-yolov5-ros2-subscription-node-limitationuk/install/ros_robot_controller_msgs/share/ros_robot_controller_msgs/msg/BusServoState.json
[10.516s] -- Symlinking: /home/intel/repo/d021rs-yolov5-ros2-subscription-node-limitationuk/install/ros_robot_controller_msgs/share/ros_robot_controller_msgs/msg/ButtonState.json
[10.521s] -- Symlinking: /home/intel/repo/d021rs-yolov5-ros2-subscription-node-limitationuk/install/ros_robot_controller_msgs/share/ros_robot_controller_msgs/msg/BuzzerState.json
[10.526s] -- Symlinking: /home/intel/repo/d021rs-yolov5-ros2-subscription-node-limitationuk/install/ros_robot_controller_msgs/share/ros_robot_controller_msgs/msg/LedState.json
[10.531s] -- Symlinking: /home/intel/repo/d021rs-yolov5-ros2-subscription-node-limitationuk/install/ros_robot_controller_msgs/share/ros_robot_controller_msgs/msg/MotorState.json
[10.536s] -- Symlinking: /home/intel/repo/d021rs-yolov5-ros2-subscription-node-limitationuk/install/ros_robot_controller_msgs/share/ros_robot_controller_msgs/msg/MotorsState.json
[10.540s] -- Symlinking: /home/intel/repo/d021rs-yolov5-ros2-subscription-node-limitationuk/install/ros_robot_controller_msgs/share/ros_robot_controller_msgs/msg/PWMServoState.json
[10.545s] -- Symlinking: /home/intel/repo/d021rs-yolov5-ros2-subscription-node-limitationuk/install/ros_robot_controller_msgs/share/ros_robot_controller_msgs/msg/Sbus.json
[10.551s] -- Symlinking: /home/intel/repo/d021rs-yolov5-ros2-subscription-node-limitationuk/install/ros_robot_controller_msgs/share/ros_robot_controller_msgs/msg/OLEDState.json
[10.556s] -- Symlinking: /home/intel/repo/d021rs-yolov5-ros2-subscription-node-limitationuk/install/ros_robot_controller_msgs/share/ros_robot_controller_msgs/msg/SetBusServoState.json
[10.561s] -- Symlinking: /home/intel/repo/d021rs-yolov5-ros2-subscription-node-limitationuk/install/ros_robot_controller_msgs/share/ros_robot_controller_msgs/msg/RGBStates.json
[10.568s] -- Symlinking: /home/intel/repo/d021rs-yolov5-ros2-subscription-node-limitationuk/install/ros_robot_controller_msgs/share/ros_robot_controller_msgs/msg/RGBState.json
[10.573s] -- Symlinking: /home/intel/repo/d021rs-yolov5-ros2-subscription-node-limitationuk/install/ros_robot_controller_msgs/share/ros_robot_controller_msgs/msg/ServoPosition.json
[10.578s] -- Symlinking: /home/intel/repo/d021rs-yolov5-ros2-subscription-node-limitationuk/install/ros_robot_controller_msgs/share/ros_robot_controller_msgs/msg/ServosPosition.json
[10.583s] -- Symlinking: /home/intel/repo/d021rs-yolov5-ros2-subscription-node-limitationuk/install/ros_robot_controller_msgs/share/ros_robot_controller_msgs/msg/SetPWMServoState.json
[10.587s] -- Symlinking: /home/intel/repo/d021rs-yolov5-ros2-subscription-node-limitationuk/install/ros_robot_controller_msgs/share/ros_robot_controller_msgs/msg/GetBusServoCmd.json
[10.592s] -- Symlinking: /home/intel/repo/d021rs-yolov5-ros2-subscription-node-limitationuk/install/ros_robot_controller_msgs/share/ros_robot_controller_msgs/msg/GetPWMServoCmd.json
[10.597s] -- Symlinking: /home/intel/repo/d021rs-yolov5-ros2-subscription-node-limitationuk/install/ros_robot_controller_msgs/share/ros_robot_controller_msgs/srv/GetBusServoState.json
[10.602s] -- Symlinking: /home/intel/repo/d021rs-yolov5-ros2-subscription-node-limitationuk/install/ros_robot_controller_msgs/share/ros_robot_controller_msgs/srv/GetPWMServoState.json
[10.609s] -- Symlinking: /home/intel/repo/d021rs-yolov5-ros2-subscription-node-limitationuk/install/ros_robot_controller_msgs/include/ros_robot_controller_msgs/ros_robot_controller_msgs/msg/bus_servo_state.h
[10.614s] -- Symlinking: /home/intel/repo/d021rs-yolov5-ros2-subscription-node-limitationuk/install/ros_robot_controller_msgs/include/ros_robot_controller_msgs/ros_robot_controller_msgs/msg/button_state.h
[10.619s] -- Symlinking: /home/intel/repo/d021rs-yolov5-ros2-subscription-node-limitationuk/install/ros_robot_controller_msgs/include/ros_robot_controller_msgs/ros_robot_controller_msgs/msg/buzzer_state.h
[10.624s] -- Symlinking: /home/intel/repo/d021rs-yolov5-ros2-subscription-node-limitationuk/install/ros_robot_controller_msgs/include/ros_robot_controller_msgs/ros_robot_controller_msgs/msg/detail/bus_servo_state__functions.h
[10.629s] -- Symlinking: /home/intel/repo/d021rs-yolov5-ros2-subscription-node-limitationuk/install/ros_robot_controller_msgs/include/ros_robot_controller_msgs/ros_robot_controller_msgs/msg/detail/bus_servo_state__struct.h
[10.634s] -- Symlinking: /home/intel/repo/d021rs-yolov5-ros2-subscription-node-limitationuk/install/ros_robot_controller_msgs/include/ros_robot_controller_msgs/ros_robot_controller_msgs/msg/detail/bus_servo_state__type_support.h
[10.638s] -- Symlinking: /home/intel/repo/d021rs-yolov5-ros2-subscription-node-limitationuk/install/ros_robot_controller_msgs/include/ros_robot_controller_msgs/ros_robot_controller_msgs/msg/detail/button_state__functions.h
[10.643s] -- Symlinking: /home/intel/repo/d021rs-yolov5-ros2-subscription-node-limitationuk/install/ros_robot_controller_msgs/include/ros_robot_controller_msgs/ros_robot_controller_msgs/msg/detail/button_state__struct.h
[10.648s] -- Symlinking: /home/intel/repo/d021rs-yolov5-ros2-subscription-node-limitationuk/install/ros_robot_controller_msgs/include/ros_robot_controller_msgs/ros_robot_controller_msgs/msg/detail/button_state__type_support.h
[10.653s] -- Symlinking: /home/intel/repo/d021rs-yolov5-ros2-subscription-node-limitationuk/install/ros_robot_controller_msgs/include/ros_robot_controller_msgs/ros_robot_controller_msgs/msg/detail/buzzer_state__functions.h
[10.658s] -- Symlinking: /home/intel/repo/d021rs-yolov5-ros2-subscription-node-limitationuk/install/ros_robot_controller_msgs/include/ros_robot_controller_msgs/ros_robot_controller_msgs/msg/detail/buzzer_state__struct.h
[10.662s] -- Symlinking: /home/intel/repo/d021rs-yolov5-ros2-subscription-node-limitationuk/install/ros_robot_controller_msgs/include/ros_robot_controller_msgs/ros_robot_controller_msgs/msg/detail/buzzer_state__type_support.h
[10.667s] -- Symlinking: /home/intel/repo/d021rs-yolov5-ros2-subscription-node-limitationuk/install/ros_robot_controller_msgs/include/ros_robot_controller_msgs/ros_robot_controller_msgs/msg/detail/get_bus_servo_cmd__functions.h
[10.672s] -- Symlinking: /home/intel/repo/d021rs-yolov5-ros2-subscription-node-limitationuk/install/ros_robot_controller_msgs/include/ros_robot_controller_msgs/ros_robot_controller_msgs/msg/detail/get_bus_servo_cmd__struct.h
[10.676s] -- Symlinking: /home/intel/repo/d021rs-yolov5-ros2-subscription-node-limitationuk/install/ros_robot_controller_msgs/include/ros_robot_controller_msgs/ros_robot_controller_msgs/msg/detail/get_bus_servo_cmd__type_support.h
[10.681s] -- Symlinking: /home/intel/repo/d021rs-yolov5-ros2-subscription-node-limitationuk/install/ros_robot_controller_msgs/include/ros_robot_controller_msgs/ros_robot_controller_msgs/msg/detail/get_pwm_servo_cmd__functions.h
[10.686s] -- Symlinking: /home/intel/repo/d021rs-yolov5-ros2-subscription-node-limitationuk/install/ros_robot_controller_msgs/include/ros_robot_controller_msgs/ros_robot_controller_msgs/msg/detail/get_pwm_servo_cmd__struct.h
[10.694s] -- Symlinking: /home/intel/repo/d021rs-yolov5-ros2-subscription-node-limitationuk/install/ros_robot_controller_msgs/include/ros_robot_controller_msgs/ros_robot_controller_msgs/msg/detail/get_pwm_servo_cmd__type_support.h
[10.698s] -- Symlinking: /home/intel/repo/d021rs-yolov5-ros2-subscription-node-limitationuk/install/ros_robot_controller_msgs/include/ros_robot_controller_msgs/ros_robot_controller_msgs/msg/detail/led_state__functions.h
[10.703s] -- Symlinking: /home/intel/repo/d021rs-yolov5-ros2-subscription-node-limitationuk/install/ros_robot_controller_msgs/include/ros_robot_controller_msgs/ros_robot_controller_msgs/msg/detail/led_state__struct.h
[10.708s] -- Symlinking: /home/intel/repo/d021rs-yolov5-ros2-subscription-node-limitationuk/install/ros_robot_controller_msgs/include/ros_robot_controller_msgs/ros_robot_controller_msgs/msg/detail/led_state__type_support.h
[10.714s] -- Symlinking: /home/intel/repo/d021rs-yolov5-ros2-subscription-node-limitationuk/install/ros_robot_controller_msgs/include/ros_robot_controller_msgs/ros_robot_controller_msgs/msg/detail/motor_state__functions.h
[10.719s] -- Symlinking: /home/intel/repo/d021rs-yolov5-ros2-subscription-node-limitationuk/install/ros_robot_controller_msgs/include/ros_robot_controller_msgs/ros_robot_controller_msgs/msg/detail/motor_state__struct.h
[10.724s] -- Symlinking: /home/intel/repo/d021rs-yolov5-ros2-subscription-node-limitationuk/install/ros_robot_controller_msgs/include/ros_robot_controller_msgs/ros_robot_controller_msgs/msg/detail/motor_state__type_support.h
[10.729s] -- Symlinking: /home/intel/repo/d021rs-yolov5-ros2-subscription-node-limitationuk/install/ros_robot_controller_msgs/include/ros_robot_controller_msgs/ros_robot_controller_msgs/msg/detail/motors_state__functions.h
[10.734s] -- Symlinking: /home/intel/repo/d021rs-yolov5-ros2-subscription-node-limitationuk/install/ros_robot_controller_msgs/include/ros_robot_controller_msgs/ros_robot_controller_msgs/msg/detail/motors_state__struct.h
[10.739s] -- Symlinking: /home/intel/repo/d021rs-yolov5-ros2-subscription-node-limitationuk/install/ros_robot_controller_msgs/include/ros_robot_controller_msgs/ros_robot_controller_msgs/msg/detail/motors_state__type_support.h
[10.744s] -- Symlinking: /home/intel/repo/d021rs-yolov5-ros2-subscription-node-limitationuk/install/ros_robot_controller_msgs/include/ros_robot_controller_msgs/ros_robot_controller_msgs/msg/detail/oled_state__functions.h
[10.749s] -- Symlinking: /home/intel/repo/d021rs-yolov5-ros2-subscription-node-limitationuk/install/ros_robot_controller_msgs/include/ros_robot_controller_msgs/ros_robot_controller_msgs/msg/detail/oled_state__struct.h
[10.754s] -- Symlinking: /home/intel/repo/d021rs-yolov5-ros2-subscription-node-limitationuk/install/ros_robot_controller_msgs/include/ros_robot_controller_msgs/ros_robot_controller_msgs/msg/detail/oled_state__type_support.h
[10.759s] -- Symlinking: /home/intel/repo/d021rs-yolov5-ros2-subscription-node-limitationuk/install/ros_robot_controller_msgs/include/ros_robot_controller_msgs/ros_robot_controller_msgs/msg/detail/pwm_servo_state__functions.h
[10.766s] -- Symlinking: /home/intel/repo/d021rs-yolov5-ros2-subscription-node-limitationuk/install/ros_robot_controller_msgs/include/ros_robot_controller_msgs/ros_robot_controller_msgs/msg/detail/pwm_servo_state__struct.h
[10.771s] -- Symlinking: /home/intel/repo/d021rs-yolov5-ros2-subscription-node-limitationuk/install/ros_robot_controller_msgs/include/ros_robot_controller_msgs/ros_robot_controller_msgs/msg/detail/pwm_servo_state__type_support.h
[10.776s] -- Symlinking: /home/intel/repo/d021rs-yolov5-ros2-subscription-node-limitationuk/install/ros_robot_controller_msgs/include/ros_robot_controller_msgs/ros_robot_controller_msgs/msg/detail/rgb_state__functions.h
[10.782s] -- Symlinking: /home/intel/repo/d021rs-yolov5-ros2-subscription-node-limitationuk/install/ros_robot_controller_msgs/include/ros_robot_controller_msgs/ros_robot_controller_msgs/msg/detail/rgb_state__struct.h
[10.787s] -- Symlinking: /home/intel/repo/d021rs-yolov5-ros2-subscription-node-limitationuk/install/ros_robot_controller_msgs/include/ros_robot_controller_msgs/ros_robot_controller_msgs/msg/detail/rgb_state__type_support.h
[10.792s] -- Symlinking: /home/intel/repo/d021rs-yolov5-ros2-subscription-node-limitationuk/install/ros_robot_controller_msgs/include/ros_robot_controller_msgs/ros_robot_controller_msgs/msg/detail/rgb_states__functions.h
[10.797s] -- Symlinking: /home/intel/repo/d021rs-yolov5-ros2-subscription-node-limitationuk/install/ros_robot_controller_msgs/include/ros_robot_controller_msgs/ros_robot_controller_msgs/msg/detail/rgb_states__struct.h
[10.802s] -- Symlinking: /home/intel/repo/d021rs-yolov5-ros2-subscription-node-limitationuk/install/ros_robot_controller_msgs/include/ros_robot_controller_msgs/ros_robot_controller_msgs/msg/detail/rgb_states__type_support.h
[10.807s] -- Symlinking: /home/intel/repo/d021rs-yolov5-ros2-subscription-node-limitationuk/install/ros_robot_controller_msgs/include/ros_robot_controller_msgs/ros_robot_controller_msgs/msg/detail/sbus__functions.h
[10.813s] -- Symlinking: /home/intel/repo/d021rs-yolov5-ros2-subscription-node-limitationuk/install/ros_robot_controller_msgs/include/ros_robot_controller_msgs/ros_robot_controller_msgs/msg/detail/sbus__struct.h
[10.818s] -- Symlinking: /home/intel/repo/d021rs-yolov5-ros2-subscription-node-limitationuk/install/ros_robot_controller_msgs/include/ros_robot_controller_msgs/ros_robot_controller_msgs/msg/detail/sbus__type_support.h
[10.823s] -- Symlinking: /home/intel/repo/d021rs-yolov5-ros2-subscription-node-limitationuk/install/ros_robot_controller_msgs/include/ros_robot_controller_msgs/ros_robot_controller_msgs/msg/detail/servo_position__functions.h
[10.828s] -- Symlinking: /home/intel/repo/d021rs-yolov5-ros2-subscription-node-limitationuk/install/ros_robot_controller_msgs/include/ros_robot_controller_msgs/ros_robot_controller_msgs/msg/detail/servo_position__struct.h
[10.833s] -- Symlinking: /home/intel/repo/d021rs-yolov5-ros2-subscription-node-limitationuk/install/ros_robot_controller_msgs/include/ros_robot_controller_msgs/ros_robot_controller_msgs/msg/detail/servo_position__type_support.h
[10.838s] -- Symlinking: /home/intel/repo/d021rs-yolov5-ros2-subscription-node-limitationuk/install/ros_robot_controller_msgs/include/ros_robot_controller_msgs/ros_robot_controller_msgs/msg/detail/servos_position__functions.h
[10.843s] -- Symlinking: /home/intel/repo/d021rs-yolov5-ros2-subscription-node-limitationuk/install/ros_robot_controller_msgs/include/ros_robot_controller_msgs/ros_robot_controller_msgs/msg/detail/servos_position__struct.h
[10.848s] -- Symlinking: /home/intel/repo/d021rs-yolov5-ros2-subscription-node-limitationuk/install/ros_robot_controller_msgs/include/ros_robot_controller_msgs/ros_robot_controller_msgs/msg/detail/servos_position__type_support.h
[10.853s] -- Symlinking: /home/intel/repo/d021rs-yolov5-ros2-subscription-node-limitationuk/install/ros_robot_controller_msgs/include/ros_robot_controller_msgs/ros_robot_controller_msgs/msg/detail/set_bus_servo_state__functions.h
[10.857s] -- Symlinking: /home/intel/repo/d021rs-yolov5-ros2-subscription-node-limitationuk/install/ros_robot_controller_msgs/include/ros_robot_controller_msgs/ros_robot_controller_msgs/msg/detail/set_bus_servo_state__struct.h
[10.862s] -- Symlinking: /home/intel/repo/d021rs-yolov5-ros2-subscription-node-limitationuk/install/ros_robot_controller_msgs/include/ros_robot_controller_msgs/ros_robot_controller_msgs/msg/detail/set_bus_servo_state__type_support.h
[10.870s] -- Symlinking: /home/intel/repo/d021rs-yolov5-ros2-subscription-node-limitationuk/install/ros_robot_controller_msgs/include/ros_robot_controller_msgs/ros_robot_controller_msgs/msg/detail/set_pwm_servo_state__functions.h
[10.875s] -- Symlinking: /home/intel/repo/d021rs-yolov5-ros2-subscription-node-limitationuk/install/ros_robot_controller_msgs/include/ros_robot_controller_msgs/ros_robot_controller_msgs/msg/detail/set_pwm_servo_state__struct.h
[10.879s] -- Symlinking: /home/intel/repo/d021rs-yolov5-ros2-subscription-node-limitationuk/install/ros_robot_controller_msgs/include/ros_robot_controller_msgs/ros_robot_controller_msgs/msg/detail/set_pwm_servo_state__type_support.h
[10.884s] -- Symlinking: /home/intel/repo/d021rs-yolov5-ros2-subscription-node-limitationuk/install/ros_robot_controller_msgs/include/ros_robot_controller_msgs/ros_robot_controller_msgs/msg/get_bus_servo_cmd.h
[10.888s] -- Symlinking: /home/intel/repo/d021rs-yolov5-ros2-subscription-node-limitationuk/install/ros_robot_controller_msgs/include/ros_robot_controller_msgs/ros_robot_controller_msgs/msg/get_pwm_servo_cmd.h
[10.893s] -- Symlinking: /home/intel/repo/d021rs-yolov5-ros2-subscription-node-limitationuk/install/ros_robot_controller_msgs/include/ros_robot_controller_msgs/ros_robot_controller_msgs/msg/led_state.h
[10.897s] -- Symlinking: /home/intel/repo/d021rs-yolov5-ros2-subscription-node-limitationuk/install/ros_robot_controller_msgs/include/ros_robot_controller_msgs/ros_robot_controller_msgs/msg/motor_state.h
[10.902s] -- Symlinking: /home/intel/repo/d021rs-yolov5-ros2-subscription-node-limitationuk/install/ros_robot_controller_msgs/include/ros_robot_controller_msgs/ros_robot_controller_msgs/msg/motors_state.h
[10.907s] -- Symlinking: /home/intel/repo/d021rs-yolov5-ros2-subscription-node-limitationuk/install/ros_robot_controller_msgs/include/ros_robot_controller_msgs/ros_robot_controller_msgs/msg/oled_state.h
[10.913s] -- Symlinking: /home/intel/repo/d021rs-yolov5-ros2-subscription-node-limitationuk/install/ros_robot_controller_msgs/include/ros_robot_controller_msgs/ros_robot_controller_msgs/msg/pwm_servo_state.h
[10.918s] -- Symlinking: /home/intel/repo/d021rs-yolov5-ros2-subscription-node-limitationuk/install/ros_robot_controller_msgs/include/ros_robot_controller_msgs/ros_robot_controller_msgs/msg/rgb_state.h
[10.923s] -- Symlinking: /home/intel/repo/d021rs-yolov5-ros2-subscription-node-limitationuk/install/ros_robot_controller_msgs/include/ros_robot_controller_msgs/ros_robot_controller_msgs/msg/rgb_states.h
[10.928s] -- Symlinking: /home/intel/repo/d021rs-yolov5-ros2-subscription-node-limitationuk/install/ros_robot_controller_msgs/include/ros_robot_controller_msgs/ros_robot_controller_msgs/msg/rosidl_generator_c__visibility_control.h
[10.934s] -- Symlinking: /home/intel/repo/d021rs-yolov5-ros2-subscription-node-limitationuk/install/ros_robot_controller_msgs/include/ros_robot_controller_msgs/ros_robot_controller_msgs/msg/sbus.h
[10.939s] -- Symlinking: /home/intel/repo/d021rs-yolov5-ros2-subscription-node-limitationuk/install/ros_robot_controller_msgs/include/ros_robot_controller_msgs/ros_robot_controller_msgs/msg/servo_position.h
[10.944s] -- Symlinking: /home/intel/repo/d021rs-yolov5-ros2-subscription-node-limitationuk/install/ros_robot_controller_msgs/include/ros_robot_controller_msgs/ros_robot_controller_msgs/msg/servos_position.h
[10.949s] -- Symlinking: /home/intel/repo/d021rs-yolov5-ros2-subscription-node-limitationuk/install/ros_robot_controller_msgs/include/ros_robot_controller_msgs/ros_robot_controller_msgs/msg/set_bus_servo_state.h
[10.953s] -- Symlinking: /home/intel/repo/d021rs-yolov5-ros2-subscription-node-limitationuk/install/ros_robot_controller_msgs/include/ros_robot_controller_msgs/ros_robot_controller_msgs/msg/set_pwm_servo_state.h
[10.958s] -- Symlinking: /home/intel/repo/d021rs-yolov5-ros2-subscription-node-limitationuk/install/ros_robot_controller_msgs/include/ros_robot_controller_msgs/ros_robot_controller_msgs/srv/detail/get_bus_servo_state__functions.h
[10.963s] -- Symlinking: /home/intel/repo/d021rs-yolov5-ros2-subscription-node-limitationuk/install/ros_robot_controller_msgs/include/ros_robot_controller_msgs/ros_robot_controller_msgs/srv/detail/get_bus_servo_state__struct.h
[10.968s] -- Symlinking: /home/intel/repo/d021rs-yolov5-ros2-subscription-node-limitationuk/install/ros_robot_controller_msgs/include/ros_robot_controller_msgs/ros_robot_controller_msgs/srv/detail/get_bus_servo_state__type_support.h
[10.972s] -- Symlinking: /home/intel/repo/d021rs-yolov5-ros2-subscription-node-limitationuk/install/ros_robot_controller_msgs/include/ros_robot_controller_msgs/ros_robot_controller_msgs/srv/detail/get_pwm_servo_state__functions.h
[10.977s] -- Symlinking: /home/intel/repo/d021rs-yolov5-ros2-subscription-node-limitationuk/install/ros_robot_controller_msgs/include/ros_robot_controller_msgs/ros_robot_controller_msgs/srv/detail/get_pwm_servo_state__struct.h
[10.982s] -- Symlinking: /home/intel/repo/d021rs-yolov5-ros2-subscription-node-limitationuk/install/ros_robot_controller_msgs/include/ros_robot_controller_msgs/ros_robot_controller_msgs/srv/detail/get_pwm_servo_state__type_support.h
[10.987s] -- Symlinking: /home/intel/repo/d021rs-yolov5-ros2-subscription-node-limitationuk/install/ros_robot_controller_msgs/include/ros_robot_controller_msgs/ros_robot_controller_msgs/srv/get_bus_servo_state.h
[10.991s] -- Symlinking: /home/intel/repo/d021rs-yolov5-ros2-subscription-node-limitationuk/install/ros_robot_controller_msgs/include/ros_robot_controller_msgs/ros_robot_controller_msgs/srv/get_pwm_servo_state.h
[10.996s] -- Symlinking: /home/intel/repo/d021rs-yolov5-ros2-subscription-node-limitationuk/install/ros_robot_controller_msgs/share/ros_robot_controller_msgs/environment/library_path.sh
[11.002s] -- Symlinking: /home/intel/repo/d021rs-yolov5-ros2-subscription-node-limitationuk/install/ros_robot_controller_msgs/share/ros_robot_controller_msgs/environment/library_path.dsv
[11.009s] -- Symlinking: /home/intel/repo/d021rs-yolov5-ros2-subscription-node-limitationuk/install/ros_robot_controller_msgs/include/ros_robot_controller_msgs/ros_robot_controller_msgs/msg/detail/bus_servo_state__rosidl_typesupport_fastrtps_c.h
[11.015s] -- Symlinking: /home/intel/repo/d021rs-yolov5-ros2-subscription-node-limitationuk/install/ros_robot_controller_msgs/include/ros_robot_controller_msgs/ros_robot_controller_msgs/msg/detail/button_state__rosidl_typesupport_fastrtps_c.h
[11.020s] -- Symlinking: /home/intel/repo/d021rs-yolov5-ros2-subscription-node-limitationuk/install/ros_robot_controller_msgs/include/ros_robot_controller_msgs/ros_robot_controller_msgs/msg/detail/buzzer_state__rosidl_typesupport_fastrtps_c.h
[11.026s] -- Symlinking: /home/intel/repo/d021rs-yolov5-ros2-subscription-node-limitationuk/install/ros_robot_controller_msgs/include/ros_robot_controller_msgs/ros_robot_controller_msgs/msg/detail/get_bus_servo_cmd__rosidl_typesupport_fastrtps_c.h
[11.031s] -- Symlinking: /home/intel/repo/d021rs-yolov5-ros2-subscription-node-limitationuk/install/ros_robot_controller_msgs/include/ros_robot_controller_msgs/ros_robot_controller_msgs/msg/detail/get_pwm_servo_cmd__rosidl_typesupport_fastrtps_c.h
[11.036s] -- Symlinking: /home/intel/repo/d021rs-yolov5-ros2-subscription-node-limitationuk/install/ros_robot_controller_msgs/include/ros_robot_controller_msgs/ros_robot_controller_msgs/msg/detail/led_state__rosidl_typesupport_fastrtps_c.h
[11.042s] -- Symlinking: /home/intel/repo/d021rs-yolov5-ros2-subscription-node-limitationuk/install/ros_robot_controller_msgs/include/ros_robot_controller_msgs/ros_robot_controller_msgs/msg/detail/motor_state__rosidl_typesupport_fastrtps_c.h
[11.047s] -- Symlinking: /home/intel/repo/d021rs-yolov5-ros2-subscription-node-limitationuk/install/ros_robot_controller_msgs/include/ros_robot_controller_msgs/ros_robot_controller_msgs/msg/detail/motors_state__rosidl_typesupport_fastrtps_c.h
[11.051s] -- Symlinking: /home/intel/repo/d021rs-yolov5-ros2-subscription-node-limitationuk/install/ros_robot_controller_msgs/include/ros_robot_controller_msgs/ros_robot_controller_msgs/msg/detail/oled_state__rosidl_typesupport_fastrtps_c.h
[11.057s] -- Symlinking: /home/intel/repo/d021rs-yolov5-ros2-subscription-node-limitationuk/install/ros_robot_controller_msgs/include/ros_robot_controller_msgs/ros_robot_controller_msgs/msg/detail/pwm_servo_state__rosidl_typesupport_fastrtps_c.h
[11.063s] -- Symlinking: /home/intel/repo/d021rs-yolov5-ros2-subscription-node-limitationuk/install/ros_robot_controller_msgs/include/ros_robot_controller_msgs/ros_robot_controller_msgs/msg/detail/rgb_state__rosidl_typesupport_fastrtps_c.h
[11.068s] -- Symlinking: /home/intel/repo/d021rs-yolov5-ros2-subscription-node-limitationuk/install/ros_robot_controller_msgs/include/ros_robot_controller_msgs/ros_robot_controller_msgs/msg/detail/rgb_states__rosidl_typesupport_fastrtps_c.h
[11.073s] -- Symlinking: /home/intel/repo/d021rs-yolov5-ros2-subscription-node-limitationuk/install/ros_robot_controller_msgs/include/ros_robot_controller_msgs/ros_robot_controller_msgs/msg/detail/sbus__rosidl_typesupport_fastrtps_c.h
[11.079s] -- Symlinking: /home/intel/repo/d021rs-yolov5-ros2-subscription-node-limitationuk/install/ros_robot_controller_msgs/include/ros_robot_controller_msgs/ros_robot_controller_msgs/msg/detail/servo_position__rosidl_typesupport_fastrtps_c.h
[11.084s] -- Symlinking: /home/intel/repo/d021rs-yolov5-ros2-subscription-node-limitationuk/install/ros_robot_controller_msgs/include/ros_robot_controller_msgs/ros_robot_controller_msgs/msg/detail/servos_position__rosidl_typesupport_fastrtps_c.h
[11.088s] -- Symlinking: /home/intel/repo/d021rs-yolov5-ros2-subscription-node-limitationuk/install/ros_robot_controller_msgs/include/ros_robot_controller_msgs/ros_robot_controller_msgs/msg/detail/set_bus_servo_state__rosidl_typesupport_fastrtps_c.h
[11.093s] -- Symlinking: /home/intel/repo/d021rs-yolov5-ros2-subscription-node-limitationuk/install/ros_robot_controller_msgs/include/ros_robot_controller_msgs/ros_robot_controller_msgs/msg/detail/set_pwm_servo_state__rosidl_typesupport_fastrtps_c.h
[11.098s] -- Symlinking: /home/intel/repo/d021rs-yolov5-ros2-subscription-node-limitationuk/install/ros_robot_controller_msgs/include/ros_robot_controller_msgs/ros_robot_controller_msgs/msg/rosidl_typesupport_fastrtps_c__visibility_control.h
[11.103s] -- Symlinking: /home/intel/repo/d021rs-yolov5-ros2-subscription-node-limitationuk/install/ros_robot_controller_msgs/include/ros_robot_controller_msgs/ros_robot_controller_msgs/srv/detail/get_bus_servo_state__rosidl_typesupport_fastrtps_c.h
[11.109s] -- Symlinking: /home/intel/repo/d021rs-yolov5-ros2-subscription-node-limitationuk/install/ros_robot_controller_msgs/include/ros_robot_controller_msgs/ros_robot_controller_msgs/srv/detail/get_pwm_servo_state__rosidl_typesupport_fastrtps_c.h
[11.114s] -- Symlinking: /home/intel/repo/d021rs-yolov5-ros2-subscription-node-limitationuk/install/ros_robot_controller_msgs/include/ros_robot_controller_msgs/ros_robot_controller_msgs/msg/bus_servo_state.hpp
[11.120s] -- Symlinking: /home/intel/repo/d021rs-yolov5-ros2-subscription-node-limitationuk/install/ros_robot_controller_msgs/include/ros_robot_controller_msgs/ros_robot_controller_msgs/msg/button_state.hpp
[11.125s] -- Symlinking: /home/intel/repo/d021rs-yolov5-ros2-subscription-node-limitationuk/install/ros_robot_controller_msgs/include/ros_robot_controller_msgs/ros_robot_controller_msgs/msg/buzzer_state.hpp
[11.130s] -- Symlinking: /home/intel/repo/d021rs-yolov5-ros2-subscription-node-limitationuk/install/ros_robot_controller_msgs/include/ros_robot_controller_msgs/ros_robot_controller_msgs/msg/detail/bus_servo_state__builder.hpp
[11.134s] -- Symlinking: /home/intel/repo/d021rs-yolov5-ros2-subscription-node-limitationuk/install/ros_robot_controller_msgs/include/ros_robot_controller_msgs/ros_robot_controller_msgs/msg/detail/bus_servo_state__struct.hpp
[11.142s] -- Symlinking: /home/intel/repo/d021rs-yolov5-ros2-subscription-node-limitationuk/install/ros_robot_controller_msgs/include/ros_robot_controller_msgs/ros_robot_controller_msgs/msg/detail/bus_servo_state__traits.hpp
[11.147s] -- Symlinking: /home/intel/repo/d021rs-yolov5-ros2-subscription-node-limitationuk/install/ros_robot_controller_msgs/include/ros_robot_controller_msgs/ros_robot_controller_msgs/msg/detail/bus_servo_state__type_support.hpp
[11.152s] -- Symlinking: /home/intel/repo/d021rs-yolov5-ros2-subscription-node-limitationuk/install/ros_robot_controller_msgs/include/ros_robot_controller_msgs/ros_robot_controller_msgs/msg/detail/button_state__builder.hpp
[11.157s] -- Symlinking: /home/intel/repo/d021rs-yolov5-ros2-subscription-node-limitationuk/install/ros_robot_controller_msgs/include/ros_robot_controller_msgs/ros_robot_controller_msgs/msg/detail/button_state__struct.hpp
[11.162s] -- Symlinking: /home/intel/repo/d021rs-yolov5-ros2-subscription-node-limitationuk/install/ros_robot_controller_msgs/include/ros_robot_controller_msgs/ros_robot_controller_msgs/msg/detail/button_state__traits.hpp
[11.166s] -- Symlinking: /home/intel/repo/d021rs-yolov5-ros2-subscription-node-limitationuk/install/ros_robot_controller_msgs/include/ros_robot_controller_msgs/ros_robot_controller_msgs/msg/detail/button_state__type_support.hpp
[11.171s] -- Symlinking: /home/intel/repo/d021rs-yolov5-ros2-subscription-node-limitationuk/install/ros_robot_controller_msgs/include/ros_robot_controller_msgs/ros_robot_controller_msgs/msg/detail/buzzer_state__builder.hpp
[11.177s] -- Symlinking: /home/intel/repo/d021rs-yolov5-ros2-subscription-node-limitationuk/install/ros_robot_controller_msgs/include/ros_robot_controller_msgs/ros_robot_controller_msgs/msg/detail/buzzer_state__struct.hpp
[11.182s] -- Symlinking: /home/intel/repo/d021rs-yolov5-ros2-subscription-node-limitationuk/install/ros_robot_controller_msgs/include/ros_robot_controller_msgs/ros_robot_controller_msgs/msg/detail/buzzer_state__traits.hpp
[11.190s] -- Symlinking: /home/intel/repo/d021rs-yolov5-ros2-subscription-node-limitationuk/install/ros_robot_controller_msgs/include/ros_robot_controller_msgs/ros_robot_controller_msgs/msg/detail/buzzer_state__type_support.hpp
[11.196s] -- Symlinking: /home/intel/repo/d021rs-yolov5-ros2-subscription-node-limitationuk/install/ros_robot_controller_msgs/include/ros_robot_controller_msgs/ros_robot_controller_msgs/msg/detail/get_bus_servo_cmd__builder.hpp
[11.201s] -- Symlinking: /home/intel/repo/d021rs-yolov5-ros2-subscription-node-limitationuk/install/ros_robot_controller_msgs/include/ros_robot_controller_msgs/ros_robot_controller_msgs/msg/detail/get_bus_servo_cmd__struct.hpp
[11.208s] -- Symlinking: /home/intel/repo/d021rs-yolov5-ros2-subscription-node-limitationuk/install/ros_robot_controller_msgs/include/ros_robot_controller_msgs/ros_robot_controller_msgs/msg/detail/get_bus_servo_cmd__traits.hpp
[11.214s] -- Symlinking: /home/intel/repo/d021rs-yolov5-ros2-subscription-node-limitationuk/install/ros_robot_controller_msgs/include/ros_robot_controller_msgs/ros_robot_controller_msgs/msg/detail/get_bus_servo_cmd__type_support.hpp
[11.220s] -- Symlinking: /home/intel/repo/d021rs-yolov5-ros2-subscription-node-limitationuk/install/ros_robot_controller_msgs/include/ros_robot_controller_msgs/ros_robot_controller_msgs/msg/detail/get_pwm_servo_cmd__builder.hpp
[11.225s] -- Symlinking: /home/intel/repo/d021rs-yolov5-ros2-subscription-node-limitationuk/install/ros_robot_controller_msgs/include/ros_robot_controller_msgs/ros_robot_controller_msgs/msg/detail/get_pwm_servo_cmd__struct.hpp
[11.233s] -- Symlinking: /home/intel/repo/d021rs-yolov5-ros2-subscription-node-limitationuk/install/ros_robot_controller_msgs/include/ros_robot_controller_msgs/ros_robot_controller_msgs/msg/detail/get_pwm_servo_cmd__traits.hpp
[11.238s] -- Symlinking: /home/intel/repo/d021rs-yolov5-ros2-subscription-node-limitationuk/install/ros_robot_controller_msgs/include/ros_robot_controller_msgs/ros_robot_controller_msgs/msg/detail/get_pwm_servo_cmd__type_support.hpp
[11.242s] -- Symlinking: /home/intel/repo/d021rs-yolov5-ros2-subscription-node-limitationuk/install/ros_robot_controller_msgs/include/ros_robot_controller_msgs/ros_robot_controller_msgs/msg/detail/led_state__builder.hpp
[11.247s] -- Symlinking: /home/intel/repo/d021rs-yolov5-ros2-subscription-node-limitationuk/install/ros_robot_controller_msgs/include/ros_robot_controller_msgs/ros_robot_controller_msgs/msg/detail/led_state__struct.hpp
[11.253s] -- Symlinking: /home/intel/repo/d021rs-yolov5-ros2-subscription-node-limitationuk/install/ros_robot_controller_msgs/include/ros_robot_controller_msgs/ros_robot_controller_msgs/msg/detail/led_state__traits.hpp
[11.258s] -- Symlinking: /home/intel/repo/d021rs-yolov5-ros2-subscription-node-limitationuk/install/ros_robot_controller_msgs/include/ros_robot_controller_msgs/ros_robot_controller_msgs/msg/detail/led_state__type_support.hpp
[11.263s] -- Symlinking: /home/intel/repo/d021rs-yolov5-ros2-subscription-node-limitationuk/install/ros_robot_controller_msgs/include/ros_robot_controller_msgs/ros_robot_controller_msgs/msg/detail/motor_state__builder.hpp
[11.268s] -- Symlinking: /home/intel/repo/d021rs-yolov5-ros2-subscription-node-limitationuk/install/ros_robot_controller_msgs/include/ros_robot_controller_msgs/ros_robot_controller_msgs/msg/detail/motor_state__struct.hpp
[11.273s] -- Symlinking: /home/intel/repo/d021rs-yolov5-ros2-subscription-node-limitationuk/install/ros_robot_controller_msgs/include/ros_robot_controller_msgs/ros_robot_controller_msgs/msg/detail/motor_state__traits.hpp
[11.278s] -- Symlinking: /home/intel/repo/d021rs-yolov5-ros2-subscription-node-limitationuk/install/ros_robot_controller_msgs/include/ros_robot_controller_msgs/ros_robot_controller_msgs/msg/detail/motor_state__type_support.hpp
[11.283s] -- Symlinking: /home/intel/repo/d021rs-yolov5-ros2-subscription-node-limitationuk/install/ros_robot_controller_msgs/include/ros_robot_controller_msgs/ros_robot_controller_msgs/msg/detail/motors_state__builder.hpp
[11.290s] -- Symlinking: /home/intel/repo/d021rs-yolov5-ros2-subscription-node-limitationuk/install/ros_robot_controller_msgs/include/ros_robot_controller_msgs/ros_robot_controller_msgs/msg/detail/motors_state__struct.hpp
[11.295s] -- Symlinking: /home/intel/repo/d021rs-yolov5-ros2-subscription-node-limitationuk/install/ros_robot_controller_msgs/include/ros_robot_controller_msgs/ros_robot_controller_msgs/msg/detail/motors_state__traits.hpp
[11.300s] -- Symlinking: /home/intel/repo/d021rs-yolov5-ros2-subscription-node-limitationuk/install/ros_robot_controller_msgs/include/ros_robot_controller_msgs/ros_robot_controller_msgs/msg/detail/motors_state__type_support.hpp
[11.306s] -- Symlinking: /home/intel/repo/d021rs-yolov5-ros2-subscription-node-limitationuk/install/ros_robot_controller_msgs/include/ros_robot_controller_msgs/ros_robot_controller_msgs/msg/detail/oled_state__builder.hpp
[11.312s] -- Symlinking: /home/intel/repo/d021rs-yolov5-ros2-subscription-node-limitationuk/install/ros_robot_controller_msgs/include/ros_robot_controller_msgs/ros_robot_controller_msgs/msg/detail/oled_state__struct.hpp
[11.317s] -- Symlinking: /home/intel/repo/d021rs-yolov5-ros2-subscription-node-limitationuk/install/ros_robot_controller_msgs/include/ros_robot_controller_msgs/ros_robot_controller_msgs/msg/detail/oled_state__traits.hpp
[11.323s] -- Symlinking: /home/intel/repo/d021rs-yolov5-ros2-subscription-node-limitationuk/install/ros_robot_controller_msgs/include/ros_robot_controller_msgs/ros_robot_controller_msgs/msg/detail/oled_state__type_support.hpp
[11.328s] -- Symlinking: /home/intel/repo/d021rs-yolov5-ros2-subscription-node-limitationuk/install/ros_robot_controller_msgs/include/ros_robot_controller_msgs/ros_robot_controller_msgs/msg/detail/pwm_servo_state__builder.hpp
[11.333s] -- Symlinking: /home/intel/repo/d021rs-yolov5-ros2-subscription-node-limitationuk/install/ros_robot_controller_msgs/include/ros_robot_controller_msgs/ros_robot_controller_msgs/msg/detail/pwm_servo_state__struct.hpp
[11.339s] -- Symlinking: /home/intel/repo/d021rs-yolov5-ros2-subscription-node-limitationuk/install/ros_robot_controller_msgs/include/ros_robot_controller_msgs/ros_robot_controller_msgs/msg/detail/pwm_servo_state__traits.hpp
[11.345s] -- Symlinking: /home/intel/repo/d021rs-yolov5-ros2-subscription-node-limitationuk/install/ros_robot_controller_msgs/include/ros_robot_controller_msgs/ros_robot_controller_msgs/msg/detail/pwm_servo_state__type_support.hpp
[11.350s] -- Symlinking: /home/intel/repo/d021rs-yolov5-ros2-subscription-node-limitationuk/install/ros_robot_controller_msgs/include/ros_robot_controller_msgs/ros_robot_controller_msgs/msg/detail/rgb_state__builder.hpp
[11.356s] -- Symlinking: /home/intel/repo/d021rs-yolov5-ros2-subscription-node-limitationuk/install/ros_robot_controller_msgs/include/ros_robot_controller_msgs/ros_robot_controller_msgs/msg/detail/rgb_state__struct.hpp
[11.361s] -- Symlinking: /home/intel/repo/d021rs-yolov5-ros2-subscription-node-limitationuk/install/ros_robot_controller_msgs/include/ros_robot_controller_msgs/ros_robot_controller_msgs/msg/detail/rgb_state__traits.hpp
[11.366s] -- Symlinking: /home/intel/repo/d021rs-yolov5-ros2-subscription-node-limitationuk/install/ros_robot_controller_msgs/include/ros_robot_controller_msgs/ros_robot_controller_msgs/msg/detail/rgb_state__type_support.hpp
[11.371s] -- Symlinking: /home/intel/repo/d021rs-yolov5-ros2-subscription-node-limitationuk/install/ros_robot_controller_msgs/include/ros_robot_controller_msgs/ros_robot_controller_msgs/msg/detail/rgb_states__builder.hpp
[11.376s] -- Symlinking: /home/intel/repo/d021rs-yolov5-ros2-subscription-node-limitationuk/install/ros_robot_controller_msgs/include/ros_robot_controller_msgs/ros_robot_controller_msgs/msg/detail/rgb_states__struct.hpp
[11.382s] -- Symlinking: /home/intel/repo/d021rs-yolov5-ros2-subscription-node-limitationuk/install/ros_robot_controller_msgs/include/ros_robot_controller_msgs/ros_robot_controller_msgs/msg/detail/rgb_states__traits.hpp
[11.388s] -- Symlinking: /home/intel/repo/d021rs-yolov5-ros2-subscription-node-limitationuk/install/ros_robot_controller_msgs/include/ros_robot_controller_msgs/ros_robot_controller_msgs/msg/detail/rgb_states__type_support.hpp
[11.393s] -- Symlinking: /home/intel/repo/d021rs-yolov5-ros2-subscription-node-limitationuk/install/ros_robot_controller_msgs/include/ros_robot_controller_msgs/ros_robot_controller_msgs/msg/detail/sbus__builder.hpp
[11.398s] -- Symlinking: /home/intel/repo/d021rs-yolov5-ros2-subscription-node-limitationuk/install/ros_robot_controller_msgs/include/ros_robot_controller_msgs/ros_robot_controller_msgs/msg/detail/sbus__struct.hpp
[11.403s] -- Symlinking: /home/intel/repo/d021rs-yolov5-ros2-subscription-node-limitationuk/install/ros_robot_controller_msgs/include/ros_robot_controller_msgs/ros_robot_controller_msgs/msg/detail/sbus__traits.hpp
[11.409s] -- Symlinking: /home/intel/repo/d021rs-yolov5-ros2-subscription-node-limitationuk/install/ros_robot_controller_msgs/include/ros_robot_controller_msgs/ros_robot_controller_msgs/msg/detail/sbus__type_support.hpp
[11.415s] -- Symlinking: /home/intel/repo/d021rs-yolov5-ros2-subscription-node-limitationuk/install/ros_robot_controller_msgs/include/ros_robot_controller_msgs/ros_robot_controller_msgs/msg/detail/servo_position__builder.hpp
[11.420s] -- Symlinking: /home/intel/repo/d021rs-yolov5-ros2-subscription-node-limitationuk/install/ros_robot_controller_msgs/include/ros_robot_controller_msgs/ros_robot_controller_msgs/msg/detail/servo_position__struct.hpp
[11.425s] -- Symlinking: /home/intel/repo/d021rs-yolov5-ros2-subscription-node-limitationuk/install/ros_robot_controller_msgs/include/ros_robot_controller_msgs/ros_robot_controller_msgs/msg/detail/servo_position__traits.hpp
[11.430s] -- Symlinking: /home/intel/repo/d021rs-yolov5-ros2-subscription-node-limitationuk/install/ros_robot_controller_msgs/include/ros_robot_controller_msgs/ros_robot_controller_msgs/msg/detail/servo_position__type_support.hpp
[11.435s] -- Symlinking: /home/intel/repo/d021rs-yolov5-ros2-subscription-node-limitationuk/install/ros_robot_controller_msgs/include/ros_robot_controller_msgs/ros_robot_controller_msgs/msg/detail/servos_position__builder.hpp
[11.440s] -- Symlinking: /home/intel/repo/d021rs-yolov5-ros2-subscription-node-limitationuk/install/ros_robot_controller_msgs/include/ros_robot_controller_msgs/ros_robot_controller_msgs/msg/detail/servos_position__struct.hpp
[11.447s] -- Symlinking: /home/intel/repo/d021rs-yolov5-ros2-subscription-node-limitationuk/install/ros_robot_controller_msgs/include/ros_robot_controller_msgs/ros_robot_controller_msgs/msg/detail/servos_position__traits.hpp
[11.453s] -- Symlinking: /home/intel/repo/d021rs-yolov5-ros2-subscription-node-limitationuk/install/ros_robot_controller_msgs/include/ros_robot_controller_msgs/ros_robot_controller_msgs/msg/detail/servos_position__type_support.hpp
[11.458s] -- Symlinking: /home/intel/repo/d021rs-yolov5-ros2-subscription-node-limitationuk/install/ros_robot_controller_msgs/include/ros_robot_controller_msgs/ros_robot_controller_msgs/msg/detail/set_bus_servo_state__builder.hpp
[11.463s] -- Symlinking: /home/intel/repo/d021rs-yolov5-ros2-subscription-node-limitationuk/install/ros_robot_controller_msgs/include/ros_robot_controller_msgs/ros_robot_controller_msgs/msg/detail/set_bus_servo_state__struct.hpp
[11.468s] -- Symlinking: /home/intel/repo/d021rs-yolov5-ros2-subscription-node-limitationuk/install/ros_robot_controller_msgs/include/ros_robot_controller_msgs/ros_robot_controller_msgs/msg/detail/set_bus_servo_state__traits.hpp
[11.474s] -- Symlinking: /home/intel/repo/d021rs-yolov5-ros2-subscription-node-limitationuk/install/ros_robot_controller_msgs/include/ros_robot_controller_msgs/ros_robot_controller_msgs/msg/detail/set_bus_servo_state__type_support.hpp
[11.479s] -- Symlinking: /home/intel/repo/d021rs-yolov5-ros2-subscription-node-limitationuk/install/ros_robot_controller_msgs/include/ros_robot_controller_msgs/ros_robot_controller_msgs/msg/detail/set_pwm_servo_state__builder.hpp
[11.487s] -- Symlinking: /home/intel/repo/d021rs-yolov5-ros2-subscription-node-limitationuk/install/ros_robot_controller_msgs/include/ros_robot_controller_msgs/ros_robot_controller_msgs/msg/detail/set_pwm_servo_state__struct.hpp
[11.494s] -- Symlinking: /home/intel/repo/d021rs-yolov5-ros2-subscription-node-limitationuk/install/ros_robot_controller_msgs/include/ros_robot_controller_msgs/ros_robot_controller_msgs/msg/detail/set_pwm_servo_state__traits.hpp
[11.502s] -- Symlinking: /home/intel/repo/d021rs-yolov5-ros2-subscription-node-limitationuk/install/ros_robot_controller_msgs/include/ros_robot_controller_msgs/ros_robot_controller_msgs/msg/detail/set_pwm_servo_state__type_support.hpp
[11.506s] -- Symlinking: /home/intel/repo/d021rs-yolov5-ros2-subscription-node-limitationuk/install/ros_robot_controller_msgs/include/ros_robot_controller_msgs/ros_robot_controller_msgs/msg/get_bus_servo_cmd.hpp
[11.512s] -- Symlinking: /home/intel/repo/d021rs-yolov5-ros2-subscription-node-limitationuk/install/ros_robot_controller_msgs/include/ros_robot_controller_msgs/ros_robot_controller_msgs/msg/get_pwm_servo_cmd.hpp
[11.519s] -- Symlinking: /home/intel/repo/d021rs-yolov5-ros2-subscription-node-limitationuk/install/ros_robot_controller_msgs/include/ros_robot_controller_msgs/ros_robot_controller_msgs/msg/led_state.hpp
[11.521s] -- Symlinking: /home/intel/repo/d021rs-yolov5-ros2-subscription-node-limitationuk/install/ros_robot_controller_msgs/include/ros_robot_controller_msgs/ros_robot_controller_msgs/msg/motor_state.hpp
[11.526s] -- Symlinking: /home/intel/repo/d021rs-yolov5-ros2-subscription-node-limitationuk/install/ros_robot_controller_msgs/include/ros_robot_controller_msgs/ros_robot_controller_msgs/msg/motors_state.hpp
[11.531s] -- Symlinking: /home/intel/repo/d021rs-yolov5-ros2-subscription-node-limitationuk/install/ros_robot_controller_msgs/include/ros_robot_controller_msgs/ros_robot_controller_msgs/msg/oled_state.hpp
[11.537s] -- Symlinking: /home/intel/repo/d021rs-yolov5-ros2-subscription-node-limitationuk/install/ros_robot_controller_msgs/include/ros_robot_controller_msgs/ros_robot_controller_msgs/msg/pwm_servo_state.hpp
[11.542s] -- Symlinking: /home/intel/repo/d021rs-yolov5-ros2-subscription-node-limitationuk/install/ros_robot_controller_msgs/include/ros_robot_controller_msgs/ros_robot_controller_msgs/msg/rgb_state.hpp
[11.547s] -- Symlinking: /home/intel/repo/d021rs-yolov5-ros2-subscription-node-limitationuk/install/ros_robot_controller_msgs/include/ros_robot_controller_msgs/ros_robot_controller_msgs/msg/rgb_states.hpp
[11.554s] -- Symlinking: /home/intel/repo/d021rs-yolov5-ros2-subscription-node-limitationuk/install/ros_robot_controller_msgs/include/ros_robot_controller_msgs/ros_robot_controller_msgs/msg/rosidl_generator_cpp__visibility_control.hpp
[11.566s] -- Symlinking: /home/intel/repo/d021rs-yolov5-ros2-subscription-node-limitationuk/install/ros_robot_controller_msgs/include/ros_robot_controller_msgs/ros_robot_controller_msgs/msg/sbus.hpp
[11.580s] -- Symlinking: /home/intel/repo/d021rs-yolov5-ros2-subscription-node-limitationuk/install/ros_robot_controller_msgs/include/ros_robot_controller_msgs/ros_robot_controller_msgs/msg/servo_position.hpp
[11.588s] -- Symlinking: /home/intel/repo/d021rs-yolov5-ros2-subscription-node-limitationuk/install/ros_robot_controller_msgs/include/ros_robot_controller_msgs/ros_robot_controller_msgs/msg/servos_position.hpp
[11.603s] -- Symlinking: /home/intel/repo/d021rs-yolov5-ros2-subscription-node-limitationuk/install/ros_robot_controller_msgs/include/ros_robot_controller_msgs/ros_robot_controller_msgs/msg/set_bus_servo_state.hpp
[11.609s] -- Symlinking: /home/intel/repo/d021rs-yolov5-ros2-subscription-node-limitationuk/install/ros_robot_controller_msgs/include/ros_robot_controller_msgs/ros_robot_controller_msgs/msg/set_pwm_servo_state.hpp
[11.614s] -- Symlinking: /home/intel/repo/d021rs-yolov5-ros2-subscription-node-limitationuk/install/ros_robot_controller_msgs/include/ros_robot_controller_msgs/ros_robot_controller_msgs/srv/detail/get_bus_servo_state__builder.hpp
[11.621s] -- Symlinking: /home/intel/repo/d021rs-yolov5-ros2-subscription-node-limitationuk/install/ros_robot_controller_msgs/include/ros_robot_controller_msgs/ros_robot_controller_msgs/srv/detail/get_bus_servo_state__struct.hpp
[11.627s] -- Symlinking: /home/intel/repo/d021rs-yolov5-ros2-subscription-node-limitationuk/install/ros_robot_controller_msgs/include/ros_robot_controller_msgs/ros_robot_controller_msgs/srv/detail/get_bus_servo_state__traits.hpp
[11.632s] -- Symlinking: /home/intel/repo/d021rs-yolov5-ros2-subscription-node-limitationuk/install/ros_robot_controller_msgs/include/ros_robot_controller_msgs/ros_robot_controller_msgs/srv/detail/get_bus_servo_state__type_support.hpp
[11.637s] -- Symlinking: /home/intel/repo/d021rs-yolov5-ros2-subscription-node-limitationuk/install/ros_robot_controller_msgs/include/ros_robot_controller_msgs/ros_robot_controller_msgs/srv/detail/get_pwm_servo_state__builder.hpp
[11.642s] -- Symlinking: /home/intel/repo/d021rs-yolov5-ros2-subscription-node-limitationuk/install/ros_robot_controller_msgs/include/ros_robot_controller_msgs/ros_robot_controller_msgs/srv/detail/get_pwm_servo_state__struct.hpp
[11.648s] -- Symlinking: /home/intel/repo/d021rs-yolov5-ros2-subscription-node-limitationuk/install/ros_robot_controller_msgs/include/ros_robot_controller_msgs/ros_robot_controller_msgs/srv/detail/get_pwm_servo_state__traits.hpp
[11.657s] -- Symlinking: /home/intel/repo/d021rs-yolov5-ros2-subscription-node-limitationuk/install/ros_robot_controller_msgs/include/ros_robot_controller_msgs/ros_robot_controller_msgs/srv/detail/get_pwm_servo_state__type_support.hpp
[11.660s] -- Symlinking: /home/intel/repo/d021rs-yolov5-ros2-subscription-node-limitationuk/install/ros_robot_controller_msgs/include/ros_robot_controller_msgs/ros_robot_controller_msgs/srv/get_bus_servo_state.hpp
[11.671s] -- Symlinking: /home/intel/repo/d021rs-yolov5-ros2-subscription-node-limitationuk/install/ros_robot_controller_msgs/include/ros_robot_controller_msgs/ros_robot_controller_msgs/srv/get_pwm_servo_state.hpp
[11.674s] -- Symlinking: /home/intel/repo/d021rs-yolov5-ros2-subscription-node-limitationuk/install/ros_robot_controller_msgs/include/ros_robot_controller_msgs/ros_robot_controller_msgs/msg/detail/bus_servo_state__rosidl_typesupport_fastrtps_cpp.hpp
[11.681s] -- Symlinking: /home/intel/repo/d021rs-yolov5-ros2-subscription-node-limitationuk/install/ros_robot_controller_msgs/include/ros_robot_controller_msgs/ros_robot_controller_msgs/msg/detail/button_state__rosidl_typesupport_fastrtps_cpp.hpp
[11.689s] -- Symlinking: /home/intel/repo/d021rs-yolov5-ros2-subscription-node-limitationuk/install/ros_robot_controller_msgs/include/ros_robot_controller_msgs/ros_robot_controller_msgs/msg/detail/buzzer_state__rosidl_typesupport_fastrtps_cpp.hpp
[11.695s] -- Symlinking: /home/intel/repo/d021rs-yolov5-ros2-subscription-node-limitationuk/install/ros_robot_controller_msgs/include/ros_robot_controller_msgs/ros_robot_controller_msgs/msg/detail/get_bus_servo_cmd__rosidl_typesupport_fastrtps_cpp.hpp
[11.703s] -- Symlinking: /home/intel/repo/d021rs-yolov5-ros2-subscription-node-limitationuk/install/ros_robot_controller_msgs/include/ros_robot_controller_msgs/ros_robot_controller_msgs/msg/detail/get_pwm_servo_cmd__rosidl_typesupport_fastrtps_cpp.hpp
[11.710s] -- Symlinking: /home/intel/repo/d021rs-yolov5-ros2-subscription-node-limitationuk/install/ros_robot_controller_msgs/include/ros_robot_controller_msgs/ros_robot_controller_msgs/msg/detail/led_state__rosidl_typesupport_fastrtps_cpp.hpp
[11.717s] -- Symlinking: /home/intel/repo/d021rs-yolov5-ros2-subscription-node-limitationuk/install/ros_robot_controller_msgs/include/ros_robot_controller_msgs/ros_robot_controller_msgs/msg/detail/motor_state__rosidl_typesupport_fastrtps_cpp.hpp
[11.724s] -- Symlinking: /home/intel/repo/d021rs-yolov5-ros2-subscription-node-limitationuk/install/ros_robot_controller_msgs/include/ros_robot_controller_msgs/ros_robot_controller_msgs/msg/detail/motors_state__rosidl_typesupport_fastrtps_cpp.hpp
[11.730s] -- Symlinking: /home/intel/repo/d021rs-yolov5-ros2-subscription-node-limitationuk/install/ros_robot_controller_msgs/include/ros_robot_controller_msgs/ros_robot_controller_msgs/msg/detail/oled_state__rosidl_typesupport_fastrtps_cpp.hpp
[11.736s] -- Symlinking: /home/intel/repo/d021rs-yolov5-ros2-subscription-node-limitationuk/install/ros_robot_controller_msgs/include/ros_robot_controller_msgs/ros_robot_controller_msgs/msg/detail/pwm_servo_state__rosidl_typesupport_fastrtps_cpp.hpp
[11.742s] -- Symlinking: /home/intel/repo/d021rs-yolov5-ros2-subscription-node-limitationuk/install/ros_robot_controller_msgs/include/ros_robot_controller_msgs/ros_robot_controller_msgs/msg/detail/rgb_state__rosidl_typesupport_fastrtps_cpp.hpp
[11.748s] -- Symlinking: /home/intel/repo/d021rs-yolov5-ros2-subscription-node-limitationuk/install/ros_robot_controller_msgs/include/ros_robot_controller_msgs/ros_robot_controller_msgs/msg/detail/rgb_states__rosidl_typesupport_fastrtps_cpp.hpp
[11.752s] -- Symlinking: /home/intel/repo/d021rs-yolov5-ros2-subscription-node-limitationuk/install/ros_robot_controller_msgs/include/ros_robot_controller_msgs/ros_robot_controller_msgs/msg/detail/sbus__rosidl_typesupport_fastrtps_cpp.hpp
[11.759s] -- Symlinking: /home/intel/repo/d021rs-yolov5-ros2-subscription-node-limitationuk/install/ros_robot_controller_msgs/include/ros_robot_controller_msgs/ros_robot_controller_msgs/msg/detail/servo_position__rosidl_typesupport_fastrtps_cpp.hpp
[11.765s] -- Symlinking: /home/intel/repo/d021rs-yolov5-ros2-subscription-node-limitationuk/install/ros_robot_controller_msgs/include/ros_robot_controller_msgs/ros_robot_controller_msgs/msg/detail/servos_position__rosidl_typesupport_fastrtps_cpp.hpp
[11.771s] -- Symlinking: /home/intel/repo/d021rs-yolov5-ros2-subscription-node-limitationuk/install/ros_robot_controller_msgs/include/ros_robot_controller_msgs/ros_robot_controller_msgs/msg/detail/set_bus_servo_state__rosidl_typesupport_fastrtps_cpp.hpp
[11.777s] -- Symlinking: /home/intel/repo/d021rs-yolov5-ros2-subscription-node-limitationuk/install/ros_robot_controller_msgs/include/ros_robot_controller_msgs/ros_robot_controller_msgs/msg/detail/set_pwm_servo_state__rosidl_typesupport_fastrtps_cpp.hpp
[11.783s] -- Symlinking: /home/intel/repo/d021rs-yolov5-ros2-subscription-node-limitationuk/install/ros_robot_controller_msgs/include/ros_robot_controller_msgs/ros_robot_controller_msgs/msg/rosidl_typesupport_fastrtps_cpp__visibility_control.h
[11.789s] -- Symlinking: /home/intel/repo/d021rs-yolov5-ros2-subscription-node-limitationuk/install/ros_robot_controller_msgs/include/ros_robot_controller_msgs/ros_robot_controller_msgs/srv/detail/get_bus_servo_state__rosidl_typesupport_fastrtps_cpp.hpp
[11.794s] -- Symlinking: /home/intel/repo/d021rs-yolov5-ros2-subscription-node-limitationuk/install/ros_robot_controller_msgs/include/ros_robot_controller_msgs/ros_robot_controller_msgs/srv/detail/get_pwm_servo_state__rosidl_typesupport_fastrtps_cpp.hpp
[11.800s] -- Symlinking: /home/intel/repo/d021rs-yolov5-ros2-subscription-node-limitationuk/install/ros_robot_controller_msgs/include/ros_robot_controller_msgs/ros_robot_controller_msgs/msg/detail/bus_servo_state__rosidl_typesupport_introspection_c.h
[11.806s] -- Symlinking: /home/intel/repo/d021rs-yolov5-ros2-subscription-node-limitationuk/install/ros_robot_controller_msgs/include/ros_robot_controller_msgs/ros_robot_controller_msgs/msg/detail/button_state__rosidl_typesupport_introspection_c.h
[11.812s] -- Symlinking: /home/intel/repo/d021rs-yolov5-ros2-subscription-node-limitationuk/install/ros_robot_controller_msgs/include/ros_robot_controller_msgs/ros_robot_controller_msgs/msg/detail/buzzer_state__rosidl_typesupport_introspection_c.h
[11.817s] -- Symlinking: /home/intel/repo/d021rs-yolov5-ros2-subscription-node-limitationuk/install/ros_robot_controller_msgs/include/ros_robot_controller_msgs/ros_robot_controller_msgs/msg/detail/get_bus_servo_cmd__rosidl_typesupport_introspection_c.h
[11.823s] -- Symlinking: /home/intel/repo/d021rs-yolov5-ros2-subscription-node-limitationuk/install/ros_robot_controller_msgs/include/ros_robot_controller_msgs/ros_robot_controller_msgs/msg/detail/get_pwm_servo_cmd__rosidl_typesupport_introspection_c.h
[11.828s] -- Symlinking: /home/intel/repo/d021rs-yolov5-ros2-subscription-node-limitationuk/install/ros_robot_controller_msgs/include/ros_robot_controller_msgs/ros_robot_controller_msgs/msg/detail/led_state__rosidl_typesupport_introspection_c.h
[11.833s] -- Symlinking: /home/intel/repo/d021rs-yolov5-ros2-subscription-node-limitationuk/install/ros_robot_controller_msgs/include/ros_robot_controller_msgs/ros_robot_controller_msgs/msg/detail/motor_state__rosidl_typesupport_introspection_c.h
[11.838s] -- Symlinking: /home/intel/repo/d021rs-yolov5-ros2-subscription-node-limitationuk/install/ros_robot_controller_msgs/include/ros_robot_controller_msgs/ros_robot_controller_msgs/msg/detail/motors_state__rosidl_typesupport_introspection_c.h
[11.843s] -- Symlinking: /home/intel/repo/d021rs-yolov5-ros2-subscription-node-limitationuk/install/ros_robot_controller_msgs/include/ros_robot_controller_msgs/ros_robot_controller_msgs/msg/detail/oled_state__rosidl_typesupport_introspection_c.h
[11.849s] -- Symlinking: /home/intel/repo/d021rs-yolov5-ros2-subscription-node-limitationuk/install/ros_robot_controller_msgs/include/ros_robot_controller_msgs/ros_robot_controller_msgs/msg/detail/pwm_servo_state__rosidl_typesupport_introspection_c.h
[11.854s] -- Symlinking: /home/intel/repo/d021rs-yolov5-ros2-subscription-node-limitationuk/install/ros_robot_controller_msgs/include/ros_robot_controller_msgs/ros_robot_controller_msgs/msg/detail/rgb_state__rosidl_typesupport_introspection_c.h
[11.859s] -- Symlinking: /home/intel/repo/d021rs-yolov5-ros2-subscription-node-limitationuk/install/ros_robot_controller_msgs/include/ros_robot_controller_msgs/ros_robot_controller_msgs/msg/detail/rgb_states__rosidl_typesupport_introspection_c.h
[11.864s] -- Symlinking: /home/intel/repo/d021rs-yolov5-ros2-subscription-node-limitationuk/install/ros_robot_controller_msgs/include/ros_robot_controller_msgs/ros_robot_controller_msgs/msg/detail/sbus__rosidl_typesupport_introspection_c.h
[11.870s] -- Symlinking: /home/intel/repo/d021rs-yolov5-ros2-subscription-node-limitationuk/install/ros_robot_controller_msgs/include/ros_robot_controller_msgs/ros_robot_controller_msgs/msg/detail/servo_position__rosidl_typesupport_introspection_c.h
[11.875s] -- Symlinking: /home/intel/repo/d021rs-yolov5-ros2-subscription-node-limitationuk/install/ros_robot_controller_msgs/include/ros_robot_controller_msgs/ros_robot_controller_msgs/msg/detail/servos_position__rosidl_typesupport_introspection_c.h
[11.881s] -- Symlinking: /home/intel/repo/d021rs-yolov5-ros2-subscription-node-limitationuk/install/ros_robot_controller_msgs/include/ros_robot_controller_msgs/ros_robot_controller_msgs/msg/detail/set_bus_servo_state__rosidl_typesupport_introspection_c.h
[11.887s] -- Symlinking: /home/intel/repo/d021rs-yolov5-ros2-subscription-node-limitationuk/install/ros_robot_controller_msgs/include/ros_robot_controller_msgs/ros_robot_controller_msgs/msg/detail/set_pwm_servo_state__rosidl_typesupport_introspection_c.h
[11.893s] -- Symlinking: /home/intel/repo/d021rs-yolov5-ros2-subscription-node-limitationuk/install/ros_robot_controller_msgs/include/ros_robot_controller_msgs/ros_robot_controller_msgs/msg/rosidl_typesupport_introspection_c__visibility_control.h
[11.898s] -- Symlinking: /home/intel/repo/d021rs-yolov5-ros2-subscription-node-limitationuk/install/ros_robot_controller_msgs/include/ros_robot_controller_msgs/ros_robot_controller_msgs/srv/detail/get_bus_servo_state__rosidl_typesupport_introspection_c.h
[11.904s] -- Symlinking: /home/intel/repo/d021rs-yolov5-ros2-subscription-node-limitationuk/install/ros_robot_controller_msgs/include/ros_robot_controller_msgs/ros_robot_controller_msgs/srv/detail/get_pwm_servo_state__rosidl_typesupport_introspection_c.h
[11.910s] -- Symlinking: /home/intel/repo/d021rs-yolov5-ros2-subscription-node-limitationuk/install/ros_robot_controller_msgs/include/ros_robot_controller_msgs/ros_robot_controller_msgs/msg/detail/bus_servo_state__rosidl_typesupport_introspection_cpp.hpp
[11.917s] -- Symlinking: /home/intel/repo/d021rs-yolov5-ros2-subscription-node-limitationuk/install/ros_robot_controller_msgs/include/ros_robot_controller_msgs/ros_robot_controller_msgs/msg/detail/button_state__rosidl_typesupport_introspection_cpp.hpp
[11.923s] -- Symlinking: /home/intel/repo/d021rs-yolov5-ros2-subscription-node-limitationuk/install/ros_robot_controller_msgs/include/ros_robot_controller_msgs/ros_robot_controller_msgs/msg/detail/buzzer_state__rosidl_typesupport_introspection_cpp.hpp
[11.929s] -- Symlinking: /home/intel/repo/d021rs-yolov5-ros2-subscription-node-limitationuk/install/ros_robot_controller_msgs/include/ros_robot_controller_msgs/ros_robot_controller_msgs/msg/detail/get_bus_servo_cmd__rosidl_typesupport_introspection_cpp.hpp
[11.935s] -- Symlinking: /home/intel/repo/d021rs-yolov5-ros2-subscription-node-limitationuk/install/ros_robot_controller_msgs/include/ros_robot_controller_msgs/ros_robot_controller_msgs/msg/detail/get_pwm_servo_cmd__rosidl_typesupport_introspection_cpp.hpp
[11.941s] -- Symlinking: /home/intel/repo/d021rs-yolov5-ros2-subscription-node-limitationuk/install/ros_robot_controller_msgs/include/ros_robot_controller_msgs/ros_robot_controller_msgs/msg/detail/led_state__rosidl_typesupport_introspection_cpp.hpp
[11.947s] -- Symlinking: /home/intel/repo/d021rs-yolov5-ros2-subscription-node-limitationuk/install/ros_robot_controller_msgs/include/ros_robot_controller_msgs/ros_robot_controller_msgs/msg/detail/motor_state__rosidl_typesupport_introspection_cpp.hpp
[11.953s] -- Symlinking: /home/intel/repo/d021rs-yolov5-ros2-subscription-node-limitationuk/install/ros_robot_controller_msgs/include/ros_robot_controller_msgs/ros_robot_controller_msgs/msg/detail/motors_state__rosidl_typesupport_introspection_cpp.hpp
[11.959s] -- Symlinking: /home/intel/repo/d021rs-yolov5-ros2-subscription-node-limitationuk/install/ros_robot_controller_msgs/include/ros_robot_controller_msgs/ros_robot_controller_msgs/msg/detail/oled_state__rosidl_typesupport_introspection_cpp.hpp
[11.964s] -- Symlinking: /home/intel/repo/d021rs-yolov5-ros2-subscription-node-limitationuk/install/ros_robot_controller_msgs/include/ros_robot_controller_msgs/ros_robot_controller_msgs/msg/detail/pwm_servo_state__rosidl_typesupport_introspection_cpp.hpp
[11.970s] -- Symlinking: /home/intel/repo/d021rs-yolov5-ros2-subscription-node-limitationuk/install/ros_robot_controller_msgs/include/ros_robot_controller_msgs/ros_robot_controller_msgs/msg/detail/rgb_state__rosidl_typesupport_introspection_cpp.hpp
[11.975s] -- Symlinking: /home/intel/repo/d021rs-yolov5-ros2-subscription-node-limitationuk/install/ros_robot_controller_msgs/include/ros_robot_controller_msgs/ros_robot_controller_msgs/msg/detail/rgb_states__rosidl_typesupport_introspection_cpp.hpp
[11.981s] -- Symlinking: /home/intel/repo/d021rs-yolov5-ros2-subscription-node-limitationuk/install/ros_robot_controller_msgs/include/ros_robot_controller_msgs/ros_robot_controller_msgs/msg/detail/sbus__rosidl_typesupport_introspection_cpp.hpp
[11.986s] -- Symlinking: /home/intel/repo/d021rs-yolov5-ros2-subscription-node-limitationuk/install/ros_robot_controller_msgs/include/ros_robot_controller_msgs/ros_robot_controller_msgs/msg/detail/servo_position__rosidl_typesupport_introspection_cpp.hpp
[11.993s] -- Symlinking: /home/intel/repo/d021rs-yolov5-ros2-subscription-node-limitationuk/install/ros_robot_controller_msgs/include/ros_robot_controller_msgs/ros_robot_controller_msgs/msg/detail/servos_position__rosidl_typesupport_introspection_cpp.hpp
[12.000s] -- Symlinking: /home/intel/repo/d021rs-yolov5-ros2-subscription-node-limitationuk/install/ros_robot_controller_msgs/include/ros_robot_controller_msgs/ros_robot_controller_msgs/msg/detail/set_bus_servo_state__rosidl_typesupport_introspection_cpp.hpp
[12.006s] -- Symlinking: /home/intel/repo/d021rs-yolov5-ros2-subscription-node-limitationuk/install/ros_robot_controller_msgs/include/ros_robot_controller_msgs/ros_robot_controller_msgs/msg/detail/set_pwm_servo_state__rosidl_typesupport_introspection_cpp.hpp
[12.012s] -- Symlinking: /home/intel/repo/d021rs-yolov5-ros2-subscription-node-limitationuk/install/ros_robot_controller_msgs/include/ros_robot_controller_msgs/ros_robot_controller_msgs/srv/detail/get_bus_servo_state__rosidl_typesupport_introspection_cpp.hpp
[12.018s] -- Symlinking: /home/intel/repo/d021rs-yolov5-ros2-subscription-node-limitationuk/install/ros_robot_controller_msgs/include/ros_robot_controller_msgs/ros_robot_controller_msgs/srv/detail/get_pwm_servo_state__rosidl_typesupport_introspection_cpp.hpp
[12.024s] -- Symlinking: /home/intel/repo/d021rs-yolov5-ros2-subscription-node-limitationuk/install/ros_robot_controller_msgs/share/ros_robot_controller_msgs/environment/pythonpath.sh
[12.029s] -- Symlinking: /home/intel/repo/d021rs-yolov5-ros2-subscription-node-limitationuk/install/ros_robot_controller_msgs/share/ros_robot_controller_msgs/environment/pythonpath.dsv
[12.034s] -- Symlinking: /home/intel/repo/d021rs-yolov5-ros2-subscription-node-limitationuk/install/ros_robot_controller_msgs/lib/python3.12/site-packages/ros_robot_controller_msgs-0.0.0-py3.12.egg-info/PKG-INFO
[12.039s] -- Symlinking: /home/intel/repo/d021rs-yolov5-ros2-subscription-node-limitationuk/install/ros_robot_controller_msgs/lib/python3.12/site-packages/ros_robot_controller_msgs-0.0.0-py3.12.egg-info/SOURCES.txt
[12.044s] -- Symlinking: /home/intel/repo/d021rs-yolov5-ros2-subscription-node-limitationuk/install/ros_robot_controller_msgs/lib/python3.12/site-packages/ros_robot_controller_msgs-0.0.0-py3.12.egg-info/dependency_links.txt
[12.050s] -- Symlinking: /home/intel/repo/d021rs-yolov5-ros2-subscription-node-limitationuk/install/ros_robot_controller_msgs/lib/python3.12/site-packages/ros_robot_controller_msgs-0.0.0-py3.12.egg-info/top_level.txt
[12.057s] -- Symlinking: /home/intel/repo/d021rs-yolov5-ros2-subscription-node-limitationuk/install/ros_robot_controller_msgs/lib/python3.12/site-packages/ros_robot_controller_msgs/__init__.py
[12.064s] -- Symlinking: /home/intel/repo/d021rs-yolov5-ros2-subscription-node-limitationuk/install/ros_robot_controller_msgs/lib/python3.12/site-packages/ros_robot_controller_msgs/_ros_robot_controller_msgs_s.ep.rosidl_typesupport_c.c
[12.070s] -- Symlinking: /home/intel/repo/d021rs-yolov5-ros2-subscription-node-limitationuk/install/ros_robot_controller_msgs/lib/python3.12/site-packages/ros_robot_controller_msgs/_ros_robot_controller_msgs_s.ep.rosidl_typesupport_fastrtps_c.c
[12.075s] -- Symlinking: /home/intel/repo/d021rs-yolov5-ros2-subscription-node-limitationuk/install/ros_robot_controller_msgs/lib/python3.12/site-packages/ros_robot_controller_msgs/_ros_robot_controller_msgs_s.ep.rosidl_typesupport_introspection_c.c
[12.080s] -- Symlinking: /home/intel/repo/d021rs-yolov5-ros2-subscription-node-limitationuk/install/ros_robot_controller_msgs/lib/python3.12/site-packages/ros_robot_controller_msgs/msg/__init__.py
[12.085s] -- Symlinking: /home/intel/repo/d021rs-yolov5-ros2-subscription-node-limitationuk/install/ros_robot_controller_msgs/lib/python3.12/site-packages/ros_robot_controller_msgs/msg/_bus_servo_state.py
[12.091s] -- Symlinking: /home/intel/repo/d021rs-yolov5-ros2-subscription-node-limitationuk/install/ros_robot_controller_msgs/lib/python3.12/site-packages/ros_robot_controller_msgs/msg/_bus_servo_state_s.c
[12.096s] -- Symlinking: /home/intel/repo/d021rs-yolov5-ros2-subscription-node-limitationuk/install/ros_robot_controller_msgs/lib/python3.12/site-packages/ros_robot_controller_msgs/msg/_button_state.py
[12.101s] -- Symlinking: /home/intel/repo/d021rs-yolov5-ros2-subscription-node-limitationuk/install/ros_robot_controller_msgs/lib/python3.12/site-packages/ros_robot_controller_msgs/msg/_button_state_s.c
[12.106s] -- Symlinking: /home/intel/repo/d021rs-yolov5-ros2-subscription-node-limitationuk/install/ros_robot_controller_msgs/lib/python3.12/site-packages/ros_robot_controller_msgs/msg/_buzzer_state.py
[12.112s] -- Symlinking: /home/intel/repo/d021rs-yolov5-ros2-subscription-node-limitationuk/install/ros_robot_controller_msgs/lib/python3.12/site-packages/ros_robot_controller_msgs/msg/_buzzer_state_s.c
[12.118s] -- Symlinking: /home/intel/repo/d021rs-yolov5-ros2-subscription-node-limitationuk/install/ros_robot_controller_msgs/lib/python3.12/site-packages/ros_robot_controller_msgs/msg/_get_bus_servo_cmd.py
[12.123s] -- Symlinking: /home/intel/repo/d021rs-yolov5-ros2-subscription-node-limitationuk/install/ros_robot_controller_msgs/lib/python3.12/site-packages/ros_robot_controller_msgs/msg/_get_bus_servo_cmd_s.c
[12.129s] -- Symlinking: /home/intel/repo/d021rs-yolov5-ros2-subscription-node-limitationuk/install/ros_robot_controller_msgs/lib/python3.12/site-packages/ros_robot_controller_msgs/msg/_get_pwm_servo_cmd.py
[12.134s] -- Symlinking: /home/intel/repo/d021rs-yolov5-ros2-subscription-node-limitationuk/install/ros_robot_controller_msgs/lib/python3.12/site-packages/ros_robot_controller_msgs/msg/_get_pwm_servo_cmd_s.c
[12.139s] -- Symlinking: /home/intel/repo/d021rs-yolov5-ros2-subscription-node-limitationuk/install/ros_robot_controller_msgs/lib/python3.12/site-packages/ros_robot_controller_msgs/msg/_led_state.py
[12.144s] -- Symlinking: /home/intel/repo/d021rs-yolov5-ros2-subscription-node-limitationuk/install/ros_robot_controller_msgs/lib/python3.12/site-packages/ros_robot_controller_msgs/msg/_led_state_s.c
[12.149s] -- Symlinking: /home/intel/repo/d021rs-yolov5-ros2-subscription-node-limitationuk/install/ros_robot_controller_msgs/lib/python3.12/site-packages/ros_robot_controller_msgs/msg/_motor_state.py
[12.155s] -- Symlinking: /home/intel/repo/d021rs-yolov5-ros2-subscription-node-limitationuk/install/ros_robot_controller_msgs/lib/python3.12/site-packages/ros_robot_controller_msgs/msg/_motor_state_s.c
[12.161s] -- Symlinking: /home/intel/repo/d021rs-yolov5-ros2-subscription-node-limitationuk/install/ros_robot_controller_msgs/lib/python3.12/site-packages/ros_robot_controller_msgs/msg/_motors_state.py
[12.166s] -- Symlinking: /home/intel/repo/d021rs-yolov5-ros2-subscription-node-limitationuk/install/ros_robot_controller_msgs/lib/python3.12/site-packages/ros_robot_controller_msgs/msg/_motors_state_s.c
[12.171s] -- Symlinking: /home/intel/repo/d021rs-yolov5-ros2-subscription-node-limitationuk/install/ros_robot_controller_msgs/lib/python3.12/site-packages/ros_robot_controller_msgs/msg/_oled_state.py
[12.176s] -- Symlinking: /home/intel/repo/d021rs-yolov5-ros2-subscription-node-limitationuk/install/ros_robot_controller_msgs/lib/python3.12/site-packages/ros_robot_controller_msgs/msg/_oled_state_s.c
[12.180s] -- Symlinking: /home/intel/repo/d021rs-yolov5-ros2-subscription-node-limitationuk/install/ros_robot_controller_msgs/lib/python3.12/site-packages/ros_robot_controller_msgs/msg/_pwm_servo_state.py
[12.185s] -- Symlinking: /home/intel/repo/d021rs-yolov5-ros2-subscription-node-limitationuk/install/ros_robot_controller_msgs/lib/python3.12/site-packages/ros_robot_controller_msgs/msg/_pwm_servo_state_s.c
[12.190s] -- Symlinking: /home/intel/repo/d021rs-yolov5-ros2-subscription-node-limitationuk/install/ros_robot_controller_msgs/lib/python3.12/site-packages/ros_robot_controller_msgs/msg/_rgb_state.py
[12.195s] -- Symlinking: /home/intel/repo/d021rs-yolov5-ros2-subscription-node-limitationuk/install/ros_robot_controller_msgs/lib/python3.12/site-packages/ros_robot_controller_msgs/msg/_rgb_state_s.c
[12.201s] -- Symlinking: /home/intel/repo/d021rs-yolov5-ros2-subscription-node-limitationuk/install/ros_robot_controller_msgs/lib/python3.12/site-packages/ros_robot_controller_msgs/msg/_rgb_states.py
[12.206s] -- Symlinking: /home/intel/repo/d021rs-yolov5-ros2-subscription-node-limitationuk/install/ros_robot_controller_msgs/lib/python3.12/site-packages/ros_robot_controller_msgs/msg/_rgb_states_s.c
[12.211s] -- Symlinking: /home/intel/repo/d021rs-yolov5-ros2-subscription-node-limitationuk/install/ros_robot_controller_msgs/lib/python3.12/site-packages/ros_robot_controller_msgs/msg/_sbus.py
[12.217s] -- Symlinking: /home/intel/repo/d021rs-yolov5-ros2-subscription-node-limitationuk/install/ros_robot_controller_msgs/lib/python3.12/site-packages/ros_robot_controller_msgs/msg/_sbus_s.c
[12.223s] -- Symlinking: /home/intel/repo/d021rs-yolov5-ros2-subscription-node-limitationuk/install/ros_robot_controller_msgs/lib/python3.12/site-packages/ros_robot_controller_msgs/msg/_servo_position.py
[12.228s] -- Symlinking: /home/intel/repo/d021rs-yolov5-ros2-subscription-node-limitationuk/install/ros_robot_controller_msgs/lib/python3.12/site-packages/ros_robot_controller_msgs/msg/_servo_position_s.c
[12.233s] -- Symlinking: /home/intel/repo/d021rs-yolov5-ros2-subscription-node-limitationuk/install/ros_robot_controller_msgs/lib/python3.12/site-packages/ros_robot_controller_msgs/msg/_servos_position.py
[12.239s] -- Symlinking: /home/intel/repo/d021rs-yolov5-ros2-subscription-node-limitationuk/install/ros_robot_controller_msgs/lib/python3.12/site-packages/ros_robot_controller_msgs/msg/_servos_position_s.c
[12.244s] -- Symlinking: /home/intel/repo/d021rs-yolov5-ros2-subscription-node-limitationuk/install/ros_robot_controller_msgs/lib/python3.12/site-packages/ros_robot_controller_msgs/msg/_set_bus_servo_state.py
[12.251s] -- Symlinking: /home/intel/repo/d021rs-yolov5-ros2-subscription-node-limitationuk/install/ros_robot_controller_msgs/lib/python3.12/site-packages/ros_robot_controller_msgs/msg/_set_bus_servo_state_s.c
[12.256s] -- Symlinking: /home/intel/repo/d021rs-yolov5-ros2-subscription-node-limitationuk/install/ros_robot_controller_msgs/lib/python3.12/site-packages/ros_robot_controller_msgs/msg/_set_pwm_servo_state.py
[12.261s] -- Symlinking: /home/intel/repo/d021rs-yolov5-ros2-subscription-node-limitationuk/install/ros_robot_controller_msgs/lib/python3.12/site-packages/ros_robot_controller_msgs/msg/_set_pwm_servo_state_s.c
[12.266s] -- Symlinking: /home/intel/repo/d021rs-yolov5-ros2-subscription-node-limitationuk/install/ros_robot_controller_msgs/lib/python3.12/site-packages/ros_robot_controller_msgs/ros_robot_controller_msgs_s__rosidl_typesupport_c.so
[12.271s] -- Symlinking: /home/intel/repo/d021rs-yolov5-ros2-subscription-node-limitationuk/install/ros_robot_controller_msgs/lib/python3.12/site-packages/ros_robot_controller_msgs/ros_robot_controller_msgs_s__rosidl_typesupport_fastrtps_c.so
[12.276s] -- Symlinking: /home/intel/repo/d021rs-yolov5-ros2-subscription-node-limitationuk/install/ros_robot_controller_msgs/lib/python3.12/site-packages/ros_robot_controller_msgs/ros_robot_controller_msgs_s__rosidl_typesupport_introspection_c.so
[12.281s] -- Symlinking: /home/intel/repo/d021rs-yolov5-ros2-subscription-node-limitationuk/install/ros_robot_controller_msgs/lib/python3.12/site-packages/ros_robot_controller_msgs/srv/__init__.py
[12.286s] -- Symlinking: /home/intel/repo/d021rs-yolov5-ros2-subscription-node-limitationuk/install/ros_robot_controller_msgs/lib/python3.12/site-packages/ros_robot_controller_msgs/srv/_get_bus_servo_state.py
[12.292s] -- Symlinking: /home/intel/repo/d021rs-yolov5-ros2-subscription-node-limitationuk/install/ros_robot_controller_msgs/lib/python3.12/site-packages/ros_robot_controller_msgs/srv/_get_bus_servo_state_s.c
[12.297s] -- Symlinking: /home/intel/repo/d021rs-yolov5-ros2-subscription-node-limitationuk/install/ros_robot_controller_msgs/lib/python3.12/site-packages/ros_robot_controller_msgs/srv/_get_pwm_servo_state.py
[12.302s] -- Symlinking: /home/intel/repo/d021rs-yolov5-ros2-subscription-node-limitationuk/install/ros_robot_controller_msgs/lib/python3.12/site-packages/ros_robot_controller_msgs/srv/_get_pwm_servo_state_s.c
[12.308s] -- Up-to-date symlink: /home/intel/repo/d021rs-yolov5-ros2-subscription-node-limitationuk/install/ros_robot_controller_msgs/lib/python3.12/site-packages/ros_robot_controller_msgs/ros_robot_controller_msgs_s__rosidl_typesupport_fastrtps_c.so
[12.308s] -- Up-to-date symlink: /home/intel/repo/d021rs-yolov5-ros2-subscription-node-limitationuk/install/ros_robot_controller_msgs/lib/python3.12/site-packages/ros_robot_controller_msgs/ros_robot_controller_msgs_s__rosidl_typesupport_introspection_c.so
[12.308s] -- Up-to-date symlink: /home/intel/repo/d021rs-yolov5-ros2-subscription-node-limitationuk/install/ros_robot_controller_msgs/lib/python3.12/site-packages/ros_robot_controller_msgs/ros_robot_controller_msgs_s__rosidl_typesupport_c.so
[12.308s] -- Symlinking: /home/intel/repo/d021rs-yolov5-ros2-subscription-node-limitationuk/install/ros_robot_controller_msgs/share/ros_robot_controller_msgs/msg/BusServoState.idl
[12.314s] -- Symlinking: /home/intel/repo/d021rs-yolov5-ros2-subscription-node-limitationuk/install/ros_robot_controller_msgs/share/ros_robot_controller_msgs/msg/ButtonState.idl
[12.319s] -- Symlinking: /home/intel/repo/d021rs-yolov5-ros2-subscription-node-limitationuk/install/ros_robot_controller_msgs/share/ros_robot_controller_msgs/msg/BuzzerState.idl
[12.324s] -- Symlinking: /home/intel/repo/d021rs-yolov5-ros2-subscription-node-limitationuk/install/ros_robot_controller_msgs/share/ros_robot_controller_msgs/msg/LedState.idl
[12.330s] -- Symlinking: /home/intel/repo/d021rs-yolov5-ros2-subscription-node-limitationuk/install/ros_robot_controller_msgs/share/ros_robot_controller_msgs/msg/MotorState.idl
[12.335s] -- Symlinking: /home/intel/repo/d021rs-yolov5-ros2-subscription-node-limitationuk/install/ros_robot_controller_msgs/share/ros_robot_controller_msgs/msg/MotorsState.idl
[12.339s] -- Symlinking: /home/intel/repo/d021rs-yolov5-ros2-subscription-node-limitationuk/install/ros_robot_controller_msgs/share/ros_robot_controller_msgs/msg/PWMServoState.idl
[12.345s] -- Symlinking: /home/intel/repo/d021rs-yolov5-ros2-subscription-node-limitationuk/install/ros_robot_controller_msgs/share/ros_robot_controller_msgs/msg/Sbus.idl
[12.350s] -- Symlinking: /home/intel/repo/d021rs-yolov5-ros2-subscription-node-limitationuk/install/ros_robot_controller_msgs/share/ros_robot_controller_msgs/msg/OLEDState.idl
[12.355s] -- Symlinking: /home/intel/repo/d021rs-yolov5-ros2-subscription-node-limitationuk/install/ros_robot_controller_msgs/share/ros_robot_controller_msgs/msg/SetBusServoState.idl
[12.360s] -- Symlinking: /home/intel/repo/d021rs-yolov5-ros2-subscription-node-limitationuk/install/ros_robot_controller_msgs/share/ros_robot_controller_msgs/msg/RGBStates.idl
[12.365s] -- Symlinking: /home/intel/repo/d021rs-yolov5-ros2-subscription-node-limitationuk/install/ros_robot_controller_msgs/share/ros_robot_controller_msgs/msg/RGBState.idl
[12.370s] -- Symlinking: /home/intel/repo/d021rs-yolov5-ros2-subscription-node-limitationuk/install/ros_robot_controller_msgs/share/ros_robot_controller_msgs/msg/ServoPosition.idl
[12.375s] -- Symlinking: /home/intel/repo/d021rs-yolov5-ros2-subscription-node-limitationuk/install/ros_robot_controller_msgs/share/ros_robot_controller_msgs/msg/ServosPosition.idl
[12.380s] -- Symlinking: /home/intel/repo/d021rs-yolov5-ros2-subscription-node-limitationuk/install/ros_robot_controller_msgs/share/ros_robot_controller_msgs/msg/SetPWMServoState.idl
[12.386s] -- Symlinking: /home/intel/repo/d021rs-yolov5-ros2-subscription-node-limitationuk/install/ros_robot_controller_msgs/share/ros_robot_controller_msgs/msg/GetBusServoCmd.idl
[12.391s] -- Symlinking: /home/intel/repo/d021rs-yolov5-ros2-subscription-node-limitationuk/install/ros_robot_controller_msgs/share/ros_robot_controller_msgs/msg/GetPWMServoCmd.idl
[12.396s] -- Symlinking: /home/intel/repo/d021rs-yolov5-ros2-subscription-node-limitationuk/install/ros_robot_controller_msgs/share/ros_robot_controller_msgs/srv/GetBusServoState.idl
[12.401s] -- Symlinking: /home/intel/repo/d021rs-yolov5-ros2-subscription-node-limitationuk/install/ros_robot_controller_msgs/share/ros_robot_controller_msgs/srv/GetPWMServoState.idl
[12.406s] -- Symlinking: /home/intel/repo/d021rs-yolov5-ros2-subscription-node-limitationuk/install/ros_robot_controller_msgs/share/ros_robot_controller_msgs/msg/BusServoState.msg
[12.411s] -- Symlinking: /home/intel/repo/d021rs-yolov5-ros2-subscription-node-limitationuk/install/ros_robot_controller_msgs/share/ros_robot_controller_msgs/msg/ButtonState.msg
[12.416s] -- Symlinking: /home/intel/repo/d021rs-yolov5-ros2-subscription-node-limitationuk/install/ros_robot_controller_msgs/share/ros_robot_controller_msgs/msg/BuzzerState.msg
[12.420s] -- Symlinking: /home/intel/repo/d021rs-yolov5-ros2-subscription-node-limitationuk/install/ros_robot_controller_msgs/share/ros_robot_controller_msgs/msg/LedState.msg
[12.426s] -- Symlinking: /home/intel/repo/d021rs-yolov5-ros2-subscription-node-limitationuk/install/ros_robot_controller_msgs/share/ros_robot_controller_msgs/msg/MotorState.msg
[12.432s] -- Symlinking: /home/intel/repo/d021rs-yolov5-ros2-subscription-node-limitationuk/install/ros_robot_controller_msgs/share/ros_robot_controller_msgs/msg/MotorsState.msg
[12.437s] -- Symlinking: /home/intel/repo/d021rs-yolov5-ros2-subscription-node-limitationuk/install/ros_robot_controller_msgs/share/ros_robot_controller_msgs/msg/PWMServoState.msg
[12.442s] -- Symlinking: /home/intel/repo/d021rs-yolov5-ros2-subscription-node-limitationuk/install/ros_robot_controller_msgs/share/ros_robot_controller_msgs/msg/Sbus.msg
[12.447s] -- Symlinking: /home/intel/repo/d021rs-yolov5-ros2-subscription-node-limitationuk/install/ros_robot_controller_msgs/share/ros_robot_controller_msgs/msg/OLEDState.msg
[12.452s] -- Symlinking: /home/intel/repo/d021rs-yolov5-ros2-subscription-node-limitationuk/install/ros_robot_controller_msgs/share/ros_robot_controller_msgs/msg/SetBusServoState.msg
[12.496s] -- Symlinking: /home/intel/repo/d021rs-yolov5-ros2-subscription-node-limitationuk/install/ros_robot_controller_msgs/share/ros_robot_controller_msgs/msg/RGBStates.msg
[12.503s] -- Symlinking: /home/intel/repo/d021rs-yolov5-ros2-subscription-node-limitationuk/install/ros_robot_controller_msgs/share/ros_robot_controller_msgs/msg/RGBState.msg
[12.509s] -- Symlinking: /home/intel/repo/d021rs-yolov5-ros2-subscription-node-limitationuk/install/ros_robot_controller_msgs/share/ros_robot_controller_msgs/msg/ServoPosition.msg
[12.514s] -- Symlinking: /home/intel/repo/d021rs-yolov5-ros2-subscription-node-limitationuk/install/ros_robot_controller_msgs/share/ros_robot_controller_msgs/msg/ServosPosition.msg
[12.520s] -- Symlinking: /home/intel/repo/d021rs-yolov5-ros2-subscription-node-limitationuk/install/ros_robot_controller_msgs/share/ros_robot_controller_msgs/msg/SetPWMServoState.msg
[12.525s] -- Symlinking: /home/intel/repo/d021rs-yolov5-ros2-subscription-node-limitationuk/install/ros_robot_controller_msgs/share/ros_robot_controller_msgs/msg/GetBusServoCmd.msg
[12.530s] -- Symlinking: /home/intel/repo/d021rs-yolov5-ros2-subscription-node-limitationuk/install/ros_robot_controller_msgs/share/ros_robot_controller_msgs/msg/GetPWMServoCmd.msg
[12.535s] -- Symlinking: /home/intel/repo/d021rs-yolov5-ros2-subscription-node-limitationuk/install/ros_robot_controller_msgs/share/ros_robot_controller_msgs/srv/GetBusServoState.srv
[12.540s] -- Symlinking: /home/intel/repo/d021rs-yolov5-ros2-subscription-node-limitationuk/install/ros_robot_controller_msgs/share/ros_robot_controller_msgs/srv/GetPWMServoState.srv
[12.545s] -- Symlinking: /home/intel/repo/d021rs-yolov5-ros2-subscription-node-limitationuk/install/ros_robot_controller_msgs/share/ament_index/resource_index/package_run_dependencies/ros_robot_controller_msgs
[12.549s] -- Symlinking: /home/intel/repo/d021rs-yolov5-ros2-subscription-node-limitationuk/install/ros_robot_controller_msgs/share/ament_index/resource_index/parent_prefix_path/ros_robot_controller_msgs
[12.554s] -- Symlinking: /home/intel/repo/d021rs-yolov5-ros2-subscription-node-limitationuk/install/ros_robot_controller_msgs/share/ros_robot_controller_msgs/environment/ament_prefix_path.sh
[12.559s] -- Symlinking: /home/intel/repo/d021rs-yolov5-ros2-subscription-node-limitationuk/install/ros_robot_controller_msgs/share/ros_robot_controller_msgs/environment/ament_prefix_path.dsv
[12.563s] -- Symlinking: /home/intel/repo/d021rs-yolov5-ros2-subscription-node-limitationuk/install/ros_robot_controller_msgs/share/ros_robot_controller_msgs/environment/path.sh
[12.568s] -- Symlinking: /home/intel/repo/d021rs-yolov5-ros2-subscription-node-limitationuk/install/ros_robot_controller_msgs/share/ros_robot_controller_msgs/environment/path.dsv
[12.573s] -- Symlinking: /home/intel/repo/d021rs-yolov5-ros2-subscription-node-limitationuk/install/ros_robot_controller_msgs/share/ros_robot_controller_msgs/local_setup.bash
[12.578s] -- Symlinking: /home/intel/repo/d021rs-yolov5-ros2-subscription-node-limitationuk/install/ros_robot_controller_msgs/share/ros_robot_controller_msgs/local_setup.sh
[12.583s] -- Symlinking: /home/intel/repo/d021rs-yolov5-ros2-subscription-node-limitationuk/install/ros_robot_controller_msgs/share/ros_robot_controller_msgs/local_setup.zsh
[12.588s] -- Symlinking: /home/intel/repo/d021rs-yolov5-ros2-subscription-node-limitationuk/install/ros_robot_controller_msgs/share/ros_robot_controller_msgs/local_setup.dsv
[12.594s] -- Symlinking: /home/intel/repo/d021rs-yolov5-ros2-subscription-node-limitationuk/install/ros_robot_controller_msgs/share/ros_robot_controller_msgs/package.dsv
[12.598s] -- Symlinking: /home/intel/repo/d021rs-yolov5-ros2-subscription-node-limitationuk/install/ros_robot_controller_msgs/share/ament_index/resource_index/packages/ros_robot_controller_msgs
[12.603s] -- Symlinking: /home/intel/repo/d021rs-yolov5-ros2-subscription-node-limitationuk/install/ros_robot_controller_msgs/share/ros_robot_controller_msgs/cmake/rosidl_cmake-extras.cmake
[12.608s] -- Symlinking: /home/intel/repo/d021rs-yolov5-ros2-subscription-node-limitationuk/install/ros_robot_controller_msgs/share/ros_robot_controller_msgs/cmake/ament_cmake_export_dependencies-extras.cmake
[12.613s] -- Symlinking: /home/intel/repo/d021rs-yolov5-ros2-subscription-node-limitationuk/install/ros_robot_controller_msgs/share/ros_robot_controller_msgs/cmake/ament_cmake_export_include_directories-extras.cmake
[12.619s] -- Symlinking: /home/intel/repo/d021rs-yolov5-ros2-subscription-node-limitationuk/install/ros_robot_controller_msgs/share/ros_robot_controller_msgs/cmake/ament_cmake_export_libraries-extras.cmake
[12.624s] -- Symlinking: /home/intel/repo/d021rs-yolov5-ros2-subscription-node-limitationuk/install/ros_robot_controller_msgs/share/ros_robot_controller_msgs/cmake/ament_cmake_export_targets-extras.cmake
[12.629s] -- Symlinking: /home/intel/repo/d021rs-yolov5-ros2-subscription-node-limitationuk/install/ros_robot_controller_msgs/share/ros_robot_controller_msgs/cmake/rosidl_cmake_export_typesupport_targets-extras.cmake
[12.634s] -- Symlinking: /home/intel/repo/d021rs-yolov5-ros2-subscription-node-limitationuk/install/ros_robot_controller_msgs/share/ros_robot_controller_msgs/cmake/rosidl_cmake_export_typesupport_libraries-extras.cmake
[12.639s] -- Symlinking: /home/intel/repo/d021rs-yolov5-ros2-subscription-node-limitationuk/install/ros_robot_controller_msgs/share/ros_robot_controller_msgs/cmake/ros_robot_controller_msgsConfig.cmake
[12.644s] -- Symlinking: /home/intel/repo/d021rs-yolov5-ros2-subscription-node-limitationuk/install/ros_robot_controller_msgs/share/ros_robot_controller_msgs/cmake/ros_robot_controller_msgsConfig-version.cmake
[12.649s] -- Symlinking: /home/intel/repo/d021rs-yolov5-ros2-subscription-node-limitationuk/install/ros_robot_controller_msgs/share/ros_robot_controller_msgs/package.xml
[12.654s] -- Installing: /home/intel/repo/d021rs-yolov5-ros2-subscription-node-limitationuk/install/ros_robot_controller_msgs/lib/libros_robot_controller_msgs__rosidl_generator_c.so
[12.654s] -- Set non-toolchain portion of runtime path of "/home/intel/repo/d021rs-yolov5-ros2-subscription-node-limitationuk/install/ros_robot_controller_msgs/lib/libros_robot_controller_msgs__rosidl_generator_c.so" to ""
[12.654s] -- Installing: /home/intel/repo/d021rs-yolov5-ros2-subscription-node-limitationuk/install/ros_robot_controller_msgs/lib/libros_robot_controller_msgs__rosidl_typesupport_fastrtps_c.so
[12.654s] -- Set non-toolchain portion of runtime path of "/home/intel/repo/d021rs-yolov5-ros2-subscription-node-limitationuk/install/ros_robot_controller_msgs/lib/libros_robot_controller_msgs__rosidl_typesupport_fastrtps_c.so" to ""
[12.654s] -- Installing: /home/intel/repo/d021rs-yolov5-ros2-subscription-node-limitationuk/install/ros_robot_controller_msgs/lib/libros_robot_controller_msgs__rosidl_typesupport_fastrtps_cpp.so
[12.655s] -- Set non-toolchain portion of runtime path of "/home/intel/repo/d021rs-yolov5-ros2-subscription-node-limitationuk/install/ros_robot_controller_msgs/lib/libros_robot_controller_msgs__rosidl_typesupport_fastrtps_cpp.so" to ""
[12.655s] -- Installing: /home/intel/repo/d021rs-yolov5-ros2-subscription-node-limitationuk/install/ros_robot_controller_msgs/lib/libros_robot_controller_msgs__rosidl_typesupport_introspection_c.so
[12.655s] -- Set non-toolchain portion of runtime path of "/home/intel/repo/d021rs-yolov5-ros2-subscription-node-limitationuk/install/ros_robot_controller_msgs/lib/libros_robot_controller_msgs__rosidl_typesupport_introspection_c.so" to ""
[12.655s] -- Installing: /home/intel/repo/d021rs-yolov5-ros2-subscription-node-limitationuk/install/ros_robot_controller_msgs/lib/libros_robot_controller_msgs__rosidl_typesupport_c.so
[12.655s] -- Set non-toolchain portion of runtime path of "/home/intel/repo/d021rs-yolov5-ros2-subscription-node-limitationuk/install/ros_robot_controller_msgs/lib/libros_robot_controller_msgs__rosidl_typesupport_c.so" to ""
[12.655s] -- Installing: /home/intel/repo/d021rs-yolov5-ros2-subscription-node-limitationuk/install/ros_robot_controller_msgs/lib/libros_robot_controller_msgs__rosidl_typesupport_introspection_cpp.so
[12.656s] -- Set non-toolchain portion of runtime path of "/home/intel/repo/d021rs-yolov5-ros2-subscription-node-limitationuk/install/ros_robot_controller_msgs/lib/libros_robot_controller_msgs__rosidl_typesupport_introspection_cpp.so" to ""
[12.656s] -- Installing: /home/intel/repo/d021rs-yolov5-ros2-subscription-node-limitationuk/install/ros_robot_controller_msgs/lib/libros_robot_controller_msgs__rosidl_typesupport_cpp.so
[12.656s] -- Set non-toolchain portion of runtime path of "/home/intel/repo/d021rs-yolov5-ros2-subscription-node-limitationuk/install/ros_robot_controller_msgs/lib/libros_robot_controller_msgs__rosidl_typesupport_cpp.so" to ""
[12.703s] Listing '/home/intel/repo/d021rs-yolov5-ros2-subscription-node-limitationuk/install/ros_robot_controller_msgs/lib/python3.12/site-packages/ros_robot_controller_msgs'...
[12.703s] Compiling '/home/intel/repo/d021rs-yolov5-ros2-subscription-node-limitationuk/install/ros_robot_controller_msgs/lib/python3.12/site-packages/ros_robot_controller_msgs/__init__.py'...
[12.703s] Listing '/home/intel/repo/d021rs-yolov5-ros2-subscription-node-limitationuk/install/ros_robot_controller_msgs/lib/python3.12/site-packages/ros_robot_controller_msgs/msg'...
[12.703s] Compiling '/home/intel/repo/d021rs-yolov5-ros2-subscription-node-limitationuk/install/ros_robot_controller_msgs/lib/python3.12/site-packages/ros_robot_controller_msgs/msg/__init__.py'...
[12.703s] Compiling '/home/intel/repo/d021rs-yolov5-ros2-subscription-node-limitationuk/install/ros_robot_controller_msgs/lib/python3.12/site-packages/ros_robot_controller_msgs/msg/_bus_servo_state.py'...
[12.703s] Compiling '/home/intel/repo/d021rs-yolov5-ros2-subscription-node-limitationuk/install/ros_robot_controller_msgs/lib/python3.12/site-packages/ros_robot_controller_msgs/msg/_button_state.py'...
[12.703s] Compiling '/home/intel/repo/d021rs-yolov5-ros2-subscription-node-limitationuk/install/ros_robot_controller_msgs/lib/python3.12/site-packages/ros_robot_controller_msgs/msg/_buzzer_state.py'...
[12.704s] Compiling '/home/intel/repo/d021rs-yolov5-ros2-subscription-node-limitationuk/install/ros_robot_controller_msgs/lib/python3.12/site-packages/ros_robot_controller_msgs/msg/_get_bus_servo_cmd.py'...
[12.704s] Compiling '/home/intel/repo/d021rs-yolov5-ros2-subscription-node-limitationuk/install/ros_robot_controller_msgs/lib/python3.12/site-packages/ros_robot_controller_msgs/msg/_get_pwm_servo_cmd.py'...
[12.704s] Compiling '/home/intel/repo/d021rs-yolov5-ros2-subscription-node-limitationuk/install/ros_robot_controller_msgs/lib/python3.12/site-packages/ros_robot_controller_msgs/msg/_led_state.py'...
[12.704s] Compiling '/home/intel/repo/d021rs-yolov5-ros2-subscription-node-limitationuk/install/ros_robot_controller_msgs/lib/python3.12/site-packages/ros_robot_controller_msgs/msg/_motor_state.py'...
[12.704s] Compiling '/home/intel/repo/d021rs-yolov5-ros2-subscription-node-limitationuk/install/ros_robot_controller_msgs/lib/python3.12/site-packages/ros_robot_controller_msgs/msg/_motors_state.py'...
[12.704s] Compiling '/home/intel/repo/d021rs-yolov5-ros2-subscription-node-limitationuk/install/ros_robot_controller_msgs/lib/python3.12/site-packages/ros_robot_controller_msgs/msg/_oled_state.py'...
[12.704s] Compiling '/home/intel/repo/d021rs-yolov5-ros2-subscription-node-limitationuk/install/ros_robot_controller_msgs/lib/python3.12/site-packages/ros_robot_controller_msgs/msg/_pwm_servo_state.py'...
[12.704s] Compiling '/home/intel/repo/d021rs-yolov5-ros2-subscription-node-limitationuk/install/ros_robot_controller_msgs/lib/python3.12/site-packages/ros_robot_controller_msgs/msg/_rgb_state.py'...
[12.704s] Compiling '/home/intel/repo/d021rs-yolov5-ros2-subscription-node-limitationuk/install/ros_robot_controller_msgs/lib/python3.12/site-packages/ros_robot_controller_msgs/msg/_rgb_states.py'...
[12.704s] Compiling '/home/intel/repo/d021rs-yolov5-ros2-subscription-node-limitationuk/install/ros_robot_controller_msgs/lib/python3.12/site-packages/ros_robot_controller_msgs/msg/_sbus.py'...
[12.704s] Compiling '/home/intel/repo/d021rs-yolov5-ros2-subscription-node-limitationuk/install/ros_robot_controller_msgs/lib/python3.12/site-packages/ros_robot_controller_msgs/msg/_servo_position.py'...
[12.704s] Compiling '/home/intel/repo/d021rs-yolov5-ros2-subscription-node-limitationuk/install/ros_robot_controller_msgs/lib/python3.12/site-packages/ros_robot_controller_msgs/msg/_servos_position.py'...
[12.704s] Compiling '/home/intel/repo/d021rs-yolov5-ros2-subscription-node-limitationuk/install/ros_robot_controller_msgs/lib/python3.12/site-packages/ros_robot_controller_msgs/msg/_set_bus_servo_state.py'...
[12.704s] Compiling '/home/intel/repo/d021rs-yolov5-ros2-subscription-node-limitationuk/install/ros_robot_controller_msgs/lib/python3.12/site-packages/ros_robot_controller_msgs/msg/_set_pwm_servo_state.py'...
[12.704s] Listing '/home/intel/repo/d021rs-yolov5-ros2-subscription-node-limitationuk/install/ros_robot_controller_msgs/lib/python3.12/site-packages/ros_robot_controller_msgs/srv'...
[12.704s] Compiling '/home/intel/repo/d021rs-yolov5-ros2-subscription-node-limitationuk/install/ros_robot_controller_msgs/lib/python3.12/site-packages/ros_robot_controller_msgs/srv/__init__.py'...
[12.704s] Compiling '/home/intel/repo/d021rs-yolov5-ros2-subscription-node-limitationuk/install/ros_robot_controller_msgs/lib/python3.12/site-packages/ros_robot_controller_msgs/srv/_get_bus_servo_state.py'...
[12.704s] Compiling '/home/intel/repo/d021rs-yolov5-ros2-subscription-node-limitationuk/install/ros_robot_controller_msgs/lib/python3.12/site-packages/ros_robot_controller_msgs/srv/_get_pwm_servo_state.py'...
[12.706s] -- Installing: /home/intel/repo/d021rs-yolov5-ros2-subscription-node-limitationuk/install/ros_robot_controller_msgs/lib/libros_robot_controller_msgs__rosidl_generator_py.so
[12.707s] -- Set non-toolchain portion of runtime path of "/home/intel/repo/d021rs-yolov5-ros2-subscription-node-limitationuk/install/ros_robot_controller_msgs/lib/libros_robot_controller_msgs__rosidl_generator_py.so" to ""
[12.707s] -- Installing: /home/intel/repo/d021rs-yolov5-ros2-subscription-node-limitationuk/install/ros_robot_controller_msgs/share/ros_robot_controller_msgs/cmake/export_ros_robot_controller_msgs__rosidl_generator_cExport.cmake
[12.707s] -- Installing: /home/intel/repo/d021rs-yolov5-ros2-subscription-node-limitationuk/install/ros_robot_controller_msgs/share/ros_robot_controller_msgs/cmake/export_ros_robot_controller_msgs__rosidl_generator_cExport-noconfig.cmake
[12.707s] -- Installing: /home/intel/repo/d021rs-yolov5-ros2-subscription-node-limitationuk/install/ros_robot_controller_msgs/share/ros_robot_controller_msgs/cmake/export_ros_robot_controller_msgs__rosidl_typesupport_fastrtps_cExport.cmake
[12.707s] -- Installing: /home/intel/repo/d021rs-yolov5-ros2-subscription-node-limitationuk/install/ros_robot_controller_msgs/share/ros_robot_controller_msgs/cmake/export_ros_robot_controller_msgs__rosidl_typesupport_fastrtps_cExport-noconfig.cmake
[12.707s] -- Installing: /home/intel/repo/d021rs-yolov5-ros2-subscription-node-limitationuk/install/ros_robot_controller_msgs/share/ros_robot_controller_msgs/cmake/export_ros_robot_controller_msgs__rosidl_generator_cppExport.cmake
[12.707s] -- Installing: /home/intel/repo/d021rs-yolov5-ros2-subscription-node-limitationuk/install/ros_robot_controller_msgs/share/ros_robot_controller_msgs/cmake/export_ros_robot_controller_msgs__rosidl_typesupport_fastrtps_cppExport.cmake
[12.707s] -- Installing: /home/intel/repo/d021rs-yolov5-ros2-subscription-node-limitationuk/install/ros_robot_controller_msgs/share/ros_robot_controller_msgs/cmake/export_ros_robot_controller_msgs__rosidl_typesupport_fastrtps_cppExport-noconfig.cmake
[12.707s] -- Installing: /home/intel/repo/d021rs-yolov5-ros2-subscription-node-limitationuk/install/ros_robot_controller_msgs/share/ros_robot_controller_msgs/cmake/ros_robot_controller_msgs__rosidl_typesupport_introspection_cExport.cmake
[12.707s] -- Installing: /home/intel/repo/d021rs-yolov5-ros2-subscription-node-limitationuk/install/ros_robot_controller_msgs/share/ros_robot_controller_msgs/cmake/ros_robot_controller_msgs__rosidl_typesupport_introspection_cExport-noconfig.cmake
[12.707s] -- Installing: /home/intel/repo/d021rs-yolov5-ros2-subscription-node-limitationuk/install/ros_robot_controller_msgs/share/ros_robot_controller_msgs/cmake/ros_robot_controller_msgs__rosidl_typesupport_cExport.cmake
[12.707s] -- Installing: /home/intel/repo/d021rs-yolov5-ros2-subscription-node-limitationuk/install/ros_robot_controller_msgs/share/ros_robot_controller_msgs/cmake/ros_robot_controller_msgs__rosidl_typesupport_cExport-noconfig.cmake
[12.707s] -- Installing: /home/intel/repo/d021rs-yolov5-ros2-subscription-node-limitationuk/install/ros_robot_controller_msgs/share/ros_robot_controller_msgs/cmake/ros_robot_controller_msgs__rosidl_typesupport_introspection_cppExport.cmake
[12.707s] -- Installing: /home/intel/repo/d021rs-yolov5-ros2-subscription-node-limitationuk/install/ros_robot_controller_msgs/share/ros_robot_controller_msgs/cmake/ros_robot_controller_msgs__rosidl_typesupport_introspection_cppExport-noconfig.cmake
[12.708s] -- Installing: /home/intel/repo/d021rs-yolov5-ros2-subscription-node-limitationuk/install/ros_robot_controller_msgs/share/ros_robot_controller_msgs/cmake/ros_robot_controller_msgs__rosidl_typesupport_cppExport.cmake
[12.708s] -- Installing: /home/intel/repo/d021rs-yolov5-ros2-subscription-node-limitationuk/install/ros_robot_controller_msgs/share/ros_robot_controller_msgs/cmake/ros_robot_controller_msgs__rosidl_typesupport_cppExport-noconfig.cmake
[12.708s] -- Installing: /home/intel/repo/d021rs-yolov5-ros2-subscription-node-limitationuk/install/ros_robot_controller_msgs/share/ros_robot_controller_msgs/cmake/export_ros_robot_controller_msgs__rosidl_generator_pyExport.cmake
[12.708s] -- Installing: /home/intel/repo/d021rs-yolov5-ros2-subscription-node-limitationuk/install/ros_robot_controller_msgs/share/ros_robot_controller_msgs/cmake/export_ros_robot_controller_msgs__rosidl_generator_pyExport-noconfig.cmake
[12.710s] Invoked command in '/home/intel/repo/d021rs-yolov5-ros2-subscription-node-limitationuk/build/ros_robot_controller_msgs' returned '0': CMAKE_PREFIX_PATH=${CMAKE_PREFIX_PATH}:/home/intel/repo/d021rs-yolov5-ros2-limitationuk/ros2_ws/install/yolov5_ros2:/home/intel/repo/d021rs-yolov5-ros2-limitationuk/ros2_ws/install/slam:/home/intel/repo/d021rs-yolov5-ros2-limitationuk/ros2_ws/install/sdk:/home/intel/repo/d021rs-yolov5-ros2-limitationuk/ros2_ws/install/ros_robot_controller:/home/intel/repo/d021rs-yolov5-ros2-limitationuk/ros2_ws/install/peripherals:/home/intel/repo/d021rs-yolov5-ros2-limitationuk/ros2_ws/install/navigation:/home/intel/repo/d021rs-yolov5-ros2-limitationuk/ros2_ws/install/multi:/home/intel/repo/d021rs-yolov5-ros2-limitationuk/ros2_ws/install/mentorpi_description:/home/intel/repo/d021rs-yolov5-ros2-limitationuk/ros2_ws/install/example:/home/intel/repo/d021rs-yolov5-ros2-limitationuk/ros2_ws/install/controller:/home/intel/repo/d021rs-yolov5-ros2-limitationuk/ros2_ws/install/calibration:/home/intel/repo/d021rs-yolov5-ros2-limitationuk/ros2_ws/install/bringup:/home/intel/repo/d021rs-yolov5-ros2-limitationuk/ros2_ws/install/app:/opt/ros/jazzy DEBUGINFOD_URLS=https://debuginfod.ubuntu.com VIRTUAL_ENV_PROMPT=(.venv) /usr/bin/cmake --install /home/intel/repo/d021rs-yolov5-ros2-subscription-node-limitationuk/build/ros_robot_controller_msgs
