-- The C compiler identification is GNU 13.3.0
-- The CXX compiler identification is GNU 13.3.0
-- Detecting C compiler ABI info
-- Detecting C compiler ABI info - done
-- Check for working C compiler: /usr/bin/cc - skipped
-- Detecting C compile features
-- Detecting C compile features - done
-- Detecting CXX compiler ABI info
-- Detecting CXX compiler ABI info - done
-- Check for working CXX compiler: /usr/bin/c++ - skipped
-- Detecting CXX compile features
-- Detecting CXX compile features - done
-- Found ament_cmake: 2.5.4 (/opt/ros/jazzy/share/ament_cmake/cmake)
-- Found Python3: /home/intel/repo/d021rs-yolov5-ros2-subscription-node-limitationuk/.venv/bin/python3 (found version "3.12.3") found components: Interpreter 
-- Override CMake install command with custom implementation using symlinks instead of copying resources
-- Found std_msgs: 5.3.6 (/opt/ros/jazzy/share/std_msgs/cmake)
-- Found rosidl_generator_c: 4.6.6 (/opt/ros/jazzy/share/rosidl_generator_c/cmake)
-- Found rosidl_generator_cpp: 4.6.6 (/opt/ros/jazzy/share/rosidl_generator_cpp/cmake)
-- Using all available rosidl_typesupport_c: rosidl_typesupport_fastrtps_c;rosidl_typesupport_introspection_c
-- Using all available rosidl_typesupport_cpp: rosidl_typesupport_fastrtps_cpp;rosidl_typesupport_introspection_cpp
-- Found std_srvs: 5.3.6 (/opt/ros/jazzy/share/std_srvs/cmake)
-- Found geometry_msgs: 5.3.6 (/opt/ros/jazzy/share/geometry_msgs/cmake)
-- Found rosidl_default_generators: 1.6.0 (/opt/ros/jazzy/share/rosidl_default_generators/cmake)
-- Found rosidl_adapter: 4.6.6 (/opt/ros/jazzy/share/rosidl_adapter/cmake)
-- Found ament_cmake_ros: 0.12.0 (/opt/ros/jazzy/share/ament_cmake_ros/cmake)
-- Using all available rosidl_typesupport_c: rosidl_typesupport_fastrtps_c;rosidl_typesupport_introspection_c
-- Using all available rosidl_typesupport_cpp: rosidl_typesupport_fastrtps_cpp;rosidl_typesupport_introspection_cpp
-- Found python_cmake_module: 0.11.1 (/opt/ros/jazzy/share/python_cmake_module/cmake)
-- Found PythonExtra: /home/intel/repo/d021rs-yolov5-ros2-subscription-node-limitationuk/.venv/bin/python3  
-- Found Python3: /home/intel/repo/d021rs-yolov5-ros2-subscription-node-limitationuk/.venv/bin/python3 (found version "3.12.3") found components: Interpreter Development NumPy Development.Module Development.Embed 
-- Found ament_lint_auto: 0.17.3 (/opt/ros/jazzy/share/ament_lint_auto/cmake)
-- Added test 'copyright' to check source files copyright and LICENSE
-- Added test 'lint_cmake' to check CMake code style
-- Added test 'xmllint' to check XML markup files
-- Configuring done (2.4s)
-- Generating done (0.0s)
-- Build files have been written to: /home/intel/repo/d021rs-yolov5-ros2-subscription-node-limitationuk/build/interfaces
[  0%] [34m[1mGenerating type hashes for ROS interfaces[0m
[  0%] Built target ament_cmake_python_symlink_interfaces
running egg_info
creating interfaces.egg-info
writing interfaces.egg-info/PKG-INFO
writing dependency_links to interfaces.egg-info/dependency_links.txt
writing top-level names to interfaces.egg-info/top_level.txt
writing manifest file 'interfaces.egg-info/SOURCES.txt'
reading manifest file 'interfaces.egg-info/SOURCES.txt'
writing manifest file 'interfaces.egg-info/SOURCES.txt'
[  0%] Built target ament_cmake_python_build_interfaces_egg
[  0%] Built target interfaces__rosidl_generator_type_description
[  1%] [34m[1mGenerating C code for ROS interfaces[0m
[  1%] [34m[1mGenerating C++ code for ROS interfaces[0m
[  1%] Built target interfaces__cpp
[  2%] [32mBuilding C object CMakeFiles/interfaces__rosidl_generator_c.dir/rosidl_generator_c/interfaces/msg/detail/color_info__functions.c.o[0m
[  3%] [32mBuilding C object CMakeFiles/interfaces__rosidl_generator_c.dir/rosidl_generator_c/interfaces/msg/detail/colors_info__description.c.o[0m
[  3%] [32mBuilding C object CMakeFiles/interfaces__rosidl_generator_c.dir/rosidl_generator_c/interfaces/msg/detail/color_detect__description.c.o[0m
[  2%] [32mBuilding C object CMakeFiles/interfaces__rosidl_generator_c.dir/rosidl_generator_c/interfaces/msg/detail/color_info__type_support.c.o[0m
[  3%] [32mBuilding C object CMakeFiles/interfaces__rosidl_generator_c.dir/rosidl_generator_c/interfaces/msg/detail/color_detect__functions.c.o[0m
[  3%] [32mBuilding C object CMakeFiles/interfaces__rosidl_generator_c.dir/rosidl_generator_c/interfaces/msg/detail/color_detect__type_support.c.o[0m
[  3%] [32mBuilding C object CMakeFiles/interfaces__rosidl_generator_c.dir/rosidl_generator_c/interfaces/msg/detail/color_info__description.c.o[0m
[  4%] [32mBuilding C object CMakeFiles/interfaces__rosidl_generator_c.dir/rosidl_generator_c/interfaces/msg/detail/colors_info__functions.c.o[0m
[  4%] [32mBuilding C object CMakeFiles/interfaces__rosidl_generator_c.dir/rosidl_generator_c/interfaces/msg/detail/colors_info__type_support.c.o[0m
[  4%] [32mBuilding C object CMakeFiles/interfaces__rosidl_generator_c.dir/rosidl_generator_c/interfaces/msg/detail/line_roi__description.c.o[0m
[  5%] [32mBuilding C object CMakeFiles/interfaces__rosidl_generator_c.dir/rosidl_generator_c/interfaces/msg/detail/object_info__type_support.c.o[0m
[  5%] [32mBuilding C object CMakeFiles/interfaces__rosidl_generator_c.dir/rosidl_generator_c/interfaces/msg/detail/object_info__description.c.o[0m
[  5%] [32mBuilding C object CMakeFiles/interfaces__rosidl_generator_c.dir/rosidl_generator_c/interfaces/msg/detail/object_info__functions.c.o[0m
[  6%] [32mBuilding C object CMakeFiles/interfaces__rosidl_generator_c.dir/rosidl_generator_c/interfaces/msg/detail/line_roi__functions.c.o[0m
[  7%] [32mBuilding C object CMakeFiles/interfaces__rosidl_generator_c.dir/rosidl_generator_c/interfaces/msg/detail/objects_info__description.c.o[0m
[  5%] [32mBuilding C object CMakeFiles/interfaces__rosidl_generator_c.dir/rosidl_generator_c/interfaces/msg/detail/line_roi__type_support.c.o[0m
[  7%] [32mBuilding C object CMakeFiles/interfaces__rosidl_generator_c.dir/rosidl_generator_c/interfaces/msg/detail/objects_info__type_support.c.o[0m
[  7%] [32mBuilding C object CMakeFiles/interfaces__rosidl_generator_c.dir/rosidl_generator_c/interfaces/msg/detail/objects_info__functions.c.o[0m
[  7%] [32mBuilding C object CMakeFiles/interfaces__rosidl_generator_c.dir/rosidl_generator_c/interfaces/msg/detail/pixel_position__functions.c.o[0m
[  8%] [32mBuilding C object CMakeFiles/interfaces__rosidl_generator_c.dir/rosidl_generator_c/interfaces/msg/detail/pixel_position__description.c.o[0m
[  9%] [32mBuilding C object CMakeFiles/interfaces__rosidl_generator_c.dir/rosidl_generator_c/interfaces/msg/detail/pixel_position__type_support.c.o[0m
[  9%] [32mBuilding C object CMakeFiles/interfaces__rosidl_generator_c.dir/rosidl_generator_c/interfaces/msg/detail/point2_d__description.c.o[0m
[  9%] [32mBuilding C object CMakeFiles/interfaces__rosidl_generator_c.dir/rosidl_generator_c/interfaces/msg/detail/point2_d__functions.c.o[0m
[ 10%] [32mBuilding C object CMakeFiles/interfaces__rosidl_generator_c.dir/rosidl_generator_c/interfaces/msg/detail/point2_d__type_support.c.o[0m
[ 10%] [32mBuilding C object CMakeFiles/interfaces__rosidl_generator_c.dir/rosidl_generator_c/interfaces/msg/detail/points__functions.c.o[0m
[ 11%] [32mBuilding C object CMakeFiles/interfaces__rosidl_generator_c.dir/rosidl_generator_c/interfaces/msg/detail/points__type_support.c.o[0m
[ 11%] [32mBuilding C object CMakeFiles/interfaces__rosidl_generator_c.dir/rosidl_generator_c/interfaces/msg/detail/points__description.c.o[0m
[ 11%] [32mBuilding C object CMakeFiles/interfaces__rosidl_generator_c.dir/rosidl_generator_c/interfaces/msg/detail/pose2_d__description.c.o[0m
[ 11%] [32mBuilding C object CMakeFiles/interfaces__rosidl_generator_c.dir/rosidl_generator_c/interfaces/msg/detail/pose2_d__type_support.c.o[0m
[ 11%] [32mBuilding C object CMakeFiles/interfaces__rosidl_generator_c.dir/rosidl_generator_c/interfaces/msg/detail/roi__description.c.o[0m
[ 12%] [32mBuilding C object CMakeFiles/interfaces__rosidl_generator_c.dir/rosidl_generator_c/interfaces/msg/detail/pose2_d__functions.c.o[0m
[ 12%] [32mBuilding C object CMakeFiles/interfaces__rosidl_generator_c.dir/rosidl_generator_c/interfaces/msg/detail/roi__type_support.c.o[0m
[ 13%] [32mBuilding C object CMakeFiles/interfaces__rosidl_generator_c.dir/rosidl_generator_c/interfaces/msg/detail/roi__functions.c.o[0m
[ 14%] [32mBuilding C object CMakeFiles/interfaces__rosidl_generator_c.dir/rosidl_generator_c/interfaces/srv/detail/get_pose__description.c.o[0m
[ 14%] [32mBuilding C object CMakeFiles/interfaces__rosidl_generator_c.dir/rosidl_generator_c/interfaces/srv/detail/get_pose__type_support.c.o[0m
[ 15%] [32mBuilding C object CMakeFiles/interfaces__rosidl_generator_c.dir/rosidl_generator_c/interfaces/srv/detail/set_circle_roi__description.c.o[0m
[ 15%] [32mBuilding C object CMakeFiles/interfaces__rosidl_generator_c.dir/rosidl_generator_c/interfaces/srv/detail/get_pose__functions.c.o[0m
[ 15%] [32mBuilding C object CMakeFiles/interfaces__rosidl_generator_c.dir/rosidl_generator_c/interfaces/srv/detail/set_circle_roi__functions.c.o[0m
[ 15%] [32mBuilding C object CMakeFiles/interfaces__rosidl_generator_c.dir/rosidl_generator_c/interfaces/srv/detail/set_color_detect_param__functions.c.o[0m
[ 16%] [32mBuilding C object CMakeFiles/interfaces__rosidl_generator_c.dir/rosidl_generator_c/interfaces/srv/detail/set_color_detect_param__type_support.c.o[0m
[ 17%] [32mBuilding C object CMakeFiles/interfaces__rosidl_generator_c.dir/rosidl_generator_c/interfaces/srv/detail/set_color_detect_param__description.c.o[0m
[ 17%] [32mBuilding C object CMakeFiles/interfaces__rosidl_generator_c.dir/rosidl_generator_c/interfaces/srv/detail/set_circle_roi__type_support.c.o[0m
[ 17%] [32mBuilding C object CMakeFiles/interfaces__rosidl_generator_c.dir/rosidl_generator_c/interfaces/srv/detail/set_color_rgba__description.c.o[0m
[ 17%] [32mBuilding C object CMakeFiles/interfaces__rosidl_generator_c.dir/rosidl_generator_c/interfaces/srv/detail/set_color_rgba__functions.c.o[0m
[ 18%] [32mBuilding C object CMakeFiles/interfaces__rosidl_generator_c.dir/rosidl_generator_c/interfaces/srv/detail/set_color_rgba__type_support.c.o[0m
[ 18%] [32mBuilding C object CMakeFiles/interfaces__rosidl_generator_c.dir/rosidl_generator_c/interfaces/srv/detail/set_float64_list__description.c.o[0m
[ 18%] [32mBuilding C object CMakeFiles/interfaces__rosidl_generator_c.dir/rosidl_generator_c/interfaces/srv/detail/set_float64_list__functions.c.o[0m
[ 19%] [32mBuilding C object CMakeFiles/interfaces__rosidl_generator_c.dir/rosidl_generator_c/interfaces/srv/detail/set_float64_list__type_support.c.o[0m
[ 19%] [32mBuilding C object CMakeFiles/interfaces__rosidl_generator_c.dir/rosidl_generator_c/interfaces/srv/detail/set_float64__description.c.o[0m
[ 20%] [32mBuilding C object CMakeFiles/interfaces__rosidl_generator_c.dir/rosidl_generator_c/interfaces/srv/detail/set_float64__functions.c.o[0m
[ 20%] [32mBuilding C object CMakeFiles/interfaces__rosidl_generator_c.dir/rosidl_generator_c/interfaces/srv/detail/set_float64__type_support.c.o[0m
[ 20%] [32mBuilding C object CMakeFiles/interfaces__rosidl_generator_c.dir/rosidl_generator_c/interfaces/srv/detail/set_int64__description.c.o[0m
[ 21%] [32mBuilding C object CMakeFiles/interfaces__rosidl_generator_c.dir/rosidl_generator_c/interfaces/srv/detail/set_int64__functions.c.o[0m
[ 21%] [32mBuilding C object CMakeFiles/interfaces__rosidl_generator_c.dir/rosidl_generator_c/interfaces/srv/detail/set_int64__type_support.c.o[0m
[ 22%] [32mBuilding C object CMakeFiles/interfaces__rosidl_generator_c.dir/rosidl_generator_c/interfaces/srv/detail/set_line_roi__functions.c.o[0m
[ 22%] [32mBuilding C object CMakeFiles/interfaces__rosidl_generator_c.dir/rosidl_generator_c/interfaces/srv/detail/set_line_roi__description.c.o[0m
[ 22%] [32mBuilding C object CMakeFiles/interfaces__rosidl_generator_c.dir/rosidl_generator_c/interfaces/srv/detail/set_line_roi__type_support.c.o[0m
[ 23%] [32mBuilding C object CMakeFiles/interfaces__rosidl_generator_c.dir/rosidl_generator_c/interfaces/srv/detail/set_point__description.c.o[0m
[ 23%] [32mBuilding C object CMakeFiles/interfaces__rosidl_generator_c.dir/rosidl_generator_c/interfaces/srv/detail/set_point__functions.c.o[0m
[ 23%] [32mBuilding C object CMakeFiles/interfaces__rosidl_generator_c.dir/rosidl_generator_c/interfaces/srv/detail/set_point__type_support.c.o[0m
[ 23%] [32mBuilding C object CMakeFiles/interfaces__rosidl_generator_c.dir/rosidl_generator_c/interfaces/srv/detail/set_pose2_d__functions.c.o[0m
[ 24%] [32mBuilding C object CMakeFiles/interfaces__rosidl_generator_c.dir/rosidl_generator_c/interfaces/srv/detail/set_pose2_d__description.c.o[0m
[ 24%] [32mBuilding C object CMakeFiles/interfaces__rosidl_generator_c.dir/rosidl_generator_c/interfaces/srv/detail/set_pose__description.c.o[0m
[ 24%] [32mBuilding C object CMakeFiles/interfaces__rosidl_generator_c.dir/rosidl_generator_c/interfaces/srv/detail/set_pose__functions.c.o[0m
[ 25%] [32mBuilding C object CMakeFiles/interfaces__rosidl_generator_c.dir/rosidl_generator_c/interfaces/srv/detail/set_pose2_d__type_support.c.o[0m
[ 26%] [32mBuilding C object CMakeFiles/interfaces__rosidl_generator_c.dir/rosidl_generator_c/interfaces/srv/detail/set_pose__type_support.c.o[0m
[ 27%] [32mBuilding C object CMakeFiles/interfaces__rosidl_generator_c.dir/rosidl_generator_c/interfaces/srv/detail/set_string_list__type_support.c.o[0m
[ 27%] [32mBuilding C object CMakeFiles/interfaces__rosidl_generator_c.dir/rosidl_generator_c/interfaces/srv/detail/set_string_list__description.c.o[0m
[ 27%] [32mBuilding C object CMakeFiles/interfaces__rosidl_generator_c.dir/rosidl_generator_c/interfaces/srv/detail/set_string_list__functions.c.o[0m
[ 27%] [32mBuilding C object CMakeFiles/interfaces__rosidl_generator_c.dir/rosidl_generator_c/interfaces/srv/detail/set_string__description.c.o[0m
[ 27%] [32mBuilding C object CMakeFiles/interfaces__rosidl_generator_c.dir/rosidl_generator_c/interfaces/srv/detail/set_string__type_support.c.o[0m
[ 28%] [32mBuilding C object CMakeFiles/interfaces__rosidl_generator_c.dir/rosidl_generator_c/interfaces/srv/detail/set_string__functions.c.o[0m
[ 28%] [32m[1mLinking C shared library libinterfaces__rosidl_generator_c.so[0m
[ 28%] Built target interfaces__rosidl_generator_c
[ 28%] [34m[1mGenerating C++ type support dispatch for ROS interfaces[0m
[ 28%] [34m[1mGenerating C type support for eProsima Fast-RTPS[0m
[ 29%] [34m[1mGenerating C++ introspection for ROS interfaces[0m
[ 30%] [34m[1mGenerating C type support dispatch for ROS interfaces[0m
[ 30%] [34m[1mGenerating C++ type support for eProsima Fast-RTPS[0m
[ 30%] [34m[1mGenerating C introspection for ROS interfaces[0m
[ 30%] [32mBuilding CXX object CMakeFiles/interfaces__rosidl_typesupport_c.dir/rosidl_typesupport_c/interfaces/msg/color_detect__type_support.cpp.o[0m
[ 30%] [32mBuilding CXX object CMakeFiles/interfaces__rosidl_typesupport_c.dir/rosidl_typesupport_c/interfaces/msg/color_info__type_support.cpp.o[0m
[ 31%] [32mBuilding CXX object CMakeFiles/interfaces__rosidl_typesupport_c.dir/rosidl_typesupport_c/interfaces/msg/colors_info__type_support.cpp.o[0m
[ 31%] [32mBuilding CXX object CMakeFiles/interfaces__rosidl_typesupport_c.dir/rosidl_typesupport_c/interfaces/msg/line_roi__type_support.cpp.o[0m
[ 31%] [32mBuilding CXX object CMakeFiles/interfaces__rosidl_typesupport_c.dir/rosidl_typesupport_c/interfaces/msg/object_info__type_support.cpp.o[0m
[ 32%] [32mBuilding CXX object CMakeFiles/interfaces__rosidl_typesupport_cpp.dir/rosidl_typesupport_cpp/interfaces/msg/color_detect__type_support.cpp.o[0m
[ 33%] [32mBuilding CXX object CMakeFiles/interfaces__rosidl_typesupport_c.dir/rosidl_typesupport_c/interfaces/msg/objects_info__type_support.cpp.o[0m
[ 34%] [32mBuilding CXX object CMakeFiles/interfaces__rosidl_typesupport_cpp.dir/rosidl_typesupport_cpp/interfaces/msg/colors_info__type_support.cpp.o[0m
[ 34%] [32mBuilding CXX object CMakeFiles/interfaces__rosidl_typesupport_cpp.dir/rosidl_typesupport_cpp/interfaces/msg/color_info__type_support.cpp.o[0m
[ 35%] [32mBuilding CXX object CMakeFiles/interfaces__rosidl_typesupport_c.dir/rosidl_typesupport_c/interfaces/msg/point2_d__type_support.cpp.o[0m
[ 35%] [32mBuilding CXX object CMakeFiles/interfaces__rosidl_typesupport_c.dir/rosidl_typesupport_c/interfaces/msg/pixel_position__type_support.cpp.o[0m
[ 35%] [32mBuilding CXX object CMakeFiles/interfaces__rosidl_typesupport_c.dir/rosidl_typesupport_c/interfaces/msg/points__type_support.cpp.o[0m
[ 35%] [32mBuilding CXX object CMakeFiles/interfaces__rosidl_typesupport_c.dir/rosidl_typesupport_c/interfaces/msg/pose2_d__type_support.cpp.o[0m
[ 35%] [32mBuilding CXX object CMakeFiles/interfaces__rosidl_typesupport_cpp.dir/rosidl_typesupport_cpp/interfaces/msg/line_roi__type_support.cpp.o[0m
[ 36%] [32mBuilding CXX object CMakeFiles/interfaces__rosidl_typesupport_c.dir/rosidl_typesupport_c/interfaces/msg/roi__type_support.cpp.o[0m
[ 36%] [32mBuilding CXX object CMakeFiles/interfaces__rosidl_typesupport_c.dir/rosidl_typesupport_c/interfaces/srv/get_pose__type_support.cpp.o[0m
[ 37%] [32mBuilding CXX object CMakeFiles/interfaces__rosidl_typesupport_c.dir/rosidl_typesupport_c/interfaces/srv/set_color_detect_param__type_support.cpp.o[0m
[ 37%] [32mBuilding CXX object CMakeFiles/interfaces__rosidl_typesupport_c.dir/rosidl_typesupport_c/interfaces/srv/set_circle_roi__type_support.cpp.o[0m
[ 37%] [32mBuilding CXX object CMakeFiles/interfaces__rosidl_typesupport_c.dir/rosidl_typesupport_c/interfaces/srv/set_color_rgba__type_support.cpp.o[0m
[ 37%] [32mBuilding CXX object CMakeFiles/interfaces__rosidl_typesupport_cpp.dir/rosidl_typesupport_cpp/interfaces/msg/object_info__type_support.cpp.o[0m
[ 38%] [32mBuilding CXX object CMakeFiles/interfaces__rosidl_typesupport_c.dir/rosidl_typesupport_c/interfaces/srv/set_float64_list__type_support.cpp.o[0m
[ 38%] [32mBuilding CXX object CMakeFiles/interfaces__rosidl_typesupport_c.dir/rosidl_typesupport_c/interfaces/srv/set_int64__type_support.cpp.o[0m
[ 38%] [32mBuilding CXX object CMakeFiles/interfaces__rosidl_typesupport_c.dir/rosidl_typesupport_c/interfaces/srv/set_float64__type_support.cpp.o[0m
[ 39%] [32mBuilding CXX object CMakeFiles/interfaces__rosidl_typesupport_cpp.dir/rosidl_typesupport_cpp/interfaces/msg/objects_info__type_support.cpp.o[0m
[ 39%] [32mBuilding CXX object CMakeFiles/interfaces__rosidl_typesupport_cpp.dir/rosidl_typesupport_cpp/interfaces/msg/pixel_position__type_support.cpp.o[0m
[ 40%] [32mBuilding CXX object CMakeFiles/interfaces__rosidl_typesupport_c.dir/rosidl_typesupport_c/interfaces/srv/set_line_roi__type_support.cpp.o[0m
[ 40%] [32mBuilding CXX object CMakeFiles/interfaces__rosidl_typesupport_cpp.dir/rosidl_typesupport_cpp/interfaces/msg/point2_d__type_support.cpp.o[0m
[ 41%] [32mBuilding CXX object CMakeFiles/interfaces__rosidl_typesupport_cpp.dir/rosidl_typesupport_cpp/interfaces/msg/points__type_support.cpp.o[0m
[ 41%] [32mBuilding CXX object CMakeFiles/interfaces__rosidl_typesupport_c.dir/rosidl_typesupport_c/interfaces/srv/set_point__type_support.cpp.o[0m
[ 41%] [32mBuilding CXX object CMakeFiles/interfaces__rosidl_typesupport_cpp.dir/rosidl_typesupport_cpp/interfaces/msg/pose2_d__type_support.cpp.o[0m
[ 41%] [32mBuilding CXX object CMakeFiles/interfaces__rosidl_typesupport_c.dir/rosidl_typesupport_c/interfaces/srv/set_pose2_d__type_support.cpp.o[0m
[ 42%] [32mBuilding CXX object CMakeFiles/interfaces__rosidl_typesupport_c.dir/rosidl_typesupport_c/interfaces/srv/set_pose__type_support.cpp.o[0m
[ 42%] [32mBuilding CXX object CMakeFiles/interfaces__rosidl_typesupport_introspection_cpp.dir/rosidl_typesupport_introspection_cpp/interfaces/msg/detail/color_detect__type_support.cpp.o[0m
[ 42%] [32mBuilding CXX object CMakeFiles/interfaces__rosidl_typesupport_c.dir/rosidl_typesupport_c/interfaces/srv/set_string_list__type_support.cpp.o[0m
[ 43%] [32mBuilding CXX object CMakeFiles/interfaces__rosidl_typesupport_c.dir/rosidl_typesupport_c/interfaces/srv/set_string__type_support.cpp.o[0m
[ 44%] [32mBuilding CXX object CMakeFiles/interfaces__rosidl_typesupport_cpp.dir/rosidl_typesupport_cpp/interfaces/msg/roi__type_support.cpp.o[0m
[ 44%] [32m[1mLinking CXX shared library libinterfaces__rosidl_typesupport_c.so[0m
[ 45%] [32mBuilding CXX object CMakeFiles/interfaces__rosidl_typesupport_introspection_cpp.dir/rosidl_typesupport_introspection_cpp/interfaces/msg/detail/color_info__type_support.cpp.o[0m
[ 45%] [32mBuilding C object CMakeFiles/interfaces__rosidl_typesupport_introspection_c.dir/rosidl_typesupport_introspection_c/interfaces/msg/detail/color_detect__type_support.c.o[0m
[ 45%] Built target interfaces__rosidl_typesupport_c
[ 45%] [32mBuilding CXX object CMakeFiles/interfaces__rosidl_typesupport_introspection_cpp.dir/rosidl_typesupport_introspection_cpp/interfaces/msg/detail/colors_info__type_support.cpp.o[0m
[ 45%] [32mBuilding CXX object CMakeFiles/interfaces__rosidl_typesupport_cpp.dir/rosidl_typesupport_cpp/interfaces/srv/get_pose__type_support.cpp.o[0m
[ 46%] [32mBuilding C object CMakeFiles/interfaces__rosidl_typesupport_introspection_c.dir/rosidl_typesupport_introspection_c/interfaces/msg/detail/color_info__type_support.c.o[0m
[ 46%] [32mBuilding CXX object CMakeFiles/interfaces__rosidl_typesupport_cpp.dir/rosidl_typesupport_cpp/interfaces/srv/set_circle_roi__type_support.cpp.o[0m
[ 47%] [32mBuilding CXX object CMakeFiles/interfaces__rosidl_typesupport_cpp.dir/rosidl_typesupport_cpp/interfaces/srv/set_color_detect_param__type_support.cpp.o[0m
[ 47%] [32mBuilding C object CMakeFiles/interfaces__rosidl_typesupport_introspection_c.dir/rosidl_typesupport_introspection_c/interfaces/msg/detail/colors_info__type_support.c.o[0m
[ 47%] [32mBuilding C object CMakeFiles/interfaces__rosidl_typesupport_introspection_c.dir/rosidl_typesupport_introspection_c/interfaces/msg/detail/line_roi__type_support.c.o[0m
[ 47%] [32mBuilding CXX object CMakeFiles/interfaces__rosidl_typesupport_cpp.dir/rosidl_typesupport_cpp/interfaces/srv/set_color_rgba__type_support.cpp.o[0m
[ 48%] [32mBuilding C object CMakeFiles/interfaces__rosidl_typesupport_introspection_c.dir/rosidl_typesupport_introspection_c/interfaces/msg/detail/object_info__type_support.c.o[0m
[ 48%] [32mBuilding CXX object CMakeFiles/interfaces__rosidl_typesupport_cpp.dir/rosidl_typesupport_cpp/interfaces/srv/set_float64_list__type_support.cpp.o[0m
[ 48%] [32mBuilding C object CMakeFiles/interfaces__rosidl_typesupport_introspection_c.dir/rosidl_typesupport_introspection_c/interfaces/msg/detail/objects_info__type_support.c.o[0m
[ 48%] [32mBuilding CXX object CMakeFiles/interfaces__rosidl_typesupport_introspection_cpp.dir/rosidl_typesupport_introspection_cpp/interfaces/msg/detail/line_roi__type_support.cpp.o[0m
[ 49%] [32mBuilding C object CMakeFiles/interfaces__rosidl_typesupport_introspection_c.dir/rosidl_typesupport_introspection_c/interfaces/msg/detail/pixel_position__type_support.c.o[0m
[ 50%] [32mBuilding CXX object CMakeFiles/interfaces__rosidl_typesupport_introspection_cpp.dir/rosidl_typesupport_introspection_cpp/interfaces/msg/detail/object_info__type_support.cpp.o[0m
[ 50%] [32mBuilding C object CMakeFiles/interfaces__rosidl_typesupport_introspection_c.dir/rosidl_typesupport_introspection_c/interfaces/msg/detail/point2_d__type_support.c.o[0m
[ 51%] [32mBuilding CXX object CMakeFiles/interfaces__rosidl_typesupport_cpp.dir/rosidl_typesupport_cpp/interfaces/srv/set_float64__type_support.cpp.o[0m
[ 51%] [32mBuilding C object CMakeFiles/interfaces__rosidl_typesupport_introspection_c.dir/rosidl_typesupport_introspection_c/interfaces/msg/detail/points__type_support.c.o[0m
[ 51%] [32mBuilding CXX object CMakeFiles/interfaces__rosidl_typesupport_introspection_cpp.dir/rosidl_typesupport_introspection_cpp/interfaces/msg/detail/objects_info__type_support.cpp.o[0m
[ 51%] [32mBuilding CXX object CMakeFiles/interfaces__rosidl_typesupport_cpp.dir/rosidl_typesupport_cpp/interfaces/srv/set_int64__type_support.cpp.o[0m
[ 52%] [32mBuilding CXX object CMakeFiles/interfaces__rosidl_typesupport_cpp.dir/rosidl_typesupport_cpp/interfaces/srv/set_line_roi__type_support.cpp.o[0m
[ 53%] [32mBuilding C object CMakeFiles/interfaces__rosidl_typesupport_introspection_c.dir/rosidl_typesupport_introspection_c/interfaces/msg/detail/pose2_d__type_support.c.o[0m
[ 53%] [32mBuilding C object CMakeFiles/interfaces__rosidl_typesupport_introspection_c.dir/rosidl_typesupport_introspection_c/interfaces/msg/detail/roi__type_support.c.o[0m
[ 53%] [32mBuilding CXX object CMakeFiles/interfaces__rosidl_typesupport_introspection_cpp.dir/rosidl_typesupport_introspection_cpp/interfaces/msg/detail/pixel_position__type_support.cpp.o[0m
[ 53%] [32mBuilding C object CMakeFiles/interfaces__rosidl_typesupport_introspection_c.dir/rosidl_typesupport_introspection_c/interfaces/srv/detail/get_pose__type_support.c.o[0m
[ 54%] [32mBuilding CXX object CMakeFiles/interfaces__rosidl_typesupport_fastrtps_c.dir/rosidl_typesupport_fastrtps_c/interfaces/msg/detail/color_detect__type_support_c.cpp.o[0m
[ 55%] [32mBuilding C object CMakeFiles/interfaces__rosidl_typesupport_introspection_c.dir/rosidl_typesupport_introspection_c/interfaces/srv/detail/set_circle_roi__type_support.c.o[0m
[ 55%] [32mBuilding CXX object CMakeFiles/interfaces__rosidl_typesupport_fastrtps_cpp.dir/rosidl_typesupport_fastrtps_cpp/interfaces/msg/detail/dds_fastrtps/color_detect__type_support.cpp.o[0m
[ 55%] [32mBuilding C object CMakeFiles/interfaces__rosidl_typesupport_introspection_c.dir/rosidl_typesupport_introspection_c/interfaces/srv/detail/set_color_detect_param__type_support.c.o[0m
[ 56%] [32mBuilding C object CMakeFiles/interfaces__rosidl_typesupport_introspection_c.dir/rosidl_typesupport_introspection_c/interfaces/srv/detail/set_color_rgba__type_support.c.o[0m
[ 56%] [32mBuilding C object CMakeFiles/interfaces__rosidl_typesupport_introspection_c.dir/rosidl_typesupport_introspection_c/interfaces/srv/detail/set_float64_list__type_support.c.o[0m
[ 57%] [32mBuilding CXX object CMakeFiles/interfaces__rosidl_typesupport_introspection_cpp.dir/rosidl_typesupport_introspection_cpp/interfaces/msg/detail/point2_d__type_support.cpp.o[0m
[ 58%] [32mBuilding CXX object CMakeFiles/interfaces__rosidl_typesupport_fastrtps_cpp.dir/rosidl_typesupport_fastrtps_cpp/interfaces/msg/detail/dds_fastrtps/color_info__type_support.cpp.o[0m
[ 58%] [32mBuilding C object CMakeFiles/interfaces__rosidl_typesupport_introspection_c.dir/rosidl_typesupport_introspection_c/interfaces/srv/detail/set_float64__type_support.c.o[0m
[ 58%] [32mBuilding CXX object CMakeFiles/interfaces__rosidl_typesupport_fastrtps_cpp.dir/rosidl_typesupport_fastrtps_cpp/interfaces/msg/detail/dds_fastrtps/colors_info__type_support.cpp.o[0m
[ 59%] [32mBuilding C object CMakeFiles/interfaces__rosidl_typesupport_introspection_c.dir/rosidl_typesupport_introspection_c/interfaces/srv/detail/set_int64__type_support.c.o[0m
[ 59%] [32mBuilding CXX object CMakeFiles/interfaces__rosidl_typesupport_fastrtps_c.dir/rosidl_typesupport_fastrtps_c/interfaces/msg/detail/color_info__type_support_c.cpp.o[0m
[ 59%] [32mBuilding CXX object CMakeFiles/interfaces__rosidl_typesupport_cpp.dir/rosidl_typesupport_cpp/interfaces/srv/set_point__type_support.cpp.o[0m
[ 59%] [32mBuilding CXX object CMakeFiles/interfaces__rosidl_typesupport_introspection_cpp.dir/rosidl_typesupport_introspection_cpp/interfaces/msg/detail/points__type_support.cpp.o[0m
[ 59%] [32mBuilding C object CMakeFiles/interfaces__rosidl_typesupport_introspection_c.dir/rosidl_typesupport_introspection_c/interfaces/srv/detail/set_line_roi__type_support.c.o[0m
[ 60%] [32mBuilding CXX object CMakeFiles/interfaces__rosidl_typesupport_fastrtps_cpp.dir/rosidl_typesupport_fastrtps_cpp/interfaces/msg/detail/dds_fastrtps/line_roi__type_support.cpp.o[0m
[ 60%] [32mBuilding C object CMakeFiles/interfaces__rosidl_typesupport_introspection_c.dir/rosidl_typesupport_introspection_c/interfaces/srv/detail/set_point__type_support.c.o[0m
[ 60%] [32mBuilding CXX object CMakeFiles/interfaces__rosidl_typesupport_cpp.dir/rosidl_typesupport_cpp/interfaces/srv/set_pose2_d__type_support.cpp.o[0m
[ 61%] [32mBuilding C object CMakeFiles/interfaces__rosidl_typesupport_introspection_c.dir/rosidl_typesupport_introspection_c/interfaces/srv/detail/set_pose2_d__type_support.c.o[0m
[ 61%] [32mBuilding C object CMakeFiles/interfaces__rosidl_typesupport_introspection_c.dir/rosidl_typesupport_introspection_c/interfaces/srv/detail/set_pose__type_support.c.o[0m
[ 62%] [32mBuilding C object CMakeFiles/interfaces__rosidl_typesupport_introspection_c.dir/rosidl_typesupport_introspection_c/interfaces/srv/detail/set_string_list__type_support.c.o[0m
[ 62%] [32mBuilding CXX object CMakeFiles/interfaces__rosidl_typesupport_fastrtps_cpp.dir/rosidl_typesupport_fastrtps_cpp/interfaces/msg/detail/dds_fastrtps/object_info__type_support.cpp.o[0m
[ 62%] [32mBuilding CXX object CMakeFiles/interfaces__rosidl_typesupport_fastrtps_c.dir/rosidl_typesupport_fastrtps_c/interfaces/msg/detail/colors_info__type_support_c.cpp.o[0m
[ 62%] [32mBuilding C object CMakeFiles/interfaces__rosidl_typesupport_introspection_c.dir/rosidl_typesupport_introspection_c/interfaces/srv/detail/set_string__type_support.c.o[0m
[ 62%] [32mBuilding CXX object CMakeFiles/interfaces__rosidl_typesupport_fastrtps_cpp.dir/rosidl_typesupport_fastrtps_cpp/interfaces/msg/detail/dds_fastrtps/objects_info__type_support.cpp.o[0m
[ 62%] [32m[1mLinking C shared library libinterfaces__rosidl_typesupport_introspection_c.so[0m
[ 62%] Built target interfaces__rosidl_typesupport_introspection_c
[ 63%] [32mBuilding CXX object CMakeFiles/interfaces__rosidl_typesupport_cpp.dir/rosidl_typesupport_cpp/interfaces/srv/set_pose__type_support.cpp.o[0m
[ 64%] [32mBuilding CXX object CMakeFiles/interfaces__rosidl_typesupport_introspection_cpp.dir/rosidl_typesupport_introspection_cpp/interfaces/msg/detail/pose2_d__type_support.cpp.o[0m
[ 65%] [32mBuilding CXX object CMakeFiles/interfaces__rosidl_typesupport_fastrtps_c.dir/rosidl_typesupport_fastrtps_c/interfaces/msg/detail/line_roi__type_support_c.cpp.o[0m
[ 65%] [32mBuilding CXX object CMakeFiles/interfaces__rosidl_typesupport_cpp.dir/rosidl_typesupport_cpp/interfaces/srv/set_string_list__type_support.cpp.o[0m
[ 65%] [32mBuilding CXX object CMakeFiles/interfaces__rosidl_typesupport_fastrtps_c.dir/rosidl_typesupport_fastrtps_c/interfaces/msg/detail/object_info__type_support_c.cpp.o[0m
[ 66%] [32mBuilding CXX object CMakeFiles/interfaces__rosidl_typesupport_fastrtps_cpp.dir/rosidl_typesupport_fastrtps_cpp/interfaces/msg/detail/dds_fastrtps/pixel_position__type_support.cpp.o[0m
[ 66%] [32mBuilding CXX object CMakeFiles/interfaces__rosidl_typesupport_introspection_cpp.dir/rosidl_typesupport_introspection_cpp/interfaces/msg/detail/roi__type_support.cpp.o[0m
[ 66%] [32mBuilding CXX object CMakeFiles/interfaces__rosidl_typesupport_fastrtps_c.dir/rosidl_typesupport_fastrtps_c/interfaces/msg/detail/objects_info__type_support_c.cpp.o[0m
[ 66%] [32mBuilding CXX object CMakeFiles/interfaces__rosidl_typesupport_cpp.dir/rosidl_typesupport_cpp/interfaces/srv/set_string__type_support.cpp.o[0m
[ 66%] [32mBuilding CXX object CMakeFiles/interfaces__rosidl_typesupport_introspection_cpp.dir/rosidl_typesupport_introspection_cpp/interfaces/srv/detail/get_pose__type_support.cpp.o[0m
[ 67%] [32mBuilding CXX object CMakeFiles/interfaces__rosidl_typesupport_fastrtps_c.dir/rosidl_typesupport_fastrtps_c/interfaces/msg/detail/pixel_position__type_support_c.cpp.o[0m
[ 68%] [32mBuilding CXX object CMakeFiles/interfaces__rosidl_typesupport_introspection_cpp.dir/rosidl_typesupport_introspection_cpp/interfaces/srv/detail/set_circle_roi__type_support.cpp.o[0m
[ 68%] [32mBuilding CXX object CMakeFiles/interfaces__rosidl_typesupport_fastrtps_cpp.dir/rosidl_typesupport_fastrtps_cpp/interfaces/msg/detail/dds_fastrtps/point2_d__type_support.cpp.o[0m
[ 68%] [32mBuilding CXX object CMakeFiles/interfaces__rosidl_typesupport_fastrtps_c.dir/rosidl_typesupport_fastrtps_c/interfaces/msg/detail/point2_d__type_support_c.cpp.o[0m
[ 68%] [32mBuilding CXX object CMakeFiles/interfaces__rosidl_typesupport_introspection_cpp.dir/rosidl_typesupport_introspection_cpp/interfaces/srv/detail/set_color_detect_param__type_support.cpp.o[0m
[ 69%] [32mBuilding CXX object CMakeFiles/interfaces__rosidl_typesupport_fastrtps_c.dir/rosidl_typesupport_fastrtps_c/interfaces/msg/detail/points__type_support_c.cpp.o[0m
[ 69%] [32mBuilding CXX object CMakeFiles/interfaces__rosidl_typesupport_fastrtps_c.dir/rosidl_typesupport_fastrtps_c/interfaces/msg/detail/pose2_d__type_support_c.cpp.o[0m
[ 69%] [32mBuilding CXX object CMakeFiles/interfaces__rosidl_typesupport_fastrtps_c.dir/rosidl_typesupport_fastrtps_c/interfaces/msg/detail/roi__type_support_c.cpp.o[0m
[ 70%] [32m[1mLinking CXX shared library libinterfaces__rosidl_typesupport_cpp.so[0m
[ 70%] [32mBuilding CXX object CMakeFiles/interfaces__rosidl_typesupport_introspection_cpp.dir/rosidl_typesupport_introspection_cpp/interfaces/srv/detail/set_color_rgba__type_support.cpp.o[0m
[ 70%] Built target interfaces__rosidl_typesupport_cpp
[ 70%] [32mBuilding CXX object CMakeFiles/interfaces__rosidl_typesupport_fastrtps_cpp.dir/rosidl_typesupport_fastrtps_cpp/interfaces/msg/detail/dds_fastrtps/points__type_support.cpp.o[0m
[ 71%] [32mBuilding CXX object CMakeFiles/interfaces__rosidl_typesupport_fastrtps_c.dir/rosidl_typesupport_fastrtps_c/interfaces/srv/detail/get_pose__type_support_c.cpp.o[0m
[ 72%] [32mBuilding CXX object CMakeFiles/interfaces__rosidl_typesupport_introspection_cpp.dir/rosidl_typesupport_introspection_cpp/interfaces/srv/detail/set_float64_list__type_support.cpp.o[0m
[ 72%] [32mBuilding CXX object CMakeFiles/interfaces__rosidl_typesupport_fastrtps_c.dir/rosidl_typesupport_fastrtps_c/interfaces/srv/detail/set_circle_roi__type_support_c.cpp.o[0m
[ 73%] [32mBuilding CXX object CMakeFiles/interfaces__rosidl_typesupport_fastrtps_c.dir/rosidl_typesupport_fastrtps_c/interfaces/srv/detail/set_color_detect_param__type_support_c.cpp.o[0m
[ 74%] [32mBuilding CXX object CMakeFiles/interfaces__rosidl_typesupport_fastrtps_cpp.dir/rosidl_typesupport_fastrtps_cpp/interfaces/msg/detail/dds_fastrtps/pose2_d__type_support.cpp.o[0m
[ 74%] [32mBuilding CXX object CMakeFiles/interfaces__rosidl_typesupport_fastrtps_c.dir/rosidl_typesupport_fastrtps_c/interfaces/srv/detail/set_color_rgba__type_support_c.cpp.o[0m
[ 74%] [32mBuilding CXX object CMakeFiles/interfaces__rosidl_typesupport_introspection_cpp.dir/rosidl_typesupport_introspection_cpp/interfaces/srv/detail/set_float64__type_support.cpp.o[0m
[ 75%] [32mBuilding CXX object CMakeFiles/interfaces__rosidl_typesupport_introspection_cpp.dir/rosidl_typesupport_introspection_cpp/interfaces/srv/detail/set_int64__type_support.cpp.o[0m
[ 75%] [32mBuilding CXX object CMakeFiles/interfaces__rosidl_typesupport_introspection_cpp.dir/rosidl_typesupport_introspection_cpp/interfaces/srv/detail/set_line_roi__type_support.cpp.o[0m
[ 75%] [32mBuilding CXX object CMakeFiles/interfaces__rosidl_typesupport_fastrtps_cpp.dir/rosidl_typesupport_fastrtps_cpp/interfaces/msg/detail/dds_fastrtps/roi__type_support.cpp.o[0m
[ 75%] [32mBuilding CXX object CMakeFiles/interfaces__rosidl_typesupport_fastrtps_c.dir/rosidl_typesupport_fastrtps_c/interfaces/srv/detail/set_float64_list__type_support_c.cpp.o[0m
[ 75%] [32mBuilding CXX object CMakeFiles/interfaces__rosidl_typesupport_introspection_cpp.dir/rosidl_typesupport_introspection_cpp/interfaces/srv/detail/set_point__type_support.cpp.o[0m
[ 76%] [32mBuilding CXX object CMakeFiles/interfaces__rosidl_typesupport_fastrtps_c.dir/rosidl_typesupport_fastrtps_c/interfaces/srv/detail/set_float64__type_support_c.cpp.o[0m
[ 77%] [32mBuilding CXX object CMakeFiles/interfaces__rosidl_typesupport_fastrtps_cpp.dir/rosidl_typesupport_fastrtps_cpp/interfaces/srv/detail/dds_fastrtps/get_pose__type_support.cpp.o[0m
[ 78%] [32mBuilding CXX object CMakeFiles/interfaces__rosidl_typesupport_introspection_cpp.dir/rosidl_typesupport_introspection_cpp/interfaces/srv/detail/set_pose2_d__type_support.cpp.o[0m
[ 78%] [32mBuilding CXX object CMakeFiles/interfaces__rosidl_typesupport_fastrtps_c.dir/rosidl_typesupport_fastrtps_c/interfaces/srv/detail/set_int64__type_support_c.cpp.o[0m
[ 78%] [32mBuilding CXX object CMakeFiles/interfaces__rosidl_typesupport_fastrtps_cpp.dir/rosidl_typesupport_fastrtps_cpp/interfaces/srv/detail/dds_fastrtps/set_circle_roi__type_support.cpp.o[0m
[ 78%] [32mBuilding CXX object CMakeFiles/interfaces__rosidl_typesupport_fastrtps_c.dir/rosidl_typesupport_fastrtps_c/interfaces/srv/detail/set_line_roi__type_support_c.cpp.o[0m
[ 78%] [32mBuilding CXX object CMakeFiles/interfaces__rosidl_typesupport_fastrtps_cpp.dir/rosidl_typesupport_fastrtps_cpp/interfaces/srv/detail/dds_fastrtps/set_color_detect_param__type_support.cpp.o[0m
[ 79%] [32mBuilding CXX object CMakeFiles/interfaces__rosidl_typesupport_fastrtps_cpp.dir/rosidl_typesupport_fastrtps_cpp/interfaces/srv/detail/dds_fastrtps/set_color_rgba__type_support.cpp.o[0m
[ 79%] [32mBuilding CXX object CMakeFiles/interfaces__rosidl_typesupport_fastrtps_cpp.dir/rosidl_typesupport_fastrtps_cpp/interfaces/srv/detail/dds_fastrtps/set_float64_list__type_support.cpp.o[0m
[ 79%] [32mBuilding CXX object CMakeFiles/interfaces__rosidl_typesupport_introspection_cpp.dir/rosidl_typesupport_introspection_cpp/interfaces/srv/detail/set_pose__type_support.cpp.o[0m
[ 79%] [32mBuilding CXX object CMakeFiles/interfaces__rosidl_typesupport_introspection_cpp.dir/rosidl_typesupport_introspection_cpp/interfaces/srv/detail/set_string_list__type_support.cpp.o[0m
[ 80%] [32mBuilding CXX object CMakeFiles/interfaces__rosidl_typesupport_fastrtps_c.dir/rosidl_typesupport_fastrtps_c/interfaces/srv/detail/set_point__type_support_c.cpp.o[0m
[ 81%] [32mBuilding CXX object CMakeFiles/interfaces__rosidl_typesupport_introspection_cpp.dir/rosidl_typesupport_introspection_cpp/interfaces/srv/detail/set_string__type_support.cpp.o[0m
[ 81%] [32mBuilding CXX object CMakeFiles/interfaces__rosidl_typesupport_fastrtps_c.dir/rosidl_typesupport_fastrtps_c/interfaces/srv/detail/set_pose2_d__type_support_c.cpp.o[0m
[ 82%] [32mBuilding CXX object CMakeFiles/interfaces__rosidl_typesupport_fastrtps_c.dir/rosidl_typesupport_fastrtps_c/interfaces/srv/detail/set_pose__type_support_c.cpp.o[0m
[ 83%] [32mBuilding CXX object CMakeFiles/interfaces__rosidl_typesupport_fastrtps_cpp.dir/rosidl_typesupport_fastrtps_cpp/interfaces/srv/detail/dds_fastrtps/set_float64__type_support.cpp.o[0m
[ 83%] [32mBuilding CXX object CMakeFiles/interfaces__rosidl_typesupport_fastrtps_c.dir/rosidl_typesupport_fastrtps_c/interfaces/srv/detail/set_string_list__type_support_c.cpp.o[0m
[ 83%] [32mBuilding CXX object CMakeFiles/interfaces__rosidl_typesupport_fastrtps_cpp.dir/rosidl_typesupport_fastrtps_cpp/interfaces/srv/detail/dds_fastrtps/set_int64__type_support.cpp.o[0m
[ 83%] [32mBuilding CXX object CMakeFiles/interfaces__rosidl_typesupport_fastrtps_c.dir/rosidl_typesupport_fastrtps_c/interfaces/srv/detail/set_string__type_support_c.cpp.o[0m
[ 83%] [32mBuilding CXX object CMakeFiles/interfaces__rosidl_typesupport_fastrtps_cpp.dir/rosidl_typesupport_fastrtps_cpp/interfaces/srv/detail/dds_fastrtps/set_line_roi__type_support.cpp.o[0m
[ 84%] [32mBuilding CXX object CMakeFiles/interfaces__rosidl_typesupport_fastrtps_cpp.dir/rosidl_typesupport_fastrtps_cpp/interfaces/srv/detail/dds_fastrtps/set_point__type_support.cpp.o[0m
[ 84%] [32m[1mLinking CXX shared library libinterfaces__rosidl_typesupport_introspection_cpp.so[0m
[ 84%] [32mBuilding CXX object CMakeFiles/interfaces__rosidl_typesupport_fastrtps_cpp.dir/rosidl_typesupport_fastrtps_cpp/interfaces/srv/detail/dds_fastrtps/set_pose2_d__type_support.cpp.o[0m
[ 84%] [32mBuilding CXX object CMakeFiles/interfaces__rosidl_typesupport_fastrtps_cpp.dir/rosidl_typesupport_fastrtps_cpp/interfaces/srv/detail/dds_fastrtps/set_pose__type_support.cpp.o[0m
[ 85%] [32mBuilding CXX object CMakeFiles/interfaces__rosidl_typesupport_fastrtps_cpp.dir/rosidl_typesupport_fastrtps_cpp/interfaces/srv/detail/dds_fastrtps/set_string_list__type_support.cpp.o[0m
[ 85%] Built target interfaces__rosidl_typesupport_introspection_cpp
[ 85%] [32mBuilding CXX object CMakeFiles/interfaces__rosidl_typesupport_fastrtps_cpp.dir/rosidl_typesupport_fastrtps_cpp/interfaces/srv/detail/dds_fastrtps/set_string__type_support.cpp.o[0m
[ 86%] [32m[1mLinking CXX shared library libinterfaces__rosidl_typesupport_fastrtps_c.so[0m
[ 86%] Built target interfaces__rosidl_typesupport_fastrtps_c
[ 87%] [32m[1mLinking CXX shared library libinterfaces__rosidl_typesupport_fastrtps_cpp.so[0m
[ 87%] Built target interfaces__rosidl_typesupport_fastrtps_cpp
[ 87%] Built target interfaces
[ 87%] [34m[1mGenerating Python code for ROS interfaces[0m
[ 87%] Built target interfaces__py
[ 88%] [32mBuilding C object CMakeFiles/interfaces__rosidl_generator_py.dir/rosidl_generator_py/interfaces/msg/_line_roi_s.c.o[0m
[ 90%] [32mBuilding C object CMakeFiles/interfaces__rosidl_generator_py.dir/rosidl_generator_py/interfaces/msg/_object_info_s.c.o[0m
[ 90%] [32mBuilding C object CMakeFiles/interfaces__rosidl_generator_py.dir/rosidl_generator_py/interfaces/msg/_objects_info_s.c.o[0m
[ 89%] [32mBuilding C object CMakeFiles/interfaces__rosidl_generator_py.dir/rosidl_generator_py/interfaces/msg/_color_info_s.c.o[0m
[ 90%] [32mBuilding C object CMakeFiles/interfaces__rosidl_generator_py.dir/rosidl_generator_py/interfaces/msg/_pixel_position_s.c.o[0m
[ 90%] [32mBuilding C object CMakeFiles/interfaces__rosidl_generator_py.dir/rosidl_generator_py/interfaces/msg/_point2_d_s.c.o[0m
[ 89%] [32mBuilding C object CMakeFiles/interfaces__rosidl_generator_py.dir/rosidl_generator_py/interfaces/msg/_color_detect_s.c.o[0m
[ 89%] [32mBuilding C object CMakeFiles/interfaces__rosidl_generator_py.dir/rosidl_generator_py/interfaces/msg/_colors_info_s.c.o[0m
[ 91%] [32mBuilding C object CMakeFiles/interfaces__rosidl_generator_py.dir/rosidl_generator_py/interfaces/msg/_points_s.c.o[0m
[ 91%] [32mBuilding C object CMakeFiles/interfaces__rosidl_generator_py.dir/rosidl_generator_py/interfaces/msg/_pose2_d_s.c.o[0m
[ 91%] [32mBuilding C object CMakeFiles/interfaces__rosidl_generator_py.dir/rosidl_generator_py/interfaces/srv/_set_color_rgba_s.c.o[0m
[ 91%] [32mBuilding C object CMakeFiles/interfaces__rosidl_generator_py.dir/rosidl_generator_py/interfaces/srv/_set_float64_list_s.c.o[0m
[ 92%] [32mBuilding C object CMakeFiles/interfaces__rosidl_generator_py.dir/rosidl_generator_py/interfaces/srv/_set_float64_s.c.o[0m
[ 92%] [32mBuilding C object CMakeFiles/interfaces__rosidl_generator_py.dir/rosidl_generator_py/interfaces/srv/_set_int64_s.c.o[0m
[ 92%] [32mBuilding C object CMakeFiles/interfaces__rosidl_generator_py.dir/rosidl_generator_py/interfaces/msg/_roi_s.c.o[0m
[ 93%] [32mBuilding C object CMakeFiles/interfaces__rosidl_generator_py.dir/rosidl_generator_py/interfaces/srv/_get_pose_s.c.o[0m
[ 91%] [32mBuilding C object CMakeFiles/interfaces__rosidl_generator_py.dir/rosidl_generator_py/interfaces/srv/_set_circle_roi_s.c.o[0m
[ 94%] [32mBuilding C object CMakeFiles/interfaces__rosidl_generator_py.dir/rosidl_generator_py/interfaces/srv/_set_point_s.c.o[0m
[ 95%] [32mBuilding C object CMakeFiles/interfaces__rosidl_generator_py.dir/rosidl_generator_py/interfaces/srv/_set_color_detect_param_s.c.o[0m
[ 95%] [32mBuilding C object CMakeFiles/interfaces__rosidl_generator_py.dir/rosidl_generator_py/interfaces/srv/_set_line_roi_s.c.o[0m
[ 95%] [32mBuilding C object CMakeFiles/interfaces__rosidl_generator_py.dir/rosidl_generator_py/interfaces/srv/_set_pose2_d_s.c.o[0m
[ 95%] [32mBuilding C object CMakeFiles/interfaces__rosidl_generator_py.dir/rosidl_generator_py/interfaces/srv/_set_string_s.c.o[0m
[ 96%] [32mBuilding C object CMakeFiles/interfaces__rosidl_generator_py.dir/rosidl_generator_py/interfaces/srv/_set_pose_s.c.o[0m
[ 96%] [32mBuilding C object CMakeFiles/interfaces__rosidl_generator_py.dir/rosidl_generator_py/interfaces/srv/_set_string_list_s.c.o[0m
[ 97%] [32m[1mLinking C shared library libinterfaces__rosidl_generator_py.so[0m
[ 97%] Built target interfaces__rosidl_generator_py
[ 97%] [32mBuilding C object CMakeFiles/interfaces_s__rosidl_typesupport_introspection_c.dir/rosidl_generator_py/interfaces/_interfaces_s.ep.rosidl_typesupport_introspection_c.c.o[0m
[ 97%] [32mBuilding C object CMakeFiles/interfaces_s__rosidl_typesupport_fastrtps_c.dir/rosidl_generator_py/interfaces/_interfaces_s.ep.rosidl_typesupport_fastrtps_c.c.o[0m
[ 98%] [32mBuilding C object CMakeFiles/interfaces_s__rosidl_typesupport_c.dir/rosidl_generator_py/interfaces/_interfaces_s.ep.rosidl_typesupport_c.c.o[0m
[ 99%] [32m[1mLinking C shared module rosidl_generator_py/interfaces/interfaces_s__rosidl_typesupport_c.so[0m
[ 99%] [32m[1mLinking C shared module rosidl_generator_py/interfaces/interfaces_s__rosidl_typesupport_fastrtps_c.so[0m
[100%] [32m[1mLinking C shared module rosidl_generator_py/interfaces/interfaces_s__rosidl_typesupport_introspection_c.so[0m
[100%] Built target interfaces_s__rosidl_typesupport_c
[100%] Built target interfaces_s__rosidl_typesupport_introspection_c
[100%] Built target interfaces_s__rosidl_typesupport_fastrtps_c
-- Install configuration: ""
-- Execute custom install script
-- Symlinking: /home/intel/repo/d021rs-yolov5-ros2-subscription-node-limitationuk/install/interfaces/share/ament_index/resource_index/rosidl_interfaces/interfaces
-- Symlinking: /home/intel/repo/d021rs-yolov5-ros2-subscription-node-limitationuk/install/interfaces/share/interfaces/msg/ColorDetect.json
-- Symlinking: /home/intel/repo/d021rs-yolov5-ros2-subscription-node-limitationuk/install/interfaces/share/interfaces/msg/ColorInfo.json
-- Symlinking: /home/intel/repo/d021rs-yolov5-ros2-subscription-node-limitationuk/install/interfaces/share/interfaces/msg/ColorsInfo.json
-- Symlinking: /home/intel/repo/d021rs-yolov5-ros2-subscription-node-limitationuk/install/interfaces/share/interfaces/msg/LineROI.json
-- Symlinking: /home/intel/repo/d021rs-yolov5-ros2-subscription-node-limitationuk/install/interfaces/share/interfaces/msg/ObjectInfo.json
-- Symlinking: /home/intel/repo/d021rs-yolov5-ros2-subscription-node-limitationuk/install/interfaces/share/interfaces/msg/ObjectsInfo.json
-- Symlinking: /home/intel/repo/d021rs-yolov5-ros2-subscription-node-limitationuk/install/interfaces/share/interfaces/msg/PixelPosition.json
-- Symlinking: /home/intel/repo/d021rs-yolov5-ros2-subscription-node-limitationuk/install/interfaces/share/interfaces/msg/Point2D.json
-- Symlinking: /home/intel/repo/d021rs-yolov5-ros2-subscription-node-limitationuk/install/interfaces/share/interfaces/msg/Points.json
-- Symlinking: /home/intel/repo/d021rs-yolov5-ros2-subscription-node-limitationuk/install/interfaces/share/interfaces/msg/Pose2D.json
-- Symlinking: /home/intel/repo/d021rs-yolov5-ros2-subscription-node-limitationuk/install/interfaces/share/interfaces/msg/ROI.json
-- Symlinking: /home/intel/repo/d021rs-yolov5-ros2-subscription-node-limitationuk/install/interfaces/share/interfaces/srv/GetPose.json
-- Symlinking: /home/intel/repo/d021rs-yolov5-ros2-subscription-node-limitationuk/install/interfaces/share/interfaces/srv/SetCircleROI.json
-- Symlinking: /home/intel/repo/d021rs-yolov5-ros2-subscription-node-limitationuk/install/interfaces/share/interfaces/srv/SetColorDetectParam.json
-- Symlinking: /home/intel/repo/d021rs-yolov5-ros2-subscription-node-limitationuk/install/interfaces/share/interfaces/srv/SetColorRGBA.json
-- Symlinking: /home/intel/repo/d021rs-yolov5-ros2-subscription-node-limitationuk/install/interfaces/share/interfaces/srv/SetFloat64List.json
-- Symlinking: /home/intel/repo/d021rs-yolov5-ros2-subscription-node-limitationuk/install/interfaces/share/interfaces/srv/SetFloat64.json
-- Symlinking: /home/intel/repo/d021rs-yolov5-ros2-subscription-node-limitationuk/install/interfaces/share/interfaces/srv/SetInt64.json
-- Symlinking: /home/intel/repo/d021rs-yolov5-ros2-subscription-node-limitationuk/install/interfaces/share/interfaces/srv/SetLineROI.json
-- Symlinking: /home/intel/repo/d021rs-yolov5-ros2-subscription-node-limitationuk/install/interfaces/share/interfaces/srv/SetPoint.json
-- Symlinking: /home/intel/repo/d021rs-yolov5-ros2-subscription-node-limitationuk/install/interfaces/share/interfaces/srv/SetPose2D.json
-- Symlinking: /home/intel/repo/d021rs-yolov5-ros2-subscription-node-limitationuk/install/interfaces/share/interfaces/srv/SetPose.json
-- Symlinking: /home/intel/repo/d021rs-yolov5-ros2-subscription-node-limitationuk/install/interfaces/share/interfaces/srv/SetStringList.json
-- Symlinking: /home/intel/repo/d021rs-yolov5-ros2-subscription-node-limitationuk/install/interfaces/share/interfaces/srv/SetString.json
-- Symlinking: /home/intel/repo/d021rs-yolov5-ros2-subscription-node-limitationuk/install/interfaces/include/interfaces/interfaces/msg/color_detect.h
-- Symlinking: /home/intel/repo/d021rs-yolov5-ros2-subscription-node-limitationuk/install/interfaces/include/interfaces/interfaces/msg/color_info.h
-- Symlinking: /home/intel/repo/d021rs-yolov5-ros2-subscription-node-limitationuk/install/interfaces/include/interfaces/interfaces/msg/colors_info.h
-- Symlinking: /home/intel/repo/d021rs-yolov5-ros2-subscription-node-limitationuk/install/interfaces/include/interfaces/interfaces/msg/detail/color_detect__functions.h
-- Symlinking: /home/intel/repo/d021rs-yolov5-ros2-subscription-node-limitationuk/install/interfaces/include/interfaces/interfaces/msg/detail/color_detect__struct.h
-- Symlinking: /home/intel/repo/d021rs-yolov5-ros2-subscription-node-limitationuk/install/interfaces/include/interfaces/interfaces/msg/detail/color_detect__type_support.h
-- Symlinking: /home/intel/repo/d021rs-yolov5-ros2-subscription-node-limitationuk/install/interfaces/include/interfaces/interfaces/msg/detail/color_info__functions.h
-- Symlinking: /home/intel/repo/d021rs-yolov5-ros2-subscription-node-limitationuk/install/interfaces/include/interfaces/interfaces/msg/detail/color_info__struct.h
-- Symlinking: /home/intel/repo/d021rs-yolov5-ros2-subscription-node-limitationuk/install/interfaces/include/interfaces/interfaces/msg/detail/color_info__type_support.h
-- Symlinking: /home/intel/repo/d021rs-yolov5-ros2-subscription-node-limitationuk/install/interfaces/include/interfaces/interfaces/msg/detail/colors_info__functions.h
-- Symlinking: /home/intel/repo/d021rs-yolov5-ros2-subscription-node-limitationuk/install/interfaces/include/interfaces/interfaces/msg/detail/colors_info__struct.h
-- Symlinking: /home/intel/repo/d021rs-yolov5-ros2-subscription-node-limitationuk/install/interfaces/include/interfaces/interfaces/msg/detail/colors_info__type_support.h
-- Symlinking: /home/intel/repo/d021rs-yolov5-ros2-subscription-node-limitationuk/install/interfaces/include/interfaces/interfaces/msg/detail/line_roi__functions.h
-- Symlinking: /home/intel/repo/d021rs-yolov5-ros2-subscription-node-limitationuk/install/interfaces/include/interfaces/interfaces/msg/detail/line_roi__struct.h
-- Symlinking: /home/intel/repo/d021rs-yolov5-ros2-subscription-node-limitationuk/install/interfaces/include/interfaces/interfaces/msg/detail/line_roi__type_support.h
-- Symlinking: /home/intel/repo/d021rs-yolov5-ros2-subscription-node-limitationuk/install/interfaces/include/interfaces/interfaces/msg/detail/object_info__functions.h
-- Symlinking: /home/intel/repo/d021rs-yolov5-ros2-subscription-node-limitationuk/install/interfaces/include/interfaces/interfaces/msg/detail/object_info__struct.h
-- Symlinking: /home/intel/repo/d021rs-yolov5-ros2-subscription-node-limitationuk/install/interfaces/include/interfaces/interfaces/msg/detail/object_info__type_support.h
-- Symlinking: /home/intel/repo/d021rs-yolov5-ros2-subscription-node-limitationuk/install/interfaces/include/interfaces/interfaces/msg/detail/objects_info__functions.h
-- Symlinking: /home/intel/repo/d021rs-yolov5-ros2-subscription-node-limitationuk/install/interfaces/include/interfaces/interfaces/msg/detail/objects_info__struct.h
-- Symlinking: /home/intel/repo/d021rs-yolov5-ros2-subscription-node-limitationuk/install/interfaces/include/interfaces/interfaces/msg/detail/objects_info__type_support.h
-- Symlinking: /home/intel/repo/d021rs-yolov5-ros2-subscription-node-limitationuk/install/interfaces/include/interfaces/interfaces/msg/detail/pixel_position__functions.h
-- Symlinking: /home/intel/repo/d021rs-yolov5-ros2-subscription-node-limitationuk/install/interfaces/include/interfaces/interfaces/msg/detail/pixel_position__struct.h
-- Symlinking: /home/intel/repo/d021rs-yolov5-ros2-subscription-node-limitationuk/install/interfaces/include/interfaces/interfaces/msg/detail/pixel_position__type_support.h
-- Symlinking: /home/intel/repo/d021rs-yolov5-ros2-subscription-node-limitationuk/install/interfaces/include/interfaces/interfaces/msg/detail/point2_d__functions.h
-- Symlinking: /home/intel/repo/d021rs-yolov5-ros2-subscription-node-limitationuk/install/interfaces/include/interfaces/interfaces/msg/detail/point2_d__struct.h
-- Symlinking: /home/intel/repo/d021rs-yolov5-ros2-subscription-node-limitationuk/install/interfaces/include/interfaces/interfaces/msg/detail/point2_d__type_support.h
-- Symlinking: /home/intel/repo/d021rs-yolov5-ros2-subscription-node-limitationuk/install/interfaces/include/interfaces/interfaces/msg/detail/points__functions.h
-- Symlinking: /home/intel/repo/d021rs-yolov5-ros2-subscription-node-limitationuk/install/interfaces/include/interfaces/interfaces/msg/detail/points__struct.h
-- Symlinking: /home/intel/repo/d021rs-yolov5-ros2-subscription-node-limitationuk/install/interfaces/include/interfaces/interfaces/msg/detail/points__type_support.h
-- Symlinking: /home/intel/repo/d021rs-yolov5-ros2-subscription-node-limitationuk/install/interfaces/include/interfaces/interfaces/msg/detail/pose2_d__functions.h
-- Symlinking: /home/intel/repo/d021rs-yolov5-ros2-subscription-node-limitationuk/install/interfaces/include/interfaces/interfaces/msg/detail/pose2_d__struct.h
-- Symlinking: /home/intel/repo/d021rs-yolov5-ros2-subscription-node-limitationuk/install/interfaces/include/interfaces/interfaces/msg/detail/pose2_d__type_support.h
-- Symlinking: /home/intel/repo/d021rs-yolov5-ros2-subscription-node-limitationuk/install/interfaces/include/interfaces/interfaces/msg/detail/roi__functions.h
-- Symlinking: /home/intel/repo/d021rs-yolov5-ros2-subscription-node-limitationuk/install/interfaces/include/interfaces/interfaces/msg/detail/roi__struct.h
-- Symlinking: /home/intel/repo/d021rs-yolov5-ros2-subscription-node-limitationuk/install/interfaces/include/interfaces/interfaces/msg/detail/roi__type_support.h
-- Symlinking: /home/intel/repo/d021rs-yolov5-ros2-subscription-node-limitationuk/install/interfaces/include/interfaces/interfaces/msg/line_roi.h
-- Symlinking: /home/intel/repo/d021rs-yolov5-ros2-subscription-node-limitationuk/install/interfaces/include/interfaces/interfaces/msg/object_info.h
-- Symlinking: /home/intel/repo/d021rs-yolov5-ros2-subscription-node-limitationuk/install/interfaces/include/interfaces/interfaces/msg/objects_info.h
-- Symlinking: /home/intel/repo/d021rs-yolov5-ros2-subscription-node-limitationuk/install/interfaces/include/interfaces/interfaces/msg/pixel_position.h
-- Symlinking: /home/intel/repo/d021rs-yolov5-ros2-subscription-node-limitationuk/install/interfaces/include/interfaces/interfaces/msg/point2_d.h
-- Symlinking: /home/intel/repo/d021rs-yolov5-ros2-subscription-node-limitationuk/install/interfaces/include/interfaces/interfaces/msg/points.h
-- Symlinking: /home/intel/repo/d021rs-yolov5-ros2-subscription-node-limitationuk/install/interfaces/include/interfaces/interfaces/msg/pose2_d.h
-- Symlinking: /home/intel/repo/d021rs-yolov5-ros2-subscription-node-limitationuk/install/interfaces/include/interfaces/interfaces/msg/roi.h
-- Symlinking: /home/intel/repo/d021rs-yolov5-ros2-subscription-node-limitationuk/install/interfaces/include/interfaces/interfaces/msg/rosidl_generator_c__visibility_control.h
-- Symlinking: /home/intel/repo/d021rs-yolov5-ros2-subscription-node-limitationuk/install/interfaces/include/interfaces/interfaces/srv/detail/get_pose__functions.h
-- Symlinking: /home/intel/repo/d021rs-yolov5-ros2-subscription-node-limitationuk/install/interfaces/include/interfaces/interfaces/srv/detail/get_pose__struct.h
-- Symlinking: /home/intel/repo/d021rs-yolov5-ros2-subscription-node-limitationuk/install/interfaces/include/interfaces/interfaces/srv/detail/get_pose__type_support.h
-- Symlinking: /home/intel/repo/d021rs-yolov5-ros2-subscription-node-limitationuk/install/interfaces/include/interfaces/interfaces/srv/detail/set_circle_roi__functions.h
-- Symlinking: /home/intel/repo/d021rs-yolov5-ros2-subscription-node-limitationuk/install/interfaces/include/interfaces/interfaces/srv/detail/set_circle_roi__struct.h
-- Symlinking: /home/intel/repo/d021rs-yolov5-ros2-subscription-node-limitationuk/install/interfaces/include/interfaces/interfaces/srv/detail/set_circle_roi__type_support.h
-- Symlinking: /home/intel/repo/d021rs-yolov5-ros2-subscription-node-limitationuk/install/interfaces/include/interfaces/interfaces/srv/detail/set_color_detect_param__functions.h
-- Symlinking: /home/intel/repo/d021rs-yolov5-ros2-subscription-node-limitationuk/install/interfaces/include/interfaces/interfaces/srv/detail/set_color_detect_param__struct.h
-- Symlinking: /home/intel/repo/d021rs-yolov5-ros2-subscription-node-limitationuk/install/interfaces/include/interfaces/interfaces/srv/detail/set_color_detect_param__type_support.h
-- Symlinking: /home/intel/repo/d021rs-yolov5-ros2-subscription-node-limitationuk/install/interfaces/include/interfaces/interfaces/srv/detail/set_color_rgba__functions.h
-- Symlinking: /home/intel/repo/d021rs-yolov5-ros2-subscription-node-limitationuk/install/interfaces/include/interfaces/interfaces/srv/detail/set_color_rgba__struct.h
-- Symlinking: /home/intel/repo/d021rs-yolov5-ros2-subscription-node-limitationuk/install/interfaces/include/interfaces/interfaces/srv/detail/set_color_rgba__type_support.h
-- Symlinking: /home/intel/repo/d021rs-yolov5-ros2-subscription-node-limitationuk/install/interfaces/include/interfaces/interfaces/srv/detail/set_float64__functions.h
-- Symlinking: /home/intel/repo/d021rs-yolov5-ros2-subscription-node-limitationuk/install/interfaces/include/interfaces/interfaces/srv/detail/set_float64__struct.h
-- Symlinking: /home/intel/repo/d021rs-yolov5-ros2-subscription-node-limitationuk/install/interfaces/include/interfaces/interfaces/srv/detail/set_float64__type_support.h
-- Symlinking: /home/intel/repo/d021rs-yolov5-ros2-subscription-node-limitationuk/install/interfaces/include/interfaces/interfaces/srv/detail/set_float64_list__functions.h
-- Symlinking: /home/intel/repo/d021rs-yolov5-ros2-subscription-node-limitationuk/install/interfaces/include/interfaces/interfaces/srv/detail/set_float64_list__struct.h
-- Symlinking: /home/intel/repo/d021rs-yolov5-ros2-subscription-node-limitationuk/install/interfaces/include/interfaces/interfaces/srv/detail/set_float64_list__type_support.h
-- Symlinking: /home/intel/repo/d021rs-yolov5-ros2-subscription-node-limitationuk/install/interfaces/include/interfaces/interfaces/srv/detail/set_int64__functions.h
-- Symlinking: /home/intel/repo/d021rs-yolov5-ros2-subscription-node-limitationuk/install/interfaces/include/interfaces/interfaces/srv/detail/set_int64__struct.h
-- Symlinking: /home/intel/repo/d021rs-yolov5-ros2-subscription-node-limitationuk/install/interfaces/include/interfaces/interfaces/srv/detail/set_int64__type_support.h
-- Symlinking: /home/intel/repo/d021rs-yolov5-ros2-subscription-node-limitationuk/install/interfaces/include/interfaces/interfaces/srv/detail/set_line_roi__functions.h
-- Symlinking: /home/intel/repo/d021rs-yolov5-ros2-subscription-node-limitationuk/install/interfaces/include/interfaces/interfaces/srv/detail/set_line_roi__struct.h
-- Symlinking: /home/intel/repo/d021rs-yolov5-ros2-subscription-node-limitationuk/install/interfaces/include/interfaces/interfaces/srv/detail/set_line_roi__type_support.h
-- Symlinking: /home/intel/repo/d021rs-yolov5-ros2-subscription-node-limitationuk/install/interfaces/include/interfaces/interfaces/srv/detail/set_point__functions.h
-- Symlinking: /home/intel/repo/d021rs-yolov5-ros2-subscription-node-limitationuk/install/interfaces/include/interfaces/interfaces/srv/detail/set_point__struct.h
-- Symlinking: /home/intel/repo/d021rs-yolov5-ros2-subscription-node-limitationuk/install/interfaces/include/interfaces/interfaces/srv/detail/set_point__type_support.h
-- Symlinking: /home/intel/repo/d021rs-yolov5-ros2-subscription-node-limitationuk/install/interfaces/include/interfaces/interfaces/srv/detail/set_pose2_d__functions.h
-- Symlinking: /home/intel/repo/d021rs-yolov5-ros2-subscription-node-limitationuk/install/interfaces/include/interfaces/interfaces/srv/detail/set_pose2_d__struct.h
-- Symlinking: /home/intel/repo/d021rs-yolov5-ros2-subscription-node-limitationuk/install/interfaces/include/interfaces/interfaces/srv/detail/set_pose2_d__type_support.h
-- Symlinking: /home/intel/repo/d021rs-yolov5-ros2-subscription-node-limitationuk/install/interfaces/include/interfaces/interfaces/srv/detail/set_pose__functions.h
-- Symlinking: /home/intel/repo/d021rs-yolov5-ros2-subscription-node-limitationuk/install/interfaces/include/interfaces/interfaces/srv/detail/set_pose__struct.h
-- Symlinking: /home/intel/repo/d021rs-yolov5-ros2-subscription-node-limitationuk/install/interfaces/include/interfaces/interfaces/srv/detail/set_pose__type_support.h
-- Symlinking: /home/intel/repo/d021rs-yolov5-ros2-subscription-node-limitationuk/install/interfaces/include/interfaces/interfaces/srv/detail/set_string__functions.h
-- Symlinking: /home/intel/repo/d021rs-yolov5-ros2-subscription-node-limitationuk/install/interfaces/include/interfaces/interfaces/srv/detail/set_string__struct.h
-- Symlinking: /home/intel/repo/d021rs-yolov5-ros2-subscription-node-limitationuk/install/interfaces/include/interfaces/interfaces/srv/detail/set_string__type_support.h
-- Symlinking: /home/intel/repo/d021rs-yolov5-ros2-subscription-node-limitationuk/install/interfaces/include/interfaces/interfaces/srv/detail/set_string_list__functions.h
-- Symlinking: /home/intel/repo/d021rs-yolov5-ros2-subscription-node-limitationuk/install/interfaces/include/interfaces/interfaces/srv/detail/set_string_list__struct.h
-- Symlinking: /home/intel/repo/d021rs-yolov5-ros2-subscription-node-limitationuk/install/interfaces/include/interfaces/interfaces/srv/detail/set_string_list__type_support.h
-- Symlinking: /home/intel/repo/d021rs-yolov5-ros2-subscription-node-limitationuk/install/interfaces/include/interfaces/interfaces/srv/get_pose.h
-- Symlinking: /home/intel/repo/d021rs-yolov5-ros2-subscription-node-limitationuk/install/interfaces/include/interfaces/interfaces/srv/set_circle_roi.h
-- Symlinking: /home/intel/repo/d021rs-yolov5-ros2-subscription-node-limitationuk/install/interfaces/include/interfaces/interfaces/srv/set_color_detect_param.h
-- Symlinking: /home/intel/repo/d021rs-yolov5-ros2-subscription-node-limitationuk/install/interfaces/include/interfaces/interfaces/srv/set_color_rgba.h
-- Symlinking: /home/intel/repo/d021rs-yolov5-ros2-subscription-node-limitationuk/install/interfaces/include/interfaces/interfaces/srv/set_float64.h
-- Symlinking: /home/intel/repo/d021rs-yolov5-ros2-subscription-node-limitationuk/install/interfaces/include/interfaces/interfaces/srv/set_float64_list.h
-- Symlinking: /home/intel/repo/d021rs-yolov5-ros2-subscription-node-limitationuk/install/interfaces/include/interfaces/interfaces/srv/set_int64.h
-- Symlinking: /home/intel/repo/d021rs-yolov5-ros2-subscription-node-limitationuk/install/interfaces/include/interfaces/interfaces/srv/set_line_roi.h
-- Symlinking: /home/intel/repo/d021rs-yolov5-ros2-subscription-node-limitationuk/install/interfaces/include/interfaces/interfaces/srv/set_point.h
-- Symlinking: /home/intel/repo/d021rs-yolov5-ros2-subscription-node-limitationuk/install/interfaces/include/interfaces/interfaces/srv/set_pose.h
-- Symlinking: /home/intel/repo/d021rs-yolov5-ros2-subscription-node-limitationuk/install/interfaces/include/interfaces/interfaces/srv/set_pose2_d.h
-- Symlinking: /home/intel/repo/d021rs-yolov5-ros2-subscription-node-limitationuk/install/interfaces/include/interfaces/interfaces/srv/set_string.h
-- Symlinking: /home/intel/repo/d021rs-yolov5-ros2-subscription-node-limitationuk/install/interfaces/include/interfaces/interfaces/srv/set_string_list.h
-- Symlinking: /home/intel/repo/d021rs-yolov5-ros2-subscription-node-limitationuk/install/interfaces/share/interfaces/environment/library_path.sh
-- Symlinking: /home/intel/repo/d021rs-yolov5-ros2-subscription-node-limitationuk/install/interfaces/share/interfaces/environment/library_path.dsv
-- Symlinking: /home/intel/repo/d021rs-yolov5-ros2-subscription-node-limitationuk/install/interfaces/include/interfaces/interfaces/msg/detail/color_detect__rosidl_typesupport_fastrtps_c.h
-- Symlinking: /home/intel/repo/d021rs-yolov5-ros2-subscription-node-limitationuk/install/interfaces/include/interfaces/interfaces/msg/detail/color_info__rosidl_typesupport_fastrtps_c.h
-- Symlinking: /home/intel/repo/d021rs-yolov5-ros2-subscription-node-limitationuk/install/interfaces/include/interfaces/interfaces/msg/detail/colors_info__rosidl_typesupport_fastrtps_c.h
-- Symlinking: /home/intel/repo/d021rs-yolov5-ros2-subscription-node-limitationuk/install/interfaces/include/interfaces/interfaces/msg/detail/line_roi__rosidl_typesupport_fastrtps_c.h
-- Symlinking: /home/intel/repo/d021rs-yolov5-ros2-subscription-node-limitationuk/install/interfaces/include/interfaces/interfaces/msg/detail/object_info__rosidl_typesupport_fastrtps_c.h
-- Symlinking: /home/intel/repo/d021rs-yolov5-ros2-subscription-node-limitationuk/install/interfaces/include/interfaces/interfaces/msg/detail/objects_info__rosidl_typesupport_fastrtps_c.h
-- Symlinking: /home/intel/repo/d021rs-yolov5-ros2-subscription-node-limitationuk/install/interfaces/include/interfaces/interfaces/msg/detail/pixel_position__rosidl_typesupport_fastrtps_c.h
-- Symlinking: /home/intel/repo/d021rs-yolov5-ros2-subscription-node-limitationuk/install/interfaces/include/interfaces/interfaces/msg/detail/point2_d__rosidl_typesupport_fastrtps_c.h
-- Symlinking: /home/intel/repo/d021rs-yolov5-ros2-subscription-node-limitationuk/install/interfaces/include/interfaces/interfaces/msg/detail/points__rosidl_typesupport_fastrtps_c.h
-- Symlinking: /home/intel/repo/d021rs-yolov5-ros2-subscription-node-limitationuk/install/interfaces/include/interfaces/interfaces/msg/detail/pose2_d__rosidl_typesupport_fastrtps_c.h
-- Symlinking: /home/intel/repo/d021rs-yolov5-ros2-subscription-node-limitationuk/install/interfaces/include/interfaces/interfaces/msg/detail/roi__rosidl_typesupport_fastrtps_c.h
-- Symlinking: /home/intel/repo/d021rs-yolov5-ros2-subscription-node-limitationuk/install/interfaces/include/interfaces/interfaces/msg/rosidl_typesupport_fastrtps_c__visibility_control.h
-- Symlinking: /home/intel/repo/d021rs-yolov5-ros2-subscription-node-limitationuk/install/interfaces/include/interfaces/interfaces/srv/detail/get_pose__rosidl_typesupport_fastrtps_c.h
-- Symlinking: /home/intel/repo/d021rs-yolov5-ros2-subscription-node-limitationuk/install/interfaces/include/interfaces/interfaces/srv/detail/set_circle_roi__rosidl_typesupport_fastrtps_c.h
-- Symlinking: /home/intel/repo/d021rs-yolov5-ros2-subscription-node-limitationuk/install/interfaces/include/interfaces/interfaces/srv/detail/set_color_detect_param__rosidl_typesupport_fastrtps_c.h
-- Symlinking: /home/intel/repo/d021rs-yolov5-ros2-subscription-node-limitationuk/install/interfaces/include/interfaces/interfaces/srv/detail/set_color_rgba__rosidl_typesupport_fastrtps_c.h
-- Symlinking: /home/intel/repo/d021rs-yolov5-ros2-subscription-node-limitationuk/install/interfaces/include/interfaces/interfaces/srv/detail/set_float64__rosidl_typesupport_fastrtps_c.h
-- Symlinking: /home/intel/repo/d021rs-yolov5-ros2-subscription-node-limitationuk/install/interfaces/include/interfaces/interfaces/srv/detail/set_float64_list__rosidl_typesupport_fastrtps_c.h
-- Symlinking: /home/intel/repo/d021rs-yolov5-ros2-subscription-node-limitationuk/install/interfaces/include/interfaces/interfaces/srv/detail/set_int64__rosidl_typesupport_fastrtps_c.h
-- Symlinking: /home/intel/repo/d021rs-yolov5-ros2-subscription-node-limitationuk/install/interfaces/include/interfaces/interfaces/srv/detail/set_line_roi__rosidl_typesupport_fastrtps_c.h
-- Symlinking: /home/intel/repo/d021rs-yolov5-ros2-subscription-node-limitationuk/install/interfaces/include/interfaces/interfaces/srv/detail/set_point__rosidl_typesupport_fastrtps_c.h
-- Symlinking: /home/intel/repo/d021rs-yolov5-ros2-subscription-node-limitationuk/install/interfaces/include/interfaces/interfaces/srv/detail/set_pose2_d__rosidl_typesupport_fastrtps_c.h
-- Symlinking: /home/intel/repo/d021rs-yolov5-ros2-subscription-node-limitationuk/install/interfaces/include/interfaces/interfaces/srv/detail/set_pose__rosidl_typesupport_fastrtps_c.h
-- Symlinking: /home/intel/repo/d021rs-yolov5-ros2-subscription-node-limitationuk/install/interfaces/include/interfaces/interfaces/srv/detail/set_string__rosidl_typesupport_fastrtps_c.h
-- Symlinking: /home/intel/repo/d021rs-yolov5-ros2-subscription-node-limitationuk/install/interfaces/include/interfaces/interfaces/srv/detail/set_string_list__rosidl_typesupport_fastrtps_c.h
-- Symlinking: /home/intel/repo/d021rs-yolov5-ros2-subscription-node-limitationuk/install/interfaces/include/interfaces/interfaces/msg/color_detect.hpp
-- Symlinking: /home/intel/repo/d021rs-yolov5-ros2-subscription-node-limitationuk/install/interfaces/include/interfaces/interfaces/msg/color_info.hpp
-- Symlinking: /home/intel/repo/d021rs-yolov5-ros2-subscription-node-limitationuk/install/interfaces/include/interfaces/interfaces/msg/colors_info.hpp
-- Symlinking: /home/intel/repo/d021rs-yolov5-ros2-subscription-node-limitationuk/install/interfaces/include/interfaces/interfaces/msg/detail/color_detect__builder.hpp
-- Symlinking: /home/intel/repo/d021rs-yolov5-ros2-subscription-node-limitationuk/install/interfaces/include/interfaces/interfaces/msg/detail/color_detect__struct.hpp
-- Symlinking: /home/intel/repo/d021rs-yolov5-ros2-subscription-node-limitationuk/install/interfaces/include/interfaces/interfaces/msg/detail/color_detect__traits.hpp
-- Symlinking: /home/intel/repo/d021rs-yolov5-ros2-subscription-node-limitationuk/install/interfaces/include/interfaces/interfaces/msg/detail/color_detect__type_support.hpp
-- Symlinking: /home/intel/repo/d021rs-yolov5-ros2-subscription-node-limitationuk/install/interfaces/include/interfaces/interfaces/msg/detail/color_info__builder.hpp
-- Symlinking: /home/intel/repo/d021rs-yolov5-ros2-subscription-node-limitationuk/install/interfaces/include/interfaces/interfaces/msg/detail/color_info__struct.hpp
-- Symlinking: /home/intel/repo/d021rs-yolov5-ros2-subscription-node-limitationuk/install/interfaces/include/interfaces/interfaces/msg/detail/color_info__traits.hpp
-- Symlinking: /home/intel/repo/d021rs-yolov5-ros2-subscription-node-limitationuk/install/interfaces/include/interfaces/interfaces/msg/detail/color_info__type_support.hpp
-- Symlinking: /home/intel/repo/d021rs-yolov5-ros2-subscription-node-limitationuk/install/interfaces/include/interfaces/interfaces/msg/detail/colors_info__builder.hpp
-- Symlinking: /home/intel/repo/d021rs-yolov5-ros2-subscription-node-limitationuk/install/interfaces/include/interfaces/interfaces/msg/detail/colors_info__struct.hpp
-- Symlinking: /home/intel/repo/d021rs-yolov5-ros2-subscription-node-limitationuk/install/interfaces/include/interfaces/interfaces/msg/detail/colors_info__traits.hpp
-- Symlinking: /home/intel/repo/d021rs-yolov5-ros2-subscription-node-limitationuk/install/interfaces/include/interfaces/interfaces/msg/detail/colors_info__type_support.hpp
-- Symlinking: /home/intel/repo/d021rs-yolov5-ros2-subscription-node-limitationuk/install/interfaces/include/interfaces/interfaces/msg/detail/line_roi__builder.hpp
-- Symlinking: /home/intel/repo/d021rs-yolov5-ros2-subscription-node-limitationuk/install/interfaces/include/interfaces/interfaces/msg/detail/line_roi__struct.hpp
-- Symlinking: /home/intel/repo/d021rs-yolov5-ros2-subscription-node-limitationuk/install/interfaces/include/interfaces/interfaces/msg/detail/line_roi__traits.hpp
-- Symlinking: /home/intel/repo/d021rs-yolov5-ros2-subscription-node-limitationuk/install/interfaces/include/interfaces/interfaces/msg/detail/line_roi__type_support.hpp
-- Symlinking: /home/intel/repo/d021rs-yolov5-ros2-subscription-node-limitationuk/install/interfaces/include/interfaces/interfaces/msg/detail/object_info__builder.hpp
-- Symlinking: /home/intel/repo/d021rs-yolov5-ros2-subscription-node-limitationuk/install/interfaces/include/interfaces/interfaces/msg/detail/object_info__struct.hpp
-- Symlinking: /home/intel/repo/d021rs-yolov5-ros2-subscription-node-limitationuk/install/interfaces/include/interfaces/interfaces/msg/detail/object_info__traits.hpp
-- Symlinking: /home/intel/repo/d021rs-yolov5-ros2-subscription-node-limitationuk/install/interfaces/include/interfaces/interfaces/msg/detail/object_info__type_support.hpp
-- Symlinking: /home/intel/repo/d021rs-yolov5-ros2-subscription-node-limitationuk/install/interfaces/include/interfaces/interfaces/msg/detail/objects_info__builder.hpp
-- Symlinking: /home/intel/repo/d021rs-yolov5-ros2-subscription-node-limitationuk/install/interfaces/include/interfaces/interfaces/msg/detail/objects_info__struct.hpp
-- Symlinking: /home/intel/repo/d021rs-yolov5-ros2-subscription-node-limitationuk/install/interfaces/include/interfaces/interfaces/msg/detail/objects_info__traits.hpp
-- Symlinking: /home/intel/repo/d021rs-yolov5-ros2-subscription-node-limitationuk/install/interfaces/include/interfaces/interfaces/msg/detail/objects_info__type_support.hpp
-- Symlinking: /home/intel/repo/d021rs-yolov5-ros2-subscription-node-limitationuk/install/interfaces/include/interfaces/interfaces/msg/detail/pixel_position__builder.hpp
-- Symlinking: /home/intel/repo/d021rs-yolov5-ros2-subscription-node-limitationuk/install/interfaces/include/interfaces/interfaces/msg/detail/pixel_position__struct.hpp
-- Symlinking: /home/intel/repo/d021rs-yolov5-ros2-subscription-node-limitationuk/install/interfaces/include/interfaces/interfaces/msg/detail/pixel_position__traits.hpp
-- Symlinking: /home/intel/repo/d021rs-yolov5-ros2-subscription-node-limitationuk/install/interfaces/include/interfaces/interfaces/msg/detail/pixel_position__type_support.hpp
-- Symlinking: /home/intel/repo/d021rs-yolov5-ros2-subscription-node-limitationuk/install/interfaces/include/interfaces/interfaces/msg/detail/point2_d__builder.hpp
-- Symlinking: /home/intel/repo/d021rs-yolov5-ros2-subscription-node-limitationuk/install/interfaces/include/interfaces/interfaces/msg/detail/point2_d__struct.hpp
-- Symlinking: /home/intel/repo/d021rs-yolov5-ros2-subscription-node-limitationuk/install/interfaces/include/interfaces/interfaces/msg/detail/point2_d__traits.hpp
-- Symlinking: /home/intel/repo/d021rs-yolov5-ros2-subscription-node-limitationuk/install/interfaces/include/interfaces/interfaces/msg/detail/point2_d__type_support.hpp
-- Symlinking: /home/intel/repo/d021rs-yolov5-ros2-subscription-node-limitationuk/install/interfaces/include/interfaces/interfaces/msg/detail/points__builder.hpp
-- Symlinking: /home/intel/repo/d021rs-yolov5-ros2-subscription-node-limitationuk/install/interfaces/include/interfaces/interfaces/msg/detail/points__struct.hpp
-- Symlinking: /home/intel/repo/d021rs-yolov5-ros2-subscription-node-limitationuk/install/interfaces/include/interfaces/interfaces/msg/detail/points__traits.hpp
-- Symlinking: /home/intel/repo/d021rs-yolov5-ros2-subscription-node-limitationuk/install/interfaces/include/interfaces/interfaces/msg/detail/points__type_support.hpp
-- Symlinking: /home/intel/repo/d021rs-yolov5-ros2-subscription-node-limitationuk/install/interfaces/include/interfaces/interfaces/msg/detail/pose2_d__builder.hpp
-- Symlinking: /home/intel/repo/d021rs-yolov5-ros2-subscription-node-limitationuk/install/interfaces/include/interfaces/interfaces/msg/detail/pose2_d__struct.hpp
-- Symlinking: /home/intel/repo/d021rs-yolov5-ros2-subscription-node-limitationuk/install/interfaces/include/interfaces/interfaces/msg/detail/pose2_d__traits.hpp
-- Symlinking: /home/intel/repo/d021rs-yolov5-ros2-subscription-node-limitationuk/install/interfaces/include/interfaces/interfaces/msg/detail/pose2_d__type_support.hpp
-- Symlinking: /home/intel/repo/d021rs-yolov5-ros2-subscription-node-limitationuk/install/interfaces/include/interfaces/interfaces/msg/detail/roi__builder.hpp
-- Symlinking: /home/intel/repo/d021rs-yolov5-ros2-subscription-node-limitationuk/install/interfaces/include/interfaces/interfaces/msg/detail/roi__struct.hpp
-- Symlinking: /home/intel/repo/d021rs-yolov5-ros2-subscription-node-limitationuk/install/interfaces/include/interfaces/interfaces/msg/detail/roi__traits.hpp
-- Symlinking: /home/intel/repo/d021rs-yolov5-ros2-subscription-node-limitationuk/install/interfaces/include/interfaces/interfaces/msg/detail/roi__type_support.hpp
-- Symlinking: /home/intel/repo/d021rs-yolov5-ros2-subscription-node-limitationuk/install/interfaces/include/interfaces/interfaces/msg/line_roi.hpp
-- Symlinking: /home/intel/repo/d021rs-yolov5-ros2-subscription-node-limitationuk/install/interfaces/include/interfaces/interfaces/msg/object_info.hpp
-- Symlinking: /home/intel/repo/d021rs-yolov5-ros2-subscription-node-limitationuk/install/interfaces/include/interfaces/interfaces/msg/objects_info.hpp
-- Symlinking: /home/intel/repo/d021rs-yolov5-ros2-subscription-node-limitationuk/install/interfaces/include/interfaces/interfaces/msg/pixel_position.hpp
-- Symlinking: /home/intel/repo/d021rs-yolov5-ros2-subscription-node-limitationuk/install/interfaces/include/interfaces/interfaces/msg/point2_d.hpp
-- Symlinking: /home/intel/repo/d021rs-yolov5-ros2-subscription-node-limitationuk/install/interfaces/include/interfaces/interfaces/msg/points.hpp
-- Symlinking: /home/intel/repo/d021rs-yolov5-ros2-subscription-node-limitationuk/install/interfaces/include/interfaces/interfaces/msg/pose2_d.hpp
-- Symlinking: /home/intel/repo/d021rs-yolov5-ros2-subscription-node-limitationuk/install/interfaces/include/interfaces/interfaces/msg/roi.hpp
-- Symlinking: /home/intel/repo/d021rs-yolov5-ros2-subscription-node-limitationuk/install/interfaces/include/interfaces/interfaces/msg/rosidl_generator_cpp__visibility_control.hpp
-- Symlinking: /home/intel/repo/d021rs-yolov5-ros2-subscription-node-limitationuk/install/interfaces/include/interfaces/interfaces/srv/detail/get_pose__builder.hpp
-- Symlinking: /home/intel/repo/d021rs-yolov5-ros2-subscription-node-limitationuk/install/interfaces/include/interfaces/interfaces/srv/detail/get_pose__struct.hpp
-- Symlinking: /home/intel/repo/d021rs-yolov5-ros2-subscription-node-limitationuk/install/interfaces/include/interfaces/interfaces/srv/detail/get_pose__traits.hpp
-- Symlinking: /home/intel/repo/d021rs-yolov5-ros2-subscription-node-limitationuk/install/interfaces/include/interfaces/interfaces/srv/detail/get_pose__type_support.hpp
-- Symlinking: /home/intel/repo/d021rs-yolov5-ros2-subscription-node-limitationuk/install/interfaces/include/interfaces/interfaces/srv/detail/set_circle_roi__builder.hpp
-- Symlinking: /home/intel/repo/d021rs-yolov5-ros2-subscription-node-limitationuk/install/interfaces/include/interfaces/interfaces/srv/detail/set_circle_roi__struct.hpp
-- Symlinking: /home/intel/repo/d021rs-yolov5-ros2-subscription-node-limitationuk/install/interfaces/include/interfaces/interfaces/srv/detail/set_circle_roi__traits.hpp
-- Symlinking: /home/intel/repo/d021rs-yolov5-ros2-subscription-node-limitationuk/install/interfaces/include/interfaces/interfaces/srv/detail/set_circle_roi__type_support.hpp
-- Symlinking: /home/intel/repo/d021rs-yolov5-ros2-subscription-node-limitationuk/install/interfaces/include/interfaces/interfaces/srv/detail/set_color_detect_param__builder.hpp
-- Symlinking: /home/intel/repo/d021rs-yolov5-ros2-subscription-node-limitationuk/install/interfaces/include/interfaces/interfaces/srv/detail/set_color_detect_param__struct.hpp
-- Symlinking: /home/intel/repo/d021rs-yolov5-ros2-subscription-node-limitationuk/install/interfaces/include/interfaces/interfaces/srv/detail/set_color_detect_param__traits.hpp
-- Symlinking: /home/intel/repo/d021rs-yolov5-ros2-subscription-node-limitationuk/install/interfaces/include/interfaces/interfaces/srv/detail/set_color_detect_param__type_support.hpp
-- Symlinking: /home/intel/repo/d021rs-yolov5-ros2-subscription-node-limitationuk/install/interfaces/include/interfaces/interfaces/srv/detail/set_color_rgba__builder.hpp
-- Symlinking: /home/intel/repo/d021rs-yolov5-ros2-subscription-node-limitationuk/install/interfaces/include/interfaces/interfaces/srv/detail/set_color_rgba__struct.hpp
-- Symlinking: /home/intel/repo/d021rs-yolov5-ros2-subscription-node-limitationuk/install/interfaces/include/interfaces/interfaces/srv/detail/set_color_rgba__traits.hpp
-- Symlinking: /home/intel/repo/d021rs-yolov5-ros2-subscription-node-limitationuk/install/interfaces/include/interfaces/interfaces/srv/detail/set_color_rgba__type_support.hpp
-- Symlinking: /home/intel/repo/d021rs-yolov5-ros2-subscription-node-limitationuk/install/interfaces/include/interfaces/interfaces/srv/detail/set_float64__builder.hpp
-- Symlinking: /home/intel/repo/d021rs-yolov5-ros2-subscription-node-limitationuk/install/interfaces/include/interfaces/interfaces/srv/detail/set_float64__struct.hpp
-- Symlinking: /home/intel/repo/d021rs-yolov5-ros2-subscription-node-limitationuk/install/interfaces/include/interfaces/interfaces/srv/detail/set_float64__traits.hpp
-- Symlinking: /home/intel/repo/d021rs-yolov5-ros2-subscription-node-limitationuk/install/interfaces/include/interfaces/interfaces/srv/detail/set_float64__type_support.hpp
-- Symlinking: /home/intel/repo/d021rs-yolov5-ros2-subscription-node-limitationuk/install/interfaces/include/interfaces/interfaces/srv/detail/set_float64_list__builder.hpp
-- Symlinking: /home/intel/repo/d021rs-yolov5-ros2-subscription-node-limitationuk/install/interfaces/include/interfaces/interfaces/srv/detail/set_float64_list__struct.hpp
-- Symlinking: /home/intel/repo/d021rs-yolov5-ros2-subscription-node-limitationuk/install/interfaces/include/interfaces/interfaces/srv/detail/set_float64_list__traits.hpp
-- Symlinking: /home/intel/repo/d021rs-yolov5-ros2-subscription-node-limitationuk/install/interfaces/include/interfaces/interfaces/srv/detail/set_float64_list__type_support.hpp
-- Symlinking: /home/intel/repo/d021rs-yolov5-ros2-subscription-node-limitationuk/install/interfaces/include/interfaces/interfaces/srv/detail/set_int64__builder.hpp
-- Symlinking: /home/intel/repo/d021rs-yolov5-ros2-subscription-node-limitationuk/install/interfaces/include/interfaces/interfaces/srv/detail/set_int64__struct.hpp
-- Symlinking: /home/intel/repo/d021rs-yolov5-ros2-subscription-node-limitationuk/install/interfaces/include/interfaces/interfaces/srv/detail/set_int64__traits.hpp
-- Symlinking: /home/intel/repo/d021rs-yolov5-ros2-subscription-node-limitationuk/install/interfaces/include/interfaces/interfaces/srv/detail/set_int64__type_support.hpp
-- Symlinking: /home/intel/repo/d021rs-yolov5-ros2-subscription-node-limitationuk/install/interfaces/include/interfaces/interfaces/srv/detail/set_line_roi__builder.hpp
-- Symlinking: /home/intel/repo/d021rs-yolov5-ros2-subscription-node-limitationuk/install/interfaces/include/interfaces/interfaces/srv/detail/set_line_roi__struct.hpp
-- Symlinking: /home/intel/repo/d021rs-yolov5-ros2-subscription-node-limitationuk/install/interfaces/include/interfaces/interfaces/srv/detail/set_line_roi__traits.hpp
-- Symlinking: /home/intel/repo/d021rs-yolov5-ros2-subscription-node-limitationuk/install/interfaces/include/interfaces/interfaces/srv/detail/set_line_roi__type_support.hpp
-- Symlinking: /home/intel/repo/d021rs-yolov5-ros2-subscription-node-limitationuk/install/interfaces/include/interfaces/interfaces/srv/detail/set_point__builder.hpp
-- Symlinking: /home/intel/repo/d021rs-yolov5-ros2-subscription-node-limitationuk/install/interfaces/include/interfaces/interfaces/srv/detail/set_point__struct.hpp
-- Symlinking: /home/intel/repo/d021rs-yolov5-ros2-subscription-node-limitationuk/install/interfaces/include/interfaces/interfaces/srv/detail/set_point__traits.hpp
-- Symlinking: /home/intel/repo/d021rs-yolov5-ros2-subscription-node-limitationuk/install/interfaces/include/interfaces/interfaces/srv/detail/set_point__type_support.hpp
-- Symlinking: /home/intel/repo/d021rs-yolov5-ros2-subscription-node-limitationuk/install/interfaces/include/interfaces/interfaces/srv/detail/set_pose2_d__builder.hpp
-- Symlinking: /home/intel/repo/d021rs-yolov5-ros2-subscription-node-limitationuk/install/interfaces/include/interfaces/interfaces/srv/detail/set_pose2_d__struct.hpp
-- Symlinking: /home/intel/repo/d021rs-yolov5-ros2-subscription-node-limitationuk/install/interfaces/include/interfaces/interfaces/srv/detail/set_pose2_d__traits.hpp
-- Symlinking: /home/intel/repo/d021rs-yolov5-ros2-subscription-node-limitationuk/install/interfaces/include/interfaces/interfaces/srv/detail/set_pose2_d__type_support.hpp
-- Symlinking: /home/intel/repo/d021rs-yolov5-ros2-subscription-node-limitationuk/install/interfaces/include/interfaces/interfaces/srv/detail/set_pose__builder.hpp
-- Symlinking: /home/intel/repo/d021rs-yolov5-ros2-subscription-node-limitationuk/install/interfaces/include/interfaces/interfaces/srv/detail/set_pose__struct.hpp
-- Symlinking: /home/intel/repo/d021rs-yolov5-ros2-subscription-node-limitationuk/install/interfaces/include/interfaces/interfaces/srv/detail/set_pose__traits.hpp
-- Symlinking: /home/intel/repo/d021rs-yolov5-ros2-subscription-node-limitationuk/install/interfaces/include/interfaces/interfaces/srv/detail/set_pose__type_support.hpp
-- Symlinking: /home/intel/repo/d021rs-yolov5-ros2-subscription-node-limitationuk/install/interfaces/include/interfaces/interfaces/srv/detail/set_string__builder.hpp
-- Symlinking: /home/intel/repo/d021rs-yolov5-ros2-subscription-node-limitationuk/install/interfaces/include/interfaces/interfaces/srv/detail/set_string__struct.hpp
-- Symlinking: /home/intel/repo/d021rs-yolov5-ros2-subscription-node-limitationuk/install/interfaces/include/interfaces/interfaces/srv/detail/set_string__traits.hpp
-- Symlinking: /home/intel/repo/d021rs-yolov5-ros2-subscription-node-limitationuk/install/interfaces/include/interfaces/interfaces/srv/detail/set_string__type_support.hpp
-- Symlinking: /home/intel/repo/d021rs-yolov5-ros2-subscription-node-limitationuk/install/interfaces/include/interfaces/interfaces/srv/detail/set_string_list__builder.hpp
-- Symlinking: /home/intel/repo/d021rs-yolov5-ros2-subscription-node-limitationuk/install/interfaces/include/interfaces/interfaces/srv/detail/set_string_list__struct.hpp
-- Symlinking: /home/intel/repo/d021rs-yolov5-ros2-subscription-node-limitationuk/install/interfaces/include/interfaces/interfaces/srv/detail/set_string_list__traits.hpp
-- Symlinking: /home/intel/repo/d021rs-yolov5-ros2-subscription-node-limitationuk/install/interfaces/include/interfaces/interfaces/srv/detail/set_string_list__type_support.hpp
-- Symlinking: /home/intel/repo/d021rs-yolov5-ros2-subscription-node-limitationuk/install/interfaces/include/interfaces/interfaces/srv/get_pose.hpp
-- Symlinking: /home/intel/repo/d021rs-yolov5-ros2-subscription-node-limitationuk/install/interfaces/include/interfaces/interfaces/srv/set_circle_roi.hpp
-- Symlinking: /home/intel/repo/d021rs-yolov5-ros2-subscription-node-limitationuk/install/interfaces/include/interfaces/interfaces/srv/set_color_detect_param.hpp
-- Symlinking: /home/intel/repo/d021rs-yolov5-ros2-subscription-node-limitationuk/install/interfaces/include/interfaces/interfaces/srv/set_color_rgba.hpp
-- Symlinking: /home/intel/repo/d021rs-yolov5-ros2-subscription-node-limitationuk/install/interfaces/include/interfaces/interfaces/srv/set_float64.hpp
-- Symlinking: /home/intel/repo/d021rs-yolov5-ros2-subscription-node-limitationuk/install/interfaces/include/interfaces/interfaces/srv/set_float64_list.hpp
-- Symlinking: /home/intel/repo/d021rs-yolov5-ros2-subscription-node-limitationuk/install/interfaces/include/interfaces/interfaces/srv/set_int64.hpp
-- Symlinking: /home/intel/repo/d021rs-yolov5-ros2-subscription-node-limitationuk/install/interfaces/include/interfaces/interfaces/srv/set_line_roi.hpp
-- Symlinking: /home/intel/repo/d021rs-yolov5-ros2-subscription-node-limitationuk/install/interfaces/include/interfaces/interfaces/srv/set_point.hpp
-- Symlinking: /home/intel/repo/d021rs-yolov5-ros2-subscription-node-limitationuk/install/interfaces/include/interfaces/interfaces/srv/set_pose.hpp
-- Symlinking: /home/intel/repo/d021rs-yolov5-ros2-subscription-node-limitationuk/install/interfaces/include/interfaces/interfaces/srv/set_pose2_d.hpp
-- Symlinking: /home/intel/repo/d021rs-yolov5-ros2-subscription-node-limitationuk/install/interfaces/include/interfaces/interfaces/srv/set_string.hpp
-- Symlinking: /home/intel/repo/d021rs-yolov5-ros2-subscription-node-limitationuk/install/interfaces/include/interfaces/interfaces/srv/set_string_list.hpp
-- Symlinking: /home/intel/repo/d021rs-yolov5-ros2-subscription-node-limitationuk/install/interfaces/include/interfaces/interfaces/msg/detail/color_detect__rosidl_typesupport_fastrtps_cpp.hpp
-- Symlinking: /home/intel/repo/d021rs-yolov5-ros2-subscription-node-limitationuk/install/interfaces/include/interfaces/interfaces/msg/detail/color_info__rosidl_typesupport_fastrtps_cpp.hpp
-- Symlinking: /home/intel/repo/d021rs-yolov5-ros2-subscription-node-limitationuk/install/interfaces/include/interfaces/interfaces/msg/detail/colors_info__rosidl_typesupport_fastrtps_cpp.hpp
-- Symlinking: /home/intel/repo/d021rs-yolov5-ros2-subscription-node-limitationuk/install/interfaces/include/interfaces/interfaces/msg/detail/line_roi__rosidl_typesupport_fastrtps_cpp.hpp
-- Symlinking: /home/intel/repo/d021rs-yolov5-ros2-subscription-node-limitationuk/install/interfaces/include/interfaces/interfaces/msg/detail/object_info__rosidl_typesupport_fastrtps_cpp.hpp
-- Symlinking: /home/intel/repo/d021rs-yolov5-ros2-subscription-node-limitationuk/install/interfaces/include/interfaces/interfaces/msg/detail/objects_info__rosidl_typesupport_fastrtps_cpp.hpp
-- Symlinking: /home/intel/repo/d021rs-yolov5-ros2-subscription-node-limitationuk/install/interfaces/include/interfaces/interfaces/msg/detail/pixel_position__rosidl_typesupport_fastrtps_cpp.hpp
-- Symlinking: /home/intel/repo/d021rs-yolov5-ros2-subscription-node-limitationuk/install/interfaces/include/interfaces/interfaces/msg/detail/point2_d__rosidl_typesupport_fastrtps_cpp.hpp
-- Symlinking: /home/intel/repo/d021rs-yolov5-ros2-subscription-node-limitationuk/install/interfaces/include/interfaces/interfaces/msg/detail/points__rosidl_typesupport_fastrtps_cpp.hpp
-- Symlinking: /home/intel/repo/d021rs-yolov5-ros2-subscription-node-limitationuk/install/interfaces/include/interfaces/interfaces/msg/detail/pose2_d__rosidl_typesupport_fastrtps_cpp.hpp
-- Symlinking: /home/intel/repo/d021rs-yolov5-ros2-subscription-node-limitationuk/install/interfaces/include/interfaces/interfaces/msg/detail/roi__rosidl_typesupport_fastrtps_cpp.hpp
-- Symlinking: /home/intel/repo/d021rs-yolov5-ros2-subscription-node-limitationuk/install/interfaces/include/interfaces/interfaces/msg/rosidl_typesupport_fastrtps_cpp__visibility_control.h
-- Symlinking: /home/intel/repo/d021rs-yolov5-ros2-subscription-node-limitationuk/install/interfaces/include/interfaces/interfaces/srv/detail/get_pose__rosidl_typesupport_fastrtps_cpp.hpp
-- Symlinking: /home/intel/repo/d021rs-yolov5-ros2-subscription-node-limitationuk/install/interfaces/include/interfaces/interfaces/srv/detail/set_circle_roi__rosidl_typesupport_fastrtps_cpp.hpp
-- Symlinking: /home/intel/repo/d021rs-yolov5-ros2-subscription-node-limitationuk/install/interfaces/include/interfaces/interfaces/srv/detail/set_color_detect_param__rosidl_typesupport_fastrtps_cpp.hpp
-- Symlinking: /home/intel/repo/d021rs-yolov5-ros2-subscription-node-limitationuk/install/interfaces/include/interfaces/interfaces/srv/detail/set_color_rgba__rosidl_typesupport_fastrtps_cpp.hpp
-- Symlinking: /home/intel/repo/d021rs-yolov5-ros2-subscription-node-limitationuk/install/interfaces/include/interfaces/interfaces/srv/detail/set_float64__rosidl_typesupport_fastrtps_cpp.hpp
-- Symlinking: /home/intel/repo/d021rs-yolov5-ros2-subscription-node-limitationuk/install/interfaces/include/interfaces/interfaces/srv/detail/set_float64_list__rosidl_typesupport_fastrtps_cpp.hpp
-- Symlinking: /home/intel/repo/d021rs-yolov5-ros2-subscription-node-limitationuk/install/interfaces/include/interfaces/interfaces/srv/detail/set_int64__rosidl_typesupport_fastrtps_cpp.hpp
-- Symlinking: /home/intel/repo/d021rs-yolov5-ros2-subscription-node-limitationuk/install/interfaces/include/interfaces/interfaces/srv/detail/set_line_roi__rosidl_typesupport_fastrtps_cpp.hpp
-- Symlinking: /home/intel/repo/d021rs-yolov5-ros2-subscription-node-limitationuk/install/interfaces/include/interfaces/interfaces/srv/detail/set_point__rosidl_typesupport_fastrtps_cpp.hpp
-- Symlinking: /home/intel/repo/d021rs-yolov5-ros2-subscription-node-limitationuk/install/interfaces/include/interfaces/interfaces/srv/detail/set_pose2_d__rosidl_typesupport_fastrtps_cpp.hpp
-- Symlinking: /home/intel/repo/d021rs-yolov5-ros2-subscription-node-limitationuk/install/interfaces/include/interfaces/interfaces/srv/detail/set_pose__rosidl_typesupport_fastrtps_cpp.hpp
-- Symlinking: /home/intel/repo/d021rs-yolov5-ros2-subscription-node-limitationuk/install/interfaces/include/interfaces/interfaces/srv/detail/set_string__rosidl_typesupport_fastrtps_cpp.hpp
-- Symlinking: /home/intel/repo/d021rs-yolov5-ros2-subscription-node-limitationuk/install/interfaces/include/interfaces/interfaces/srv/detail/set_string_list__rosidl_typesupport_fastrtps_cpp.hpp
-- Symlinking: /home/intel/repo/d021rs-yolov5-ros2-subscription-node-limitationuk/install/interfaces/include/interfaces/interfaces/msg/detail/color_detect__rosidl_typesupport_introspection_c.h
-- Symlinking: /home/intel/repo/d021rs-yolov5-ros2-subscription-node-limitationuk/install/interfaces/include/interfaces/interfaces/msg/detail/color_info__rosidl_typesupport_introspection_c.h
-- Symlinking: /home/intel/repo/d021rs-yolov5-ros2-subscription-node-limitationuk/install/interfaces/include/interfaces/interfaces/msg/detail/colors_info__rosidl_typesupport_introspection_c.h
-- Symlinking: /home/intel/repo/d021rs-yolov5-ros2-subscription-node-limitationuk/install/interfaces/include/interfaces/interfaces/msg/detail/line_roi__rosidl_typesupport_introspection_c.h
-- Symlinking: /home/intel/repo/d021rs-yolov5-ros2-subscription-node-limitationuk/install/interfaces/include/interfaces/interfaces/msg/detail/object_info__rosidl_typesupport_introspection_c.h
-- Symlinking: /home/intel/repo/d021rs-yolov5-ros2-subscription-node-limitationuk/install/interfaces/include/interfaces/interfaces/msg/detail/objects_info__rosidl_typesupport_introspection_c.h
-- Symlinking: /home/intel/repo/d021rs-yolov5-ros2-subscription-node-limitationuk/install/interfaces/include/interfaces/interfaces/msg/detail/pixel_position__rosidl_typesupport_introspection_c.h
-- Symlinking: /home/intel/repo/d021rs-yolov5-ros2-subscription-node-limitationuk/install/interfaces/include/interfaces/interfaces/msg/detail/point2_d__rosidl_typesupport_introspection_c.h
-- Symlinking: /home/intel/repo/d021rs-yolov5-ros2-subscription-node-limitationuk/install/interfaces/include/interfaces/interfaces/msg/detail/points__rosidl_typesupport_introspection_c.h
-- Symlinking: /home/intel/repo/d021rs-yolov5-ros2-subscription-node-limitationuk/install/interfaces/include/interfaces/interfaces/msg/detail/pose2_d__rosidl_typesupport_introspection_c.h
-- Symlinking: /home/intel/repo/d021rs-yolov5-ros2-subscription-node-limitationuk/install/interfaces/include/interfaces/interfaces/msg/detail/roi__rosidl_typesupport_introspection_c.h
-- Symlinking: /home/intel/repo/d021rs-yolov5-ros2-subscription-node-limitationuk/install/interfaces/include/interfaces/interfaces/msg/rosidl_typesupport_introspection_c__visibility_control.h
-- Symlinking: /home/intel/repo/d021rs-yolov5-ros2-subscription-node-limitationuk/install/interfaces/include/interfaces/interfaces/srv/detail/get_pose__rosidl_typesupport_introspection_c.h
-- Symlinking: /home/intel/repo/d021rs-yolov5-ros2-subscription-node-limitationuk/install/interfaces/include/interfaces/interfaces/srv/detail/set_circle_roi__rosidl_typesupport_introspection_c.h
-- Symlinking: /home/intel/repo/d021rs-yolov5-ros2-subscription-node-limitationuk/install/interfaces/include/interfaces/interfaces/srv/detail/set_color_detect_param__rosidl_typesupport_introspection_c.h
-- Symlinking: /home/intel/repo/d021rs-yolov5-ros2-subscription-node-limitationuk/install/interfaces/include/interfaces/interfaces/srv/detail/set_color_rgba__rosidl_typesupport_introspection_c.h
-- Symlinking: /home/intel/repo/d021rs-yolov5-ros2-subscription-node-limitationuk/install/interfaces/include/interfaces/interfaces/srv/detail/set_float64__rosidl_typesupport_introspection_c.h
-- Symlinking: /home/intel/repo/d021rs-yolov5-ros2-subscription-node-limitationuk/install/interfaces/include/interfaces/interfaces/srv/detail/set_float64_list__rosidl_typesupport_introspection_c.h
-- Symlinking: /home/intel/repo/d021rs-yolov5-ros2-subscription-node-limitationuk/install/interfaces/include/interfaces/interfaces/srv/detail/set_int64__rosidl_typesupport_introspection_c.h
-- Symlinking: /home/intel/repo/d021rs-yolov5-ros2-subscription-node-limitationuk/install/interfaces/include/interfaces/interfaces/srv/detail/set_line_roi__rosidl_typesupport_introspection_c.h
-- Symlinking: /home/intel/repo/d021rs-yolov5-ros2-subscription-node-limitationuk/install/interfaces/include/interfaces/interfaces/srv/detail/set_point__rosidl_typesupport_introspection_c.h
-- Symlinking: /home/intel/repo/d021rs-yolov5-ros2-subscription-node-limitationuk/install/interfaces/include/interfaces/interfaces/srv/detail/set_pose2_d__rosidl_typesupport_introspection_c.h
-- Symlinking: /home/intel/repo/d021rs-yolov5-ros2-subscription-node-limitationuk/install/interfaces/include/interfaces/interfaces/srv/detail/set_pose__rosidl_typesupport_introspection_c.h
-- Symlinking: /home/intel/repo/d021rs-yolov5-ros2-subscription-node-limitationuk/install/interfaces/include/interfaces/interfaces/srv/detail/set_string__rosidl_typesupport_introspection_c.h
-- Symlinking: /home/intel/repo/d021rs-yolov5-ros2-subscription-node-limitationuk/install/interfaces/include/interfaces/interfaces/srv/detail/set_string_list__rosidl_typesupport_introspection_c.h
-- Symlinking: /home/intel/repo/d021rs-yolov5-ros2-subscription-node-limitationuk/install/interfaces/include/interfaces/interfaces/msg/detail/color_detect__rosidl_typesupport_introspection_cpp.hpp
-- Symlinking: /home/intel/repo/d021rs-yolov5-ros2-subscription-node-limitationuk/install/interfaces/include/interfaces/interfaces/msg/detail/color_info__rosidl_typesupport_introspection_cpp.hpp
-- Symlinking: /home/intel/repo/d021rs-yolov5-ros2-subscription-node-limitationuk/install/interfaces/include/interfaces/interfaces/msg/detail/colors_info__rosidl_typesupport_introspection_cpp.hpp
-- Symlinking: /home/intel/repo/d021rs-yolov5-ros2-subscription-node-limitationuk/install/interfaces/include/interfaces/interfaces/msg/detail/line_roi__rosidl_typesupport_introspection_cpp.hpp
-- Symlinking: /home/intel/repo/d021rs-yolov5-ros2-subscription-node-limitationuk/install/interfaces/include/interfaces/interfaces/msg/detail/object_info__rosidl_typesupport_introspection_cpp.hpp
-- Symlinking: /home/intel/repo/d021rs-yolov5-ros2-subscription-node-limitationuk/install/interfaces/include/interfaces/interfaces/msg/detail/objects_info__rosidl_typesupport_introspection_cpp.hpp
-- Symlinking: /home/intel/repo/d021rs-yolov5-ros2-subscription-node-limitationuk/install/interfaces/include/interfaces/interfaces/msg/detail/pixel_position__rosidl_typesupport_introspection_cpp.hpp
-- Symlinking: /home/intel/repo/d021rs-yolov5-ros2-subscription-node-limitationuk/install/interfaces/include/interfaces/interfaces/msg/detail/point2_d__rosidl_typesupport_introspection_cpp.hpp
-- Symlinking: /home/intel/repo/d021rs-yolov5-ros2-subscription-node-limitationuk/install/interfaces/include/interfaces/interfaces/msg/detail/points__rosidl_typesupport_introspection_cpp.hpp
-- Symlinking: /home/intel/repo/d021rs-yolov5-ros2-subscription-node-limitationuk/install/interfaces/include/interfaces/interfaces/msg/detail/pose2_d__rosidl_typesupport_introspection_cpp.hpp
-- Symlinking: /home/intel/repo/d021rs-yolov5-ros2-subscription-node-limitationuk/install/interfaces/include/interfaces/interfaces/msg/detail/roi__rosidl_typesupport_introspection_cpp.hpp
-- Symlinking: /home/intel/repo/d021rs-yolov5-ros2-subscription-node-limitationuk/install/interfaces/include/interfaces/interfaces/srv/detail/get_pose__rosidl_typesupport_introspection_cpp.hpp
-- Symlinking: /home/intel/repo/d021rs-yolov5-ros2-subscription-node-limitationuk/install/interfaces/include/interfaces/interfaces/srv/detail/set_circle_roi__rosidl_typesupport_introspection_cpp.hpp
-- Symlinking: /home/intel/repo/d021rs-yolov5-ros2-subscription-node-limitationuk/install/interfaces/include/interfaces/interfaces/srv/detail/set_color_detect_param__rosidl_typesupport_introspection_cpp.hpp
-- Symlinking: /home/intel/repo/d021rs-yolov5-ros2-subscription-node-limitationuk/install/interfaces/include/interfaces/interfaces/srv/detail/set_color_rgba__rosidl_typesupport_introspection_cpp.hpp
-- Symlinking: /home/intel/repo/d021rs-yolov5-ros2-subscription-node-limitationuk/install/interfaces/include/interfaces/interfaces/srv/detail/set_float64__rosidl_typesupport_introspection_cpp.hpp
-- Symlinking: /home/intel/repo/d021rs-yolov5-ros2-subscription-node-limitationuk/install/interfaces/include/interfaces/interfaces/srv/detail/set_float64_list__rosidl_typesupport_introspection_cpp.hpp
-- Symlinking: /home/intel/repo/d021rs-yolov5-ros2-subscription-node-limitationuk/install/interfaces/include/interfaces/interfaces/srv/detail/set_int64__rosidl_typesupport_introspection_cpp.hpp
-- Symlinking: /home/intel/repo/d021rs-yolov5-ros2-subscription-node-limitationuk/install/interfaces/include/interfaces/interfaces/srv/detail/set_line_roi__rosidl_typesupport_introspection_cpp.hpp
-- Symlinking: /home/intel/repo/d021rs-yolov5-ros2-subscription-node-limitationuk/install/interfaces/include/interfaces/interfaces/srv/detail/set_point__rosidl_typesupport_introspection_cpp.hpp
-- Symlinking: /home/intel/repo/d021rs-yolov5-ros2-subscription-node-limitationuk/install/interfaces/include/interfaces/interfaces/srv/detail/set_pose2_d__rosidl_typesupport_introspection_cpp.hpp
-- Symlinking: /home/intel/repo/d021rs-yolov5-ros2-subscription-node-limitationuk/install/interfaces/include/interfaces/interfaces/srv/detail/set_pose__rosidl_typesupport_introspection_cpp.hpp
-- Symlinking: /home/intel/repo/d021rs-yolov5-ros2-subscription-node-limitationuk/install/interfaces/include/interfaces/interfaces/srv/detail/set_string__rosidl_typesupport_introspection_cpp.hpp
-- Symlinking: /home/intel/repo/d021rs-yolov5-ros2-subscription-node-limitationuk/install/interfaces/include/interfaces/interfaces/srv/detail/set_string_list__rosidl_typesupport_introspection_cpp.hpp
-- Symlinking: /home/intel/repo/d021rs-yolov5-ros2-subscription-node-limitationuk/install/interfaces/share/interfaces/environment/pythonpath.sh
-- Symlinking: /home/intel/repo/d021rs-yolov5-ros2-subscription-node-limitationuk/install/interfaces/share/interfaces/environment/pythonpath.dsv
-- Symlinking: /home/intel/repo/d021rs-yolov5-ros2-subscription-node-limitationuk/install/interfaces/lib/python3.12/site-packages/interfaces-0.0.0-py3.12.egg-info/PKG-INFO
-- Symlinking: /home/intel/repo/d021rs-yolov5-ros2-subscription-node-limitationuk/install/interfaces/lib/python3.12/site-packages/interfaces-0.0.0-py3.12.egg-info/SOURCES.txt
-- Symlinking: /home/intel/repo/d021rs-yolov5-ros2-subscription-node-limitationuk/install/interfaces/lib/python3.12/site-packages/interfaces-0.0.0-py3.12.egg-info/dependency_links.txt
-- Symlinking: /home/intel/repo/d021rs-yolov5-ros2-subscription-node-limitationuk/install/interfaces/lib/python3.12/site-packages/interfaces-0.0.0-py3.12.egg-info/top_level.txt
-- Symlinking: /home/intel/repo/d021rs-yolov5-ros2-subscription-node-limitationuk/install/interfaces/lib/python3.12/site-packages/interfaces/__init__.py
-- Symlinking: /home/intel/repo/d021rs-yolov5-ros2-subscription-node-limitationuk/install/interfaces/lib/python3.12/site-packages/interfaces/_interfaces_s.ep.rosidl_typesupport_c.c
-- Symlinking: /home/intel/repo/d021rs-yolov5-ros2-subscription-node-limitationuk/install/interfaces/lib/python3.12/site-packages/interfaces/_interfaces_s.ep.rosidl_typesupport_fastrtps_c.c
-- Symlinking: /home/intel/repo/d021rs-yolov5-ros2-subscription-node-limitationuk/install/interfaces/lib/python3.12/site-packages/interfaces/_interfaces_s.ep.rosidl_typesupport_introspection_c.c
-- Symlinking: /home/intel/repo/d021rs-yolov5-ros2-subscription-node-limitationuk/install/interfaces/lib/python3.12/site-packages/interfaces/interfaces_s__rosidl_typesupport_c.so
-- Symlinking: /home/intel/repo/d021rs-yolov5-ros2-subscription-node-limitationuk/install/interfaces/lib/python3.12/site-packages/interfaces/interfaces_s__rosidl_typesupport_fastrtps_c.so
-- Symlinking: /home/intel/repo/d021rs-yolov5-ros2-subscription-node-limitationuk/install/interfaces/lib/python3.12/site-packages/interfaces/interfaces_s__rosidl_typesupport_introspection_c.so
-- Symlinking: /home/intel/repo/d021rs-yolov5-ros2-subscription-node-limitationuk/install/interfaces/lib/python3.12/site-packages/interfaces/msg/__init__.py
-- Symlinking: /home/intel/repo/d021rs-yolov5-ros2-subscription-node-limitationuk/install/interfaces/lib/python3.12/site-packages/interfaces/msg/_color_detect.py
-- Symlinking: /home/intel/repo/d021rs-yolov5-ros2-subscription-node-limitationuk/install/interfaces/lib/python3.12/site-packages/interfaces/msg/_color_detect_s.c
-- Symlinking: /home/intel/repo/d021rs-yolov5-ros2-subscription-node-limitationuk/install/interfaces/lib/python3.12/site-packages/interfaces/msg/_color_info.py
-- Symlinking: /home/intel/repo/d021rs-yolov5-ros2-subscription-node-limitationuk/install/interfaces/lib/python3.12/site-packages/interfaces/msg/_color_info_s.c
-- Symlinking: /home/intel/repo/d021rs-yolov5-ros2-subscription-node-limitationuk/install/interfaces/lib/python3.12/site-packages/interfaces/msg/_colors_info.py
-- Symlinking: /home/intel/repo/d021rs-yolov5-ros2-subscription-node-limitationuk/install/interfaces/lib/python3.12/site-packages/interfaces/msg/_colors_info_s.c
-- Symlinking: /home/intel/repo/d021rs-yolov5-ros2-subscription-node-limitationuk/install/interfaces/lib/python3.12/site-packages/interfaces/msg/_line_roi.py
-- Symlinking: /home/intel/repo/d021rs-yolov5-ros2-subscription-node-limitationuk/install/interfaces/lib/python3.12/site-packages/interfaces/msg/_line_roi_s.c
-- Symlinking: /home/intel/repo/d021rs-yolov5-ros2-subscription-node-limitationuk/install/interfaces/lib/python3.12/site-packages/interfaces/msg/_object_info.py
-- Symlinking: /home/intel/repo/d021rs-yolov5-ros2-subscription-node-limitationuk/install/interfaces/lib/python3.12/site-packages/interfaces/msg/_object_info_s.c
-- Symlinking: /home/intel/repo/d021rs-yolov5-ros2-subscription-node-limitationuk/install/interfaces/lib/python3.12/site-packages/interfaces/msg/_objects_info.py
-- Symlinking: /home/intel/repo/d021rs-yolov5-ros2-subscription-node-limitationuk/install/interfaces/lib/python3.12/site-packages/interfaces/msg/_objects_info_s.c
-- Symlinking: /home/intel/repo/d021rs-yolov5-ros2-subscription-node-limitationuk/install/interfaces/lib/python3.12/site-packages/interfaces/msg/_pixel_position.py
-- Symlinking: /home/intel/repo/d021rs-yolov5-ros2-subscription-node-limitationuk/install/interfaces/lib/python3.12/site-packages/interfaces/msg/_pixel_position_s.c
-- Symlinking: /home/intel/repo/d021rs-yolov5-ros2-subscription-node-limitationuk/install/interfaces/lib/python3.12/site-packages/interfaces/msg/_point2_d.py
-- Symlinking: /home/intel/repo/d021rs-yolov5-ros2-subscription-node-limitationuk/install/interfaces/lib/python3.12/site-packages/interfaces/msg/_point2_d_s.c
-- Symlinking: /home/intel/repo/d021rs-yolov5-ros2-subscription-node-limitationuk/install/interfaces/lib/python3.12/site-packages/interfaces/msg/_points.py
-- Symlinking: /home/intel/repo/d021rs-yolov5-ros2-subscription-node-limitationuk/install/interfaces/lib/python3.12/site-packages/interfaces/msg/_points_s.c
-- Symlinking: /home/intel/repo/d021rs-yolov5-ros2-subscription-node-limitationuk/install/interfaces/lib/python3.12/site-packages/interfaces/msg/_pose2_d.py
-- Symlinking: /home/intel/repo/d021rs-yolov5-ros2-subscription-node-limitationuk/install/interfaces/lib/python3.12/site-packages/interfaces/msg/_pose2_d_s.c
-- Symlinking: /home/intel/repo/d021rs-yolov5-ros2-subscription-node-limitationuk/install/interfaces/lib/python3.12/site-packages/interfaces/msg/_roi.py
-- Symlinking: /home/intel/repo/d021rs-yolov5-ros2-subscription-node-limitationuk/install/interfaces/lib/python3.12/site-packages/interfaces/msg/_roi_s.c
-- Symlinking: /home/intel/repo/d021rs-yolov5-ros2-subscription-node-limitationuk/install/interfaces/lib/python3.12/site-packages/interfaces/srv/__init__.py
-- Symlinking: /home/intel/repo/d021rs-yolov5-ros2-subscription-node-limitationuk/install/interfaces/lib/python3.12/site-packages/interfaces/srv/_get_pose.py
-- Symlinking: /home/intel/repo/d021rs-yolov5-ros2-subscription-node-limitationuk/install/interfaces/lib/python3.12/site-packages/interfaces/srv/_get_pose_s.c
-- Symlinking: /home/intel/repo/d021rs-yolov5-ros2-subscription-node-limitationuk/install/interfaces/lib/python3.12/site-packages/interfaces/srv/_set_circle_roi.py
-- Symlinking: /home/intel/repo/d021rs-yolov5-ros2-subscription-node-limitationuk/install/interfaces/lib/python3.12/site-packages/interfaces/srv/_set_circle_roi_s.c
-- Symlinking: /home/intel/repo/d021rs-yolov5-ros2-subscription-node-limitationuk/install/interfaces/lib/python3.12/site-packages/interfaces/srv/_set_color_detect_param.py
-- Symlinking: /home/intel/repo/d021rs-yolov5-ros2-subscription-node-limitationuk/install/interfaces/lib/python3.12/site-packages/interfaces/srv/_set_color_detect_param_s.c
-- Symlinking: /home/intel/repo/d021rs-yolov5-ros2-subscription-node-limitationuk/install/interfaces/lib/python3.12/site-packages/interfaces/srv/_set_color_rgba.py
-- Symlinking: /home/intel/repo/d021rs-yolov5-ros2-subscription-node-limitationuk/install/interfaces/lib/python3.12/site-packages/interfaces/srv/_set_color_rgba_s.c
-- Symlinking: /home/intel/repo/d021rs-yolov5-ros2-subscription-node-limitationuk/install/interfaces/lib/python3.12/site-packages/interfaces/srv/_set_float64.py
-- Symlinking: /home/intel/repo/d021rs-yolov5-ros2-subscription-node-limitationuk/install/interfaces/lib/python3.12/site-packages/interfaces/srv/_set_float64_list.py
-- Symlinking: /home/intel/repo/d021rs-yolov5-ros2-subscription-node-limitationuk/install/interfaces/lib/python3.12/site-packages/interfaces/srv/_set_float64_list_s.c
-- Symlinking: /home/intel/repo/d021rs-yolov5-ros2-subscription-node-limitationuk/install/interfaces/lib/python3.12/site-packages/interfaces/srv/_set_float64_s.c
-- Symlinking: /home/intel/repo/d021rs-yolov5-ros2-subscription-node-limitationuk/install/interfaces/lib/python3.12/site-packages/interfaces/srv/_set_int64.py
-- Symlinking: /home/intel/repo/d021rs-yolov5-ros2-subscription-node-limitationuk/install/interfaces/lib/python3.12/site-packages/interfaces/srv/_set_int64_s.c
-- Symlinking: /home/intel/repo/d021rs-yolov5-ros2-subscription-node-limitationuk/install/interfaces/lib/python3.12/site-packages/interfaces/srv/_set_line_roi.py
-- Symlinking: /home/intel/repo/d021rs-yolov5-ros2-subscription-node-limitationuk/install/interfaces/lib/python3.12/site-packages/interfaces/srv/_set_line_roi_s.c
-- Symlinking: /home/intel/repo/d021rs-yolov5-ros2-subscription-node-limitationuk/install/interfaces/lib/python3.12/site-packages/interfaces/srv/_set_point.py
-- Symlinking: /home/intel/repo/d021rs-yolov5-ros2-subscription-node-limitationuk/install/interfaces/lib/python3.12/site-packages/interfaces/srv/_set_point_s.c
-- Symlinking: /home/intel/repo/d021rs-yolov5-ros2-subscription-node-limitationuk/install/interfaces/lib/python3.12/site-packages/interfaces/srv/_set_pose.py
-- Symlinking: /home/intel/repo/d021rs-yolov5-ros2-subscription-node-limitationuk/install/interfaces/lib/python3.12/site-packages/interfaces/srv/_set_pose2_d.py
-- Symlinking: /home/intel/repo/d021rs-yolov5-ros2-subscription-node-limitationuk/install/interfaces/lib/python3.12/site-packages/interfaces/srv/_set_pose2_d_s.c
-- Symlinking: /home/intel/repo/d021rs-yolov5-ros2-subscription-node-limitationuk/install/interfaces/lib/python3.12/site-packages/interfaces/srv/_set_pose_s.c
-- Symlinking: /home/intel/repo/d021rs-yolov5-ros2-subscription-node-limitationuk/install/interfaces/lib/python3.12/site-packages/interfaces/srv/_set_string.py
-- Symlinking: /home/intel/repo/d021rs-yolov5-ros2-subscription-node-limitationuk/install/interfaces/lib/python3.12/site-packages/interfaces/srv/_set_string_list.py
-- Symlinking: /home/intel/repo/d021rs-yolov5-ros2-subscription-node-limitationuk/install/interfaces/lib/python3.12/site-packages/interfaces/srv/_set_string_list_s.c
-- Symlinking: /home/intel/repo/d021rs-yolov5-ros2-subscription-node-limitationuk/install/interfaces/lib/python3.12/site-packages/interfaces/srv/_set_string_s.c
-- Up-to-date symlink: /home/intel/repo/d021rs-yolov5-ros2-subscription-node-limitationuk/install/interfaces/lib/python3.12/site-packages/interfaces/interfaces_s__rosidl_typesupport_fastrtps_c.so
-- Up-to-date symlink: /home/intel/repo/d021rs-yolov5-ros2-subscription-node-limitationuk/install/interfaces/lib/python3.12/site-packages/interfaces/interfaces_s__rosidl_typesupport_introspection_c.so
-- Up-to-date symlink: /home/intel/repo/d021rs-yolov5-ros2-subscription-node-limitationuk/install/interfaces/lib/python3.12/site-packages/interfaces/interfaces_s__rosidl_typesupport_c.so
-- Symlinking: /home/intel/repo/d021rs-yolov5-ros2-subscription-node-limitationuk/install/interfaces/share/interfaces/msg/ColorDetect.idl
-- Symlinking: /home/intel/repo/d021rs-yolov5-ros2-subscription-node-limitationuk/install/interfaces/share/interfaces/msg/ColorInfo.idl
-- Symlinking: /home/intel/repo/d021rs-yolov5-ros2-subscription-node-limitationuk/install/interfaces/share/interfaces/msg/ColorsInfo.idl
-- Symlinking: /home/intel/repo/d021rs-yolov5-ros2-subscription-node-limitationuk/install/interfaces/share/interfaces/msg/LineROI.idl
-- Symlinking: /home/intel/repo/d021rs-yolov5-ros2-subscription-node-limitationuk/install/interfaces/share/interfaces/msg/ObjectInfo.idl
-- Symlinking: /home/intel/repo/d021rs-yolov5-ros2-subscription-node-limitationuk/install/interfaces/share/interfaces/msg/ObjectsInfo.idl
-- Symlinking: /home/intel/repo/d021rs-yolov5-ros2-subscription-node-limitationuk/install/interfaces/share/interfaces/msg/PixelPosition.idl
-- Symlinking: /home/intel/repo/d021rs-yolov5-ros2-subscription-node-limitationuk/install/interfaces/share/interfaces/msg/Point2D.idl
-- Symlinking: /home/intel/repo/d021rs-yolov5-ros2-subscription-node-limitationuk/install/interfaces/share/interfaces/msg/Points.idl
-- Symlinking: /home/intel/repo/d021rs-yolov5-ros2-subscription-node-limitationuk/install/interfaces/share/interfaces/msg/Pose2D.idl
-- Symlinking: /home/intel/repo/d021rs-yolov5-ros2-subscription-node-limitationuk/install/interfaces/share/interfaces/msg/ROI.idl
-- Symlinking: /home/intel/repo/d021rs-yolov5-ros2-subscription-node-limitationuk/install/interfaces/share/interfaces/srv/GetPose.idl
-- Symlinking: /home/intel/repo/d021rs-yolov5-ros2-subscription-node-limitationuk/install/interfaces/share/interfaces/srv/SetCircleROI.idl
-- Symlinking: /home/intel/repo/d021rs-yolov5-ros2-subscription-node-limitationuk/install/interfaces/share/interfaces/srv/SetColorDetectParam.idl
-- Symlinking: /home/intel/repo/d021rs-yolov5-ros2-subscription-node-limitationuk/install/interfaces/share/interfaces/srv/SetColorRGBA.idl
-- Symlinking: /home/intel/repo/d021rs-yolov5-ros2-subscription-node-limitationuk/install/interfaces/share/interfaces/srv/SetFloat64List.idl
-- Symlinking: /home/intel/repo/d021rs-yolov5-ros2-subscription-node-limitationuk/install/interfaces/share/interfaces/srv/SetFloat64.idl
-- Symlinking: /home/intel/repo/d021rs-yolov5-ros2-subscription-node-limitationuk/install/interfaces/share/interfaces/srv/SetInt64.idl
-- Symlinking: /home/intel/repo/d021rs-yolov5-ros2-subscription-node-limitationuk/install/interfaces/share/interfaces/srv/SetLineROI.idl
-- Symlinking: /home/intel/repo/d021rs-yolov5-ros2-subscription-node-limitationuk/install/interfaces/share/interfaces/srv/SetPoint.idl
-- Symlinking: /home/intel/repo/d021rs-yolov5-ros2-subscription-node-limitationuk/install/interfaces/share/interfaces/srv/SetPose2D.idl
-- Symlinking: /home/intel/repo/d021rs-yolov5-ros2-subscription-node-limitationuk/install/interfaces/share/interfaces/srv/SetPose.idl
-- Symlinking: /home/intel/repo/d021rs-yolov5-ros2-subscription-node-limitationuk/install/interfaces/share/interfaces/srv/SetStringList.idl
-- Symlinking: /home/intel/repo/d021rs-yolov5-ros2-subscription-node-limitationuk/install/interfaces/share/interfaces/srv/SetString.idl
-- Symlinking: /home/intel/repo/d021rs-yolov5-ros2-subscription-node-limitationuk/install/interfaces/share/interfaces/msg/ColorDetect.msg
-- Symlinking: /home/intel/repo/d021rs-yolov5-ros2-subscription-node-limitationuk/install/interfaces/share/interfaces/msg/ColorInfo.msg
-- Symlinking: /home/intel/repo/d021rs-yolov5-ros2-subscription-node-limitationuk/install/interfaces/share/interfaces/msg/ColorsInfo.msg
-- Symlinking: /home/intel/repo/d021rs-yolov5-ros2-subscription-node-limitationuk/install/interfaces/share/interfaces/msg/LineROI.msg
-- Symlinking: /home/intel/repo/d021rs-yolov5-ros2-subscription-node-limitationuk/install/interfaces/share/interfaces/msg/ObjectInfo.msg
-- Symlinking: /home/intel/repo/d021rs-yolov5-ros2-subscription-node-limitationuk/install/interfaces/share/interfaces/msg/ObjectsInfo.msg
-- Symlinking: /home/intel/repo/d021rs-yolov5-ros2-subscription-node-limitationuk/install/interfaces/share/interfaces/msg/PixelPosition.msg
-- Symlinking: /home/intel/repo/d021rs-yolov5-ros2-subscription-node-limitationuk/install/interfaces/share/interfaces/msg/Point2D.msg
-- Symlinking: /home/intel/repo/d021rs-yolov5-ros2-subscription-node-limitationuk/install/interfaces/share/interfaces/msg/Points.msg
-- Symlinking: /home/intel/repo/d021rs-yolov5-ros2-subscription-node-limitationuk/install/interfaces/share/interfaces/msg/Pose2D.msg
-- Symlinking: /home/intel/repo/d021rs-yolov5-ros2-subscription-node-limitationuk/install/interfaces/share/interfaces/msg/ROI.msg
-- Symlinking: /home/intel/repo/d021rs-yolov5-ros2-subscription-node-limitationuk/install/interfaces/share/interfaces/srv/GetPose.srv
-- Symlinking: /home/intel/repo/d021rs-yolov5-ros2-subscription-node-limitationuk/install/interfaces/share/interfaces/srv/SetCircleROI.srv
-- Symlinking: /home/intel/repo/d021rs-yolov5-ros2-subscription-node-limitationuk/install/interfaces/share/interfaces/srv/SetColorDetectParam.srv
-- Symlinking: /home/intel/repo/d021rs-yolov5-ros2-subscription-node-limitationuk/install/interfaces/share/interfaces/srv/SetColorRGBA.srv
-- Symlinking: /home/intel/repo/d021rs-yolov5-ros2-subscription-node-limitationuk/install/interfaces/share/interfaces/srv/SetFloat64List.srv
-- Symlinking: /home/intel/repo/d021rs-yolov5-ros2-subscription-node-limitationuk/install/interfaces/share/interfaces/srv/SetFloat64.srv
-- Symlinking: /home/intel/repo/d021rs-yolov5-ros2-subscription-node-limitationuk/install/interfaces/share/interfaces/srv/SetInt64.srv
-- Symlinking: /home/intel/repo/d021rs-yolov5-ros2-subscription-node-limitationuk/install/interfaces/share/interfaces/srv/SetLineROI.srv
-- Symlinking: /home/intel/repo/d021rs-yolov5-ros2-subscription-node-limitationuk/install/interfaces/share/interfaces/srv/SetPoint.srv
-- Symlinking: /home/intel/repo/d021rs-yolov5-ros2-subscription-node-limitationuk/install/interfaces/share/interfaces/srv/SetPose2D.srv
-- Symlinking: /home/intel/repo/d021rs-yolov5-ros2-subscription-node-limitationuk/install/interfaces/share/interfaces/srv/SetPose.srv
-- Symlinking: /home/intel/repo/d021rs-yolov5-ros2-subscription-node-limitationuk/install/interfaces/share/interfaces/srv/SetStringList.srv
-- Symlinking: /home/intel/repo/d021rs-yolov5-ros2-subscription-node-limitationuk/install/interfaces/share/interfaces/srv/SetString.srv
-- Symlinking: /home/intel/repo/d021rs-yolov5-ros2-subscription-node-limitationuk/install/interfaces/share/interfaces/mapping_rules.yaml
-- Symlinking: /home/intel/repo/d021rs-yolov5-ros2-subscription-node-limitationuk/install/interfaces/share/ament_index/resource_index/package_run_dependencies/interfaces
-- Symlinking: /home/intel/repo/d021rs-yolov5-ros2-subscription-node-limitationuk/install/interfaces/share/ament_index/resource_index/parent_prefix_path/interfaces
-- Symlinking: /home/intel/repo/d021rs-yolov5-ros2-subscription-node-limitationuk/install/interfaces/share/interfaces/environment/ament_prefix_path.sh
-- Symlinking: /home/intel/repo/d021rs-yolov5-ros2-subscription-node-limitationuk/install/interfaces/share/interfaces/environment/ament_prefix_path.dsv
-- Symlinking: /home/intel/repo/d021rs-yolov5-ros2-subscription-node-limitationuk/install/interfaces/share/interfaces/environment/path.sh
-- Symlinking: /home/intel/repo/d021rs-yolov5-ros2-subscription-node-limitationuk/install/interfaces/share/interfaces/environment/path.dsv
-- Symlinking: /home/intel/repo/d021rs-yolov5-ros2-subscription-node-limitationuk/install/interfaces/share/interfaces/local_setup.bash
-- Symlinking: /home/intel/repo/d021rs-yolov5-ros2-subscription-node-limitationuk/install/interfaces/share/interfaces/local_setup.sh
-- Symlinking: /home/intel/repo/d021rs-yolov5-ros2-subscription-node-limitationuk/install/interfaces/share/interfaces/local_setup.zsh
-- Symlinking: /home/intel/repo/d021rs-yolov5-ros2-subscription-node-limitationuk/install/interfaces/share/interfaces/local_setup.dsv
-- Symlinking: /home/intel/repo/d021rs-yolov5-ros2-subscription-node-limitationuk/install/interfaces/share/interfaces/package.dsv
-- Symlinking: /home/intel/repo/d021rs-yolov5-ros2-subscription-node-limitationuk/install/interfaces/share/ament_index/resource_index/packages/interfaces
-- Symlinking: /home/intel/repo/d021rs-yolov5-ros2-subscription-node-limitationuk/install/interfaces/share/interfaces/cmake/rosidl_cmake-extras.cmake
-- Symlinking: /home/intel/repo/d021rs-yolov5-ros2-subscription-node-limitationuk/install/interfaces/share/interfaces/cmake/ament_cmake_export_dependencies-extras.cmake
-- Symlinking: /home/intel/repo/d021rs-yolov5-ros2-subscription-node-limitationuk/install/interfaces/share/interfaces/cmake/ament_cmake_export_include_directories-extras.cmake
-- Symlinking: /home/intel/repo/d021rs-yolov5-ros2-subscription-node-limitationuk/install/interfaces/share/interfaces/cmake/ament_cmake_export_libraries-extras.cmake
-- Symlinking: /home/intel/repo/d021rs-yolov5-ros2-subscription-node-limitationuk/install/interfaces/share/interfaces/cmake/ament_cmake_export_targets-extras.cmake
-- Symlinking: /home/intel/repo/d021rs-yolov5-ros2-subscription-node-limitationuk/install/interfaces/share/interfaces/cmake/rosidl_cmake_export_typesupport_targets-extras.cmake
-- Symlinking: /home/intel/repo/d021rs-yolov5-ros2-subscription-node-limitationuk/install/interfaces/share/interfaces/cmake/rosidl_cmake_export_typesupport_libraries-extras.cmake
-- Symlinking: /home/intel/repo/d021rs-yolov5-ros2-subscription-node-limitationuk/install/interfaces/share/interfaces/cmake/interfacesConfig.cmake
-- Symlinking: /home/intel/repo/d021rs-yolov5-ros2-subscription-node-limitationuk/install/interfaces/share/interfaces/cmake/interfacesConfig-version.cmake
-- Symlinking: /home/intel/repo/d021rs-yolov5-ros2-subscription-node-limitationuk/install/interfaces/share/interfaces/package.xml
-- Installing: /home/intel/repo/d021rs-yolov5-ros2-subscription-node-limitationuk/install/interfaces/lib/libinterfaces__rosidl_generator_c.so
-- Set non-toolchain portion of runtime path of "/home/intel/repo/d021rs-yolov5-ros2-subscription-node-limitationuk/install/interfaces/lib/libinterfaces__rosidl_generator_c.so" to ""
-- Installing: /home/intel/repo/d021rs-yolov5-ros2-subscription-node-limitationuk/install/interfaces/lib/libinterfaces__rosidl_typesupport_fastrtps_c.so
-- Set non-toolchain portion of runtime path of "/home/intel/repo/d021rs-yolov5-ros2-subscription-node-limitationuk/install/interfaces/lib/libinterfaces__rosidl_typesupport_fastrtps_c.so" to ""
-- Installing: /home/intel/repo/d021rs-yolov5-ros2-subscription-node-limitationuk/install/interfaces/lib/libinterfaces__rosidl_typesupport_fastrtps_cpp.so
-- Set non-toolchain portion of runtime path of "/home/intel/repo/d021rs-yolov5-ros2-subscription-node-limitationuk/install/interfaces/lib/libinterfaces__rosidl_typesupport_fastrtps_cpp.so" to ""
-- Installing: /home/intel/repo/d021rs-yolov5-ros2-subscription-node-limitationuk/install/interfaces/lib/libinterfaces__rosidl_typesupport_introspection_c.so
-- Set non-toolchain portion of runtime path of "/home/intel/repo/d021rs-yolov5-ros2-subscription-node-limitationuk/install/interfaces/lib/libinterfaces__rosidl_typesupport_introspection_c.so" to ""
-- Installing: /home/intel/repo/d021rs-yolov5-ros2-subscription-node-limitationuk/install/interfaces/lib/libinterfaces__rosidl_typesupport_c.so
-- Set non-toolchain portion of runtime path of "/home/intel/repo/d021rs-yolov5-ros2-subscription-node-limitationuk/install/interfaces/lib/libinterfaces__rosidl_typesupport_c.so" to ""
-- Installing: /home/intel/repo/d021rs-yolov5-ros2-subscription-node-limitationuk/install/interfaces/lib/libinterfaces__rosidl_typesupport_introspection_cpp.so
-- Set non-toolchain portion of runtime path of "/home/intel/repo/d021rs-yolov5-ros2-subscription-node-limitationuk/install/interfaces/lib/libinterfaces__rosidl_typesupport_introspection_cpp.so" to ""
-- Installing: /home/intel/repo/d021rs-yolov5-ros2-subscription-node-limitationuk/install/interfaces/lib/libinterfaces__rosidl_typesupport_cpp.so
-- Set non-toolchain portion of runtime path of "/home/intel/repo/d021rs-yolov5-ros2-subscription-node-limitationuk/install/interfaces/lib/libinterfaces__rosidl_typesupport_cpp.so" to ""
Listing '/home/intel/repo/d021rs-yolov5-ros2-subscription-node-limitationuk/install/interfaces/lib/python3.12/site-packages/interfaces'...
Compiling '/home/intel/repo/d021rs-yolov5-ros2-subscription-node-limitationuk/install/interfaces/lib/python3.12/site-packages/interfaces/__init__.py'...
Listing '/home/intel/repo/d021rs-yolov5-ros2-subscription-node-limitationuk/install/interfaces/lib/python3.12/site-packages/interfaces/msg'...
Compiling '/home/intel/repo/d021rs-yolov5-ros2-subscription-node-limitationuk/install/interfaces/lib/python3.12/site-packages/interfaces/msg/__init__.py'...
Compiling '/home/intel/repo/d021rs-yolov5-ros2-subscription-node-limitationuk/install/interfaces/lib/python3.12/site-packages/interfaces/msg/_color_detect.py'...
Compiling '/home/intel/repo/d021rs-yolov5-ros2-subscription-node-limitationuk/install/interfaces/lib/python3.12/site-packages/interfaces/msg/_color_info.py'...
Compiling '/home/intel/repo/d021rs-yolov5-ros2-subscription-node-limitationuk/install/interfaces/lib/python3.12/site-packages/interfaces/msg/_colors_info.py'...
Compiling '/home/intel/repo/d021rs-yolov5-ros2-subscription-node-limitationuk/install/interfaces/lib/python3.12/site-packages/interfaces/msg/_line_roi.py'...
Compiling '/home/intel/repo/d021rs-yolov5-ros2-subscription-node-limitationuk/install/interfaces/lib/python3.12/site-packages/interfaces/msg/_object_info.py'...
Compiling '/home/intel/repo/d021rs-yolov5-ros2-subscription-node-limitationuk/install/interfaces/lib/python3.12/site-packages/interfaces/msg/_objects_info.py'...
Compiling '/home/intel/repo/d021rs-yolov5-ros2-subscription-node-limitationuk/install/interfaces/lib/python3.12/site-packages/interfaces/msg/_pixel_position.py'...
Compiling '/home/intel/repo/d021rs-yolov5-ros2-subscription-node-limitationuk/install/interfaces/lib/python3.12/site-packages/interfaces/msg/_point2_d.py'...
Compiling '/home/intel/repo/d021rs-yolov5-ros2-subscription-node-limitationuk/install/interfaces/lib/python3.12/site-packages/interfaces/msg/_points.py'...
Compiling '/home/intel/repo/d021rs-yolov5-ros2-subscription-node-limitationuk/install/interfaces/lib/python3.12/site-packages/interfaces/msg/_pose2_d.py'...
Compiling '/home/intel/repo/d021rs-yolov5-ros2-subscription-node-limitationuk/install/interfaces/lib/python3.12/site-packages/interfaces/msg/_roi.py'...
Listing '/home/intel/repo/d021rs-yolov5-ros2-subscription-node-limitationuk/install/interfaces/lib/python3.12/site-packages/interfaces/srv'...
Compiling '/home/intel/repo/d021rs-yolov5-ros2-subscription-node-limitationuk/install/interfaces/lib/python3.12/site-packages/interfaces/srv/__init__.py'...
Compiling '/home/intel/repo/d021rs-yolov5-ros2-subscription-node-limitationuk/install/interfaces/lib/python3.12/site-packages/interfaces/srv/_get_pose.py'...
Compiling '/home/intel/repo/d021rs-yolov5-ros2-subscription-node-limitationuk/install/interfaces/lib/python3.12/site-packages/interfaces/srv/_set_circle_roi.py'...
Compiling '/home/intel/repo/d021rs-yolov5-ros2-subscription-node-limitationuk/install/interfaces/lib/python3.12/site-packages/interfaces/srv/_set_color_detect_param.py'...
Compiling '/home/intel/repo/d021rs-yolov5-ros2-subscription-node-limitationuk/install/interfaces/lib/python3.12/site-packages/interfaces/srv/_set_color_rgba.py'...
Compiling '/home/intel/repo/d021rs-yolov5-ros2-subscription-node-limitationuk/install/interfaces/lib/python3.12/site-packages/interfaces/srv/_set_float64.py'...
Compiling '/home/intel/repo/d021rs-yolov5-ros2-subscription-node-limitationuk/install/interfaces/lib/python3.12/site-packages/interfaces/srv/_set_float64_list.py'...
Compiling '/home/intel/repo/d021rs-yolov5-ros2-subscription-node-limitationuk/install/interfaces/lib/python3.12/site-packages/interfaces/srv/_set_int64.py'...
Compiling '/home/intel/repo/d021rs-yolov5-ros2-subscription-node-limitationuk/install/interfaces/lib/python3.12/site-packages/interfaces/srv/_set_line_roi.py'...
Compiling '/home/intel/repo/d021rs-yolov5-ros2-subscription-node-limitationuk/install/interfaces/lib/python3.12/site-packages/interfaces/srv/_set_point.py'...
Compiling '/home/intel/repo/d021rs-yolov5-ros2-subscription-node-limitationuk/install/interfaces/lib/python3.12/site-packages/interfaces/srv/_set_pose.py'...
Compiling '/home/intel/repo/d021rs-yolov5-ros2-subscription-node-limitationuk/install/interfaces/lib/python3.12/site-packages/interfaces/srv/_set_pose2_d.py'...
Compiling '/home/intel/repo/d021rs-yolov5-ros2-subscription-node-limitationuk/install/interfaces/lib/python3.12/site-packages/interfaces/srv/_set_string.py'...
Compiling '/home/intel/repo/d021rs-yolov5-ros2-subscription-node-limitationuk/install/interfaces/lib/python3.12/site-packages/interfaces/srv/_set_string_list.py'...
-- Installing: /home/intel/repo/d021rs-yolov5-ros2-subscription-node-limitationuk/install/interfaces/lib/libinterfaces__rosidl_generator_py.so
-- Set non-toolchain portion of runtime path of "/home/intel/repo/d021rs-yolov5-ros2-subscription-node-limitationuk/install/interfaces/lib/libinterfaces__rosidl_generator_py.so" to ""
-- Installing: /home/intel/repo/d021rs-yolov5-ros2-subscription-node-limitationuk/install/interfaces/share/interfaces/cmake/export_interfaces__rosidl_generator_cExport.cmake
-- Installing: /home/intel/repo/d021rs-yolov5-ros2-subscription-node-limitationuk/install/interfaces/share/interfaces/cmake/export_interfaces__rosidl_generator_cExport-noconfig.cmake
-- Installing: /home/intel/repo/d021rs-yolov5-ros2-subscription-node-limitationuk/install/interfaces/share/interfaces/cmake/export_interfaces__rosidl_typesupport_fastrtps_cExport.cmake
-- Installing: /home/intel/repo/d021rs-yolov5-ros2-subscription-node-limitationuk/install/interfaces/share/interfaces/cmake/export_interfaces__rosidl_typesupport_fastrtps_cExport-noconfig.cmake
-- Installing: /home/intel/repo/d021rs-yolov5-ros2-subscription-node-limitationuk/install/interfaces/share/interfaces/cmake/export_interfaces__rosidl_generator_cppExport.cmake
-- Installing: /home/intel/repo/d021rs-yolov5-ros2-subscription-node-limitationuk/install/interfaces/share/interfaces/cmake/export_interfaces__rosidl_typesupport_fastrtps_cppExport.cmake
-- Installing: /home/intel/repo/d021rs-yolov5-ros2-subscription-node-limitationuk/install/interfaces/share/interfaces/cmake/export_interfaces__rosidl_typesupport_fastrtps_cppExport-noconfig.cmake
-- Installing: /home/intel/repo/d021rs-yolov5-ros2-subscription-node-limitationuk/install/interfaces/share/interfaces/cmake/interfaces__rosidl_typesupport_introspection_cExport.cmake
-- Installing: /home/intel/repo/d021rs-yolov5-ros2-subscription-node-limitationuk/install/interfaces/share/interfaces/cmake/interfaces__rosidl_typesupport_introspection_cExport-noconfig.cmake
-- Installing: /home/intel/repo/d021rs-yolov5-ros2-subscription-node-limitationuk/install/interfaces/share/interfaces/cmake/interfaces__rosidl_typesupport_cExport.cmake
-- Installing: /home/intel/repo/d021rs-yolov5-ros2-subscription-node-limitationuk/install/interfaces/share/interfaces/cmake/interfaces__rosidl_typesupport_cExport-noconfig.cmake
-- Installing: /home/intel/repo/d021rs-yolov5-ros2-subscription-node-limitationuk/install/interfaces/share/interfaces/cmake/interfaces__rosidl_typesupport_introspection_cppExport.cmake
-- Installing: /home/intel/repo/d021rs-yolov5-ros2-subscription-node-limitationuk/install/interfaces/share/interfaces/cmake/interfaces__rosidl_typesupport_introspection_cppExport-noconfig.cmake
-- Installing: /home/intel/repo/d021rs-yolov5-ros2-subscription-node-limitationuk/install/interfaces/share/interfaces/cmake/interfaces__rosidl_typesupport_cppExport.cmake
-- Installing: /home/intel/repo/d021rs-yolov5-ros2-subscription-node-limitationuk/install/interfaces/share/interfaces/cmake/interfaces__rosidl_typesupport_cppExport-noconfig.cmake
-- Installing: /home/intel/repo/d021rs-yolov5-ros2-subscription-node-limitationuk/install/interfaces/share/interfaces/cmake/export_interfaces__rosidl_generator_pyExport.cmake
-- Installing: /home/intel/repo/d021rs-yolov5-ros2-subscription-node-limitationuk/install/interfaces/share/interfaces/cmake/export_interfaces__rosidl_generator_pyExport-noconfig.cmake
